annotator,applies_to,created_at,id,image,label,lead_time,updated_at
1,,2026-04-25T17:26:00.325704Z,2663,/data/local-files/?d=alloy_elsevier_contents/img1000.jpg,"[{""x"":0,""y"":3.205300466903828e-15,""width"":99.99999999999999,""height"":55.41327124563442,""rotation"":0,""rectanglelabels"":[""A""],""original_width"":2754,""original_height"":2643},{""x"":47.594024838089744,""y"":56.81024447031435,""width"":44.46566280415822,""height"":43.18975552968565,""rotation"":0,""rectanglelabels"":[""C""],""original_width"":2754,""original_height"":2643},{""x"":0.7820564521242459,""y"":56.81024447031433,""width"":44.46566280415822,""height"":43.18975552968565,""rotation"":0,""rectanglelabels"":[""B""],""original_width"":2754,""original_height"":2643}]",136.527,2026-04-25T17:26:00.325725Z
1,,2026-04-25T17:26:20.593366Z,2664,/data/local-files/?d=alloy_elsevier_contents/img101.jpg,"[{""x"":1.2333965844402277,""y"":1.4210495362985738,""width"":97.53320683111954,""height"":98.47873286549117,""rotation"":0,""rectanglelabels"":[""single""],""original_width"":2368,""original_height"":1581}]",16.094,2026-04-25T17:26:20.593387Z
1,,2026-04-25T17:23:40.030340Z,2665,/data/local-files/?d=alloy_elsevier_contents/img1016.jpg,"[{""x"":0,""y"":0,""width"":32.92753947177055,""height"":31.279673137335028,""rotation"":0,""rectanglelabels"":[""A""],""original_width"":3159,""original_height"":2530},{""x"":33.402025908730934,""y"":0,""width"":32.83263110638148,""height"":30.92422096391429,""rotation"":0,""rectanglelabels"":[""B""],""original_width"":3159,""original_height"":2530},{""x"":66.99366483618435,""y"":0,""width"":33.00633516381558,""height"":31.042635632124277,""rotation"":0,""rectanglelabels"":[""C""],""original_width"":3159,""original_height"":2530},{""x"":67.45235616904796,""y"":32.227487183431776,""width"":32.54764383095205,""height"":31.51679003715444,""rotation"":0,""rectanglelabels"":[""F""],""original_width"":3159,""original_height"":2530},{""x"":0,""y"":32.34597156398099,""width"":33.02210565014139,""height"":31.516790037154447,""rotation"":0,""rectanglelabels"":[""D""],""original_width"":3159,""original_height"":2530},{""x"":33.49700443476771,""y"":31.872034041784147,""width"":32.54764383095205,""height"":31.51679003715444,""rotation"":0,""rectanglelabels"":[""E""],""original_width"":3159,""original_height"":2530},{""x"":66.13997144055185,""y"":64.81041008042652,""width"":32.35807635510625,""height"":35.18958991957347,""rotation"":0,""rectanglelabels"":[""I""],""original_width"":3159,""original_height"":2530},{""x"":0.1897785732329644,""y"":65.28434760262334,""width"":32.35807635510624,""height"":34.715652397376644,""rotation"":0,""rectanglelabels"":[""G""],""original_width"":3159,""original_height"":2530},{""x"":32.92764409729773,""y"":64.81041008042652,""width"":32.35807635510625,""height"":35.18958991957347,""rotation"":0,""rectanglelabels"":[""H""],""original_width"":3159,""original_height"":2530}]",253.742,2026-04-25T17:23:40.030362Z
1,,2026-04-25T17:27:12.749250Z,2666,/data/local-files/?d=alloy_elsevier_contents/img1018.jpg,"[{""x"":0.11803471222164993,""y"":2.5849197313740548e-17,""width"":99.88196528777831,""height"":49.24330616996508,""rotation"":0,""rectanglelabels"":[""A""],""original_width"":2371,""original_height"":2404},{""x"":0,""y"":50.40744398091343,""width"":99.99999999999991,""height"":49.592556019086544,""rotation"":0,""rectanglelabels"":[""B""],""original_width"":2371,""original_height"":2404}]",47.733,2026-04-25T17:27:12.749272Z
1,,2026-04-25T17:30:22.159132Z,2667,/data/local-files/?d=alloy_elsevier_contents/img1019.jpg,"[{""x"":0,""y"":2.222513380807033e-15,""width"":33.14553990610325,""height"":48.25917530499455,""rotation"":0,""rectanglelabels"":[""A""],""original_width"":3158,""original_height"":1659},{""x"":33.42723004694833,""y"":0,""width"":31.549295774647828,""height"":48.97412605025371,""rotation"":0,""rectanglelabels"":[""B""],""original_width"":3158,""original_height"":1659},{""x"":66.85446009389653,""y"":0,""width"":33.145539906103316,""height"":48.25917530499444,""rotation"":0,""rectanglelabels"":[""C""],""original_width"":3158,""original_height"":1659},{""x"":0,""y"":50.404027540771814,""width"":33.14553990610325,""height"":47.365486873420515,""rotation"":0,""rectanglelabels"":[""D""],""original_width"":3158,""original_height"":1659},{""x"":33.333333333333265,""y"":51.118978286031044,""width"":31.737089201877943,""height"":48.881021713968856,""rotation"":0,""rectanglelabels"":[""E""],""original_width"":3158,""original_height"":1659},{""x"":66.85446009389678,""y"":49.86781448182763,""width"":33.14553990610315,""height"":48.616650677624165,""rotation"":0,""rectanglelabels"":[""F""],""original_width"":3158,""original_height"":1659}]",219.16199999999998,2026-04-30T10:36:05.658965Z
1,,2026-04-30T10:37:50.582729Z,2668,/data/local-files/?d=alloy_elsevier_contents/img102.jpg,"[{""x"":0,""y"":0,""width"":99.99999999999996,""height"":100.00000000000003,""rotation"":0,""rectanglelabels"":[""single""],""original_width"":3548,""original_height"":956}]",258.437,2026-04-30T10:37:50.582751Z
1,,2026-04-25T17:32:37.453391Z,2669,/data/local-files/?d=alloy_elsevier_contents/img1023.jpg,"[{""x"":0.20100873541445483,""y"":0.5361930294906166,""width"":32.83142678436095,""height"":48.92761394101876,""rotation"":0,""rectanglelabels"":[""A""],""original_width"":3159,""original_height"":1579},{""x"":33.19287195975386,""y"":0.8580990632676857,""width"":32.83142678436094,""height"":48.65951742627346,""rotation"":0,""rectanglelabels"":[""B""],""original_width"":3159,""original_height"":1579},{""x"":66.76056338028164,""y"":0,""width"":33.23943661971834,""height"":50.15672247544798,""rotation"":0,""rectanglelabels"":[""C""],""original_width"":3159,""original_height"":1579},{""x"":0,""y"":50.15626345108151,""width"":33.05164319248828,""height"":49.843736548918486,""rotation"":0,""rectanglelabels"":[""D""],""original_width"":3159,""original_height"":1579},{""x"":33.4272300469483,""y"":50.15653691240626,""width"":33.14553990610328,""height"":49.84346308759375,""rotation"":0,""rectanglelabels"":[""E""],""original_width"":3159,""original_height"":1579},{""x"":66.94835680751171,""y"":50.34411146101009,""width"":33.05164319248825,""height"":49.65588853898974,""rotation"":0,""rectanglelabels"":[""F""],""original_width"":3159,""original_height"":1579}]",181.52700000000002,2026-04-25T17:33:00.996002Z
1,,2026-04-30T10:39:13.340024Z,2670,/data/local-files/?d=alloy_elsevier_contents/img1024.jpg,"[{""x"":4.145956190630565e-14,""y"":51.50970269685906,""width"":99.99999999999996,""height"":48.49029730314091,""rotation"":0,""rectanglelabels"":[""B""],""original_width"":1722,""original_height"":1280},{""x"":2.1572454975638716e-14,""y"":0,""width"":99.99999999999996,""height"":49.894335982965714,""rotation"":0,""rectanglelabels"":[""A""],""original_width"":1722,""original_height"":1280}]",78.064,2026-04-30T10:39:13.340064Z
1,,2026-04-30T10:45:42.159302Z,2671,/data/local-files/?d=alloy_elsevier_contents/img1026.jpg,"[{""x"":67.22608056625594,""y"":0,""width"":32.57528917395947,""height"":29.336548013745812,""rotation"":0,""rectanglelabels"":[""C""],""original_width"":2764,""original_height"":2358},{""x"":0.29794538967687273,""y"":0,""width"":32.77391943374407,""height"":29.336548013745823,""rotation"":0,""rectanglelabels"":[""A""],""original_width"":2764,""original_height"":2358},{""x"":33.568513903594344,""y"":0,""width"":32.87323456363633,""height"":29.336548013745816,""rotation"":0,""rectanglelabels"":[""B""],""original_width"":2764,""original_height"":2358},{""x"":0,""y"":29.802245947722376,""width"":99.99999999999979,""height"":19.790556834107864,""rotation"":0,""rectanglelabels"":[""unlabel""],""original_width"":2764,""original_height"":2358},{""x"":66.92808106973868,""y"":50.407365465494955,""width"":33.071918930261326,""height"":28.870983742922085,""rotation"":0,""rectanglelabels"":[""F""],""original_width"":2764,""original_height"":2358},{""x"":8.881784197001252e-16,""y"":50.87302694588436,""width"":33.071918930261326,""height"":28.870983742922085,""rotation"":0,""rectanglelabels"":[""D""],""original_width"":2764,""original_height"":2358},{""x"":33.46919877370204,""y"":50.75661157578701,""width"":33.071918930261326,""height"":28.870983742922085,""rotation"":0,""rectanglelabels"":[""E""],""original_width"":2764,""original_height"":2358},{""x"":0,""y"":79.86026155040778,""width"":99.99999999999996,""height"":20.13973844959221,""rotation"":0,""rectanglelabels"":[""unlabel""],""original_width"":2764,""original_height"":2358}]",385.648,2026-04-30T10:45:42.159322Z
1,,2026-05-01T13:05:10.343099Z,2672,/data/local-files/?d=alloy_elsevier_contents/img1027.jpg,"[{""x"":50.512947003865996,""y"":2.3092638912203256e-14,""width"":49.487052996134004,""height"":99.99999999999996,""rotation"":0,""rectanglelabels"":[""B""],""original_width"":2765,""original_height"":1123},{""x"":0,""y"":0,""width"":49.487052996134004,""height"":99.99999999999997,""rotation"":0,""rectanglelabels"":[""A""],""original_width"":2765,""original_height"":1123}]",32.394,2026-05-01T13:05:10.343122Z
1,,2026-05-01T13:06:08.797039Z,2673,/data/local-files/?d=alloy_elsevier_contents/img1028.jpg,"[{""x"":52.089552238806,""y"":50.08779812987662,""width"":47.910447761194,""height"":49.91220187012338,""rotation"":0,""rectanglelabels"":[""D""],""original_width"":3059,""original_height"":2296},{""x"":2.6367796834847468e-15,""y"":50.08779812987662,""width"":47.910447761194,""height"":49.91220187012338,""rotation"":0,""rectanglelabels"":[""C""],""original_width"":3059,""original_height"":2296},{""x"":52.089552238806,""y"":-1.7763568394002505e-15,""width"":47.910447761194,""height"":49.91220187012338,""rotation"":0,""rectanglelabels"":[""B""],""original_width"":3059,""original_height"":2296},{""x"":0,""y"":0,""width"":47.910447761194,""height"":49.91220187012338,""rotation"":0,""rectanglelabels"":[""A""],""original_width"":3059,""original_height"":2296}]",56.704,2026-05-01T13:06:08.797060Z
1,,2026-05-01T13:08:22.506018Z,2675,/data/local-files/?d=alloy_elsevier_contents/img1030.jpg,"[{""x"":3.552713678800502e-15,""y"":8.881784197001252e-16,""width"":45.82089552238799,""height"":86.46304237273269,""rotation"":0,""rectanglelabels"":[""A""],""original_width"":2765,""original_height"":1661},{""x"":47.462686567164205,""y"":0,""width"":52.53731343283579,""height"":89.19632597876677,""rotation"":0,""rectanglelabels"":[""B""],""original_width"":2765,""original_height"":1661},{""x"":33.134328358208954,""y"":83.72988433644376,""width"":25.22643131996269,""height"":16.270115663556133,""rotation"":0,""rectanglelabels"":[""COMMON_ALL""],""original_width"":2765,""original_height"":1661}]",124.517,2026-05-01T13:08:22.506040Z
1,,2026-05-01T13:11:27.675987Z,2676,/data/local-files/?d=alloy_elsevier_contents/img1031.jpg,"[{""x"":1.3131963920260745,""y"":-8.881784197001252e-16,""width"":48.96346547411507,""height"":30.688652326762906,""rotation"":0,""rectanglelabels"":[""A""],""original_width"":2765,""original_height"":3465},{""x"":0.009474721443173843,""y"":69.16155064311317,""width"":48.588266504964764,""height"":30.83844935688682,""rotation"":0,""rectanglelabels"":[""E""],""original_width"":2765,""original_height"":3465},{""x"":51.411733495035236,""y"":0.5985915320534457,""width"":48.588266504964764,""height"":30.83844935688682,""rotation"":0,""rectanglelabels"":[""B""],""original_width"":2765,""original_height"":3465},{""x"":50.65186083529144,""y"":35.47898084299737,""width"":48.588266504964764,""height"":30.83844935688682,""rotation"":0,""rectanglelabels"":[""D""],""original_width"":2765,""original_height"":3465},{""x"":51.41173349503523,""y"":69.16155064311317,""width"":48.588266504964764,""height"":30.83844935688682,""rotation"":0,""rectanglelabels"":[""F""],""original_width"":2765,""original_height"":3465},{""x"":0,""y"":35.17957835964164,""width"":48.588266504964764,""height"":30.83844935688682,""rotation"":0,""rectanglelabels"":[""C""],""original_width"":2765,""original_height"":3465}]",182.265,2026-05-01T13:11:27.676007Z
1,,2026-05-02T07:14:23.244625Z,2686,/data/local-files/?d=alloy_elsevier_contents/img1054.jpg,"[{""x"":0.9615384615384616,""y"":1.9346692733789501,""width"":48.15705128205131,""height"":96.53999674160961,""rotation"":0,""rectanglelabels"":[""A""],""original_width"":2470,""original_height"":1023},{""x"":51.04166666666671,""y"":1.354268491365259,""width"":48.157051282051256,""height"":97.12039752362315,""rotation"":0,""rectanglelabels"":[""B""],""original_width"":2470,""original_height"":1023}]",65.975,2026-05-02T07:14:23.244651Z
1,,2026-05-02T07:15:57.972273Z,2687,/data/local-files/?d=alloy_elsevier_contents/img1055.jpg,"[{""x"":37.3272063928901,""y"":49.55752212389384,""width"":31.429184603537262,""height"":50.26548672566376,""rotation"":0,""rectanglelabels"":[""C""],""original_width"":3505,""original_height"":1600},{""x"":1.4543067425801322,""y"":0.7079646017699115,""width"":34.49938772676202,""height"":98.76106194690266,""rotation"":0,""rectanglelabels"":[""A""],""original_width"":3505,""original_height"":1600},{""x"":69.70194286291401,""y"":49.55752212389394,""width"":30.298057137085987,""height"":50.44247787610606,""rotation"":0,""rectanglelabels"":[""E""],""original_width"":3505,""original_height"":1600},{""x"":37.811975307083486,""y"":0.884955752212396,""width"":31.10600532740832,""height"":47.6106194690265,""rotation"":0,""rectanglelabels"":[""B""],""original_width"":3505,""original_height"":1600},{""x"":69.70194286291397,""y"":2.2007960842126996e-15,""width"":30.298057137085994,""height"":48.31858407079634,""rotation"":0,""rectanglelabels"":[""D""],""original_width"":3505,""original_height"":1600}]",90.117,2026-05-02T07:15:57.972306Z
1,,2026-05-01T13:12:15.065439Z,2691,/data/local-files/?d=alloy_elsevier_contents/img1060.jpg,"[{""x"":66.57824933687002,""y"":-3.552713678800501e-15,""width"":33.20954907161804,""height"":100,""rotation"":0,""rectanglelabels"":[""C""],""original_width"":3506,""original_height"":926},{""x"":0,""y"":0,""width"":33.20954907161804,""height"":100,""rotation"":0,""rectanglelabels"":[""A""],""original_width"":3506,""original_height"":926},{""x"":33.36870026525198,""y"":1.7763568394002505e-15,""width"":33.20954907161804,""height"":100,""rotation"":0,""rectanglelabels"":[""B""],""original_width"":3506,""original_height"":926}]",45.493,2026-05-01T13:12:15.065459Z
1,,2026-05-01T17:42:21.998457Z,2692,/data/local-files/?d=alloy_elsevier_contents/img1061.jpg,"[{""x"":66.9231875872505,""y"":0,""width"":33.076812412749476,""height"":40.186915887850496,""rotation"":0,""rectanglelabels"":[""C""],""original_width"":3508,""original_height"":2182},{""x"":33.54186425686543,""y"":0,""width"":33.018680932235036,""height"":40.28037383177569,""rotation"":0,""rectanglelabels"":[""B""],""original_width"":3508,""original_height"":2182},{""x"":75.46851522288173,""y"":40.56074766355132,""width"":24.531484777118237,""height"":29.439252336448597,""rotation"":0,""rectanglelabels"":[""G""],""original_width"":3508,""original_height"":2182},{""x"":0,""y"":0,""width"":33.30933833480749,""height"":40.186915887850496,""rotation"":0,""rectanglelabels"":[""A""],""original_width"":3508,""original_height"":2182},{""x"":1.4456715419494786e-15,""y"":40.84112149532706,""width"":25.05466810174874,""height"":29.43925233644866,""rotation"":0,""rectanglelabels"":[""D""],""original_width"":3508,""original_height"":2182},{""x"":25.635982906893716,""y"":40.7476635514018,""width"":23.65951256940079,""height"":29.439252336448618,""rotation"":0,""rectanglelabels"":[""E""],""original_width"":3508,""original_height"":2182},{""x"":50.748782489156966,""y"":70.56074766355138,""width"":23.892038491458788,""height"":29.43925233644859,""rotation"":0,""rectanglelabels"":[""I""],""original_width"":3508,""original_height"":2182},{""x"":49.353626956809,""y"":40.74766355140178,""width"":25.694114387408224,""height"":29.439252336448597,""rotation"":0,""rectanglelabels"":[""F""],""original_width"":3508,""original_height"":2182},{""x"":24.822142179690747,""y"":70.56074766355141,""width"":25.694114387408224,""height"":29.439252336448597,""rotation"":0,""rectanglelabels"":[""H""],""original_width"":3508,""original_height"":2182}]",160.463,2026-05-01T17:42:21.998479Z
1,,2026-05-01T17:45:25.775605Z,2693,/data/local-files/?d=alloy_elsevier_contents/img1062.jpg,"[{""x"":50.154754247228496,""y"":63.364485981308384,""width"":49.845245752771504,""height"":36.63551401869162,""rotation"":0,""rectanglelabels"":[""E""],""original_width"":2470,""original_height"":2640},{""x"":0,""y"":0,""width"":49.84524575277158,""height"":35.23364485981308,""rotation"":0,""rectanglelabels"":[""A""],""original_width"":2470,""original_height"":2640},{""x"":50.154754247228425,""y"":3.1127748353976354e-15,""width"":49.44568466457302,""height"":35.23364485981309,""rotation"":0,""rectanglelabels"":[""B""],""original_width"":2470,""original_height"":2640},{""x"":0.499451360248213,""y"":35.700934579439206,""width"":99.39082068939418,""height"":27.009345794392527,""rotation"":0,""rectanglelabels"":[""C""],""original_width"":2470,""original_height"":2640},{""x"":0,""y"":63.364485981308384,""width"":49.845245752771504,""height"":36.63551401869162,""rotation"":0,""rectanglelabels"":[""D""],""original_width"":2470,""original_height"":2640}]",178.178,2026-05-01T17:45:25.775626Z
1,,2026-05-01T17:47:07.266744Z,2694,/data/local-files/?d=alloy_elsevier_contents/img1063.jpg,"[{""x"":0,""y"":49.34579439252321,""width"":99.99999999999999,""height"":24.29906542056074,""rotation"":0,""rectanglelabels"":[""E""],""original_width"":2666,""original_height"":4055},{""x"":0,""y"":0,""width"":50.17895829097463,""height"":24.299065420560755,""rotation"":0,""rectanglelabels"":[""A""],""original_width"":2666,""original_height"":4055},{""x"":49.39459163856383,""y"":0.6542056074766356,""width"":50.17895829097463,""height"":24.29906542056076,""rotation"":0,""rectanglelabels"":[""B""],""original_width"":2666,""original_height"":4055},{""x"":49.82104170902537,""y"":24.672897196261676,""width"":50.17895829097463,""height"":24.29906542056076,""rotation"":0,""rectanglelabels"":[""D""],""original_width"":2666,""original_height"":4055},{""x"":50.3896418029741,""y"":74.39252336448595,""width"":49.61035819702591,""height"":25.42056074766355,""rotation"":0,""rectanglelabels"":[""G""],""original_width"":2666,""original_height"":4055},{""x"":1.7763568394002505e-15,""y"":24.672897196261676,""width"":50.17895829097463,""height"":24.29906542056076,""rotation"":0,""rectanglelabels"":[""C""],""original_width"":2666,""original_height"":4055},{""x"":0,""y"":74.01869158878503,""width"":50.17895829097462,""height"":25.420560747663558,""rotation"":0,""rectanglelabels"":[""F""],""original_width"":2666,""original_height"":4055}]",95.202,2026-05-01T17:47:07.266764Z
1,,2026-05-01T17:53:04.718389Z,2695,/data/local-files/?d=alloy_elsevier_contents/img1064.jpg,"[{""x"":50.18101328086571,""y"":0.09345794392523497,""width"":49.1687161829808,""height"":24.112149532710227,""rotation"":0,""rectanglelabels"":[""B""],""original_width"":2470,""original_height"":3822},{""x"":0,""y"":0.18691588785043012,""width"":49.60255779636004,""height"":24.018691588785003,""rotation"":0,""rectanglelabels"":[""A""],""original_width"":2470,""original_height"":3822},{""x"":50.47024102311855,""y"":24.766355140186906,""width"":49.52975897688144,""height"":23.925233644859794,""rotation"":0,""rectanglelabels"":[""D""],""original_width"":2470,""original_height"":3822},{""x"":-3.330669073875469e-15,""y"":24.299065420560726,""width"":49.891785538612886,""height"":23.925233644859798,""rotation"":0,""rectanglelabels"":[""C""],""original_width"":2470,""original_height"":3822},{""x"":50.470241023118525,""y"":48.971962616822324,""width"":49.457943925233636,""height"":25.233644859813165,""rotation"":0,""rectanglelabels"":[""F""],""original_width"":2470,""original_height"":3822},{""x"":49.89178553861289,""y"":74.57943925233633,""width"":49.747171667486505,""height"":25.23364485981321,""rotation"":0,""rectanglelabels"":[""H""],""original_width"":2470,""original_height"":3822},{""x"":0,""y"":48.97196261682247,""width"":49.89178553861284,""height"":25.514018691588703,""rotation"":0,""rectanglelabels"":[""E""],""original_width"":2470,""original_height"":3822},{""x"":8.22034684952167e-15,""y"":74.7663551401868,""width"":49.747171667486505,""height"":25.23364485981321,""rotation"":0,""rectanglelabels"":[""G""],""original_width"":2470,""original_height"":3822}]",333.725,2026-05-01T17:53:04.718410Z
1,,2026-05-01T17:54:28.840275Z,2696,/data/local-files/?d=alloy_elsevier_contents/img1065.jpg,"[{""x"":34.48321192447645,""y"":2.710280373831776,""width"":55.78731131380975,""height"":45.51401869158878,""rotation"":0,""rectanglelabels"":[""A""],""original_width"":2666,""original_height"":1825},{""x"":1.4074780377337253,""y"":51.775700934579326,""width"":55.01959602050038,""height"":44.018691588785,""rotation"":0,""rectanglelabels"":[""B""],""original_width"":2666,""original_height"":1825},{""x"":46.57472779409801,""y"":51.96261682242999,""width"":52.4605450428028,""height"":46.54205607476636,""rotation"":0,""rectanglelabels"":[""C""],""original_width"":2666,""original_height"":1825},{""x"":56.17116896046441,""y"":71.86915887850466,""width"":0.25590509776976944,""height"":0.46728971962618004,""rotation"":0,""rectanglelabels"":[""A""],""original_width"":2666,""original_height"":1825}]",80.304,2026-05-01T17:54:28.840298Z
1,,2026-05-01T17:57:12.889382Z,2697,/data/local-files/?d=alloy_elsevier_contents/img1066.jpg,"[{""x"":-1.5543122344752194e-15,""y"":1.1102230246251565e-15,""width"":49.149002631462665,""height"":37.850467289719624,""rotation"":0,""rectanglelabels"":[""A""],""original_width"":2962,""original_height"":3631},{""x"":50.85099736853703,""y"":2.6562345262059823e-15,""width"":49.149002631462494,""height"":37.75700934579439,""rotation"":0,""rectanglelabels"":[""B""],""original_width"":2962,""original_height"":3631},{""x"":49.95096770936534,""y"":38.037383177570064,""width"":48.46160399326033,""height"":33.83177570093455,""rotation"":0,""rectanglelabels"":[""D""],""original_width"":2962,""original_height"":3631},{""x"":-1.1102230246251567e-15,""y"":38.691588785046704,""width"":47.43050603595696,""height"":32.71028037383174,""rotation"":0,""rectanglelabels"":[""C""],""original_width"":2962,""original_height"":3631},{""x"":-1.1102230246251567e-15,""y"":38.691588785046704,""width"":47.43050603595696,""height"":32.71028037383174,""rotation"":0,""rectanglelabels"":[""A""],""original_width"":2962,""original_height"":3631},{""x"":50.27816517003543,""y"":72.14953271028041,""width"":49.72183482996458,""height"":27.85046728971958,""rotation"":0,""rectanglelabels"":[""F""],""original_width"":2962,""original_height"":3631},{""x"":0,""y"":72.14953271028041,""width"":49.72183482996458,""height"":27.85046728971958,""rotation"":0,""rectanglelabels"":[""E""],""original_width"":2962,""original_height"":3631}]",159.598,2026-05-01T17:57:12.889405Z
1,,2026-05-01T18:02:17.493572Z,2698,/data/local-files/?d=alloy_elsevier_contents/img1067.jpg,"[{""x"":2.5513123656502423e-15,""y"":-2.9490127297981753e-31,""width"":49.73054326768349,""height"":51.775700934579426,""rotation"":0,""rectanglelabels"":[""A""],""original_width"":2962,""original_height"":2845},{""x"":-1.2212453270876722e-15,""y"":30.373831775700932,""width"":20.73602074879931,""height"":21.682242990654157,""rotation"":0,""rectanglelabels"":[""C""],""original_width"":2962,""original_height"":2845},{""x"":28.994522518884036,""y"":0,""width"":20.73602074879931,""height"":21.682242990654157,""rotation"":0,""rectanglelabels"":[""D""],""original_width"":2962,""original_height"":2845},{""x"":50.26945673231648,""y"":-1.9984014443252818e-15,""width"":49.73054326768353,""height"":51.775700934579405,""rotation"":0,""rectanglelabels"":[""B""],""original_width"":2962,""original_height"":2845},{""x"":0,""y"":51.962616822429695,""width"":99.99999999999986,""height"":16.822429906542055,""rotation"":0,""rectanglelabels"":[""E""],""original_width"":2962,""original_height"":2845},{""x"":0,""y"":69.34579439252332,""width"":40.59120944739282,""height"":30.654205607476616,""rotation"":0,""rectanglelabels"":[""F""],""original_width"":2962,""original_height"":2845},{""x"":40.843677232483735,""y"":69.25233644859826,""width"":59.1563227675162,""height"":30.71651102226472,""rotation"":0,""rectanglelabels"":[""G""],""original_width"":2962,""original_height"":2845}]",298.542,2026-05-01T18:02:17.493595Z
1,,2026-05-01T18:05:05.028973Z,2699,/data/local-files/?d=alloy_elsevier_contents/img1068.jpg,"[{""x"":74.88976483164086,""y"":1.3158850342009639e-15,""width"":25.05678781400319,""height"":32.90073501034721,""rotation"":0,""rectanglelabels"":[""D""],""original_width"":3508,""original_height"":1835},{""x"":37.039016568679855,""y"":33.615968380137325,""width"":34.784206306787816,""height"":66.17967922849405,""rotation"":0,""rectanglelabels"":[""F""],""original_width"":3508,""original_height"":1835},{""x"":25.023383217530732,""y"":2.220446049250313e-16,""width"":24.575761624799586,""height"":32.900735010347226,""rotation"":0,""rectanglelabels"":[""B""],""original_width"":3508,""original_height"":1835},{""x"":49.82295563869589,""y"":0.613057174105849,""width"":24.575761624799586,""height"":32.900735010347226,""rotation"":0,""rectanglelabels"":[""C""],""original_width"":3508,""original_height"":1835},{""x"":0.010021378941742386,""y"":0,""width"":24.575761624799586,""height"":32.900735010347226,""rotation"":0,""rectanglelabels"":[""A""],""original_width"":3508,""original_height"":1835},{""x"":0,""y"":34.126849358558864,""width"":36.494521646178505,""height"":65.8731506414411,""rotation"":0,""rectanglelabels"":[""E""],""original_width"":3508,""original_height"":1835},{""x"":72.26082308925712,""y"":67.23193676027479,""width"":27.73917691074288,""height"":32.76806323972509,""rotation"":0,""rectanglelabels"":[""H""],""original_width"":3508,""original_height"":1835},{""x"":72.26082308925687,""y"":33.92249696719034,""width"":27.57883484767533,""height"":32.90073501034722,""rotation"":0,""rectanglelabels"":[""G""],""original_width"":3508,""original_height"":1835}]",163.76,2026-05-01T18:05:05.028993Z
1,,2026-05-01T19:03:51.556225Z,2701,/data/local-files/?d=alloy_elsevier_contents/img1070.jpg,"[{""x"":17.55343975633007,""y"":71.30841121495315,""width"":61.75280209486031,""height"":28.69158878504685,""rotation"":0,""rectanglelabels"":[""G""],""original_width"":2559,""original_height"":4497},{""x"":50.7291472647391,""y"":0.46728971962616817,""width"":49.270852735260895,""height"":19.439252336448583,""rotation"":0,""rectanglelabels"":[""B""],""original_width"":2559,""original_height"":4497},{""x"":1.7763568394002505e-15,""y"":0.09345794392523367,""width"":49.270852735260895,""height"":19.439252336448583,""rotation"":0,""rectanglelabels"":[""A""],""original_width"":2559,""original_height"":4497},{""x"":8.752261623936329e-16,""y"":19.813084112149525,""width"":49.270852735260895,""height"":24.11214953271027,""rotation"":0,""rectanglelabels"":[""C""],""original_width"":2559,""original_height"":4497},{""x"":50.72914726473912,""y"":20.5607476635514,""width"":49.27085273526089,""height"":23.36448598130839,""rotation"":0,""rectanglelabels"":[""D""],""original_width"":2559,""original_height"":4497},{""x"":50.72914726473912,""y"":20,""width"":49.27085273526089,""height"":23.36448598130839,""rotation"":0,""rectanglelabels"":[""A""],""original_width"":2559,""original_height"":4497},{""x"":3.3306690738754696e-15,""y"":44.01869158878496,""width"":49.270852735260895,""height"":27.102803738317828,""rotation"":0,""rectanglelabels"":[""E""],""original_width"":2559,""original_height"":4497},{""x"":50.729147264739105,""y"":44.01869158878496,""width"":49.270852735260895,""height"":27.102803738317828,""rotation"":0,""rectanglelabels"":[""F""],""original_width"":2559,""original_height"":4497}]",3469.339,2026-05-01T19:03:51.556246Z
1,,2026-05-01T19:05:33.344184Z,2702,/data/local-files/?d=alloy_elsevier_contents/img1072.jpg,"[{""x"":66.59540352752539,""y"":0.11001463766667943,""width"":33.190807055050776,""height"":47.30629419667217,""rotation"":0,""rectanglelabels"":[""C""],""original_width"":2962,""original_height"":1439},{""x"":66.59540352752539,""y"":48.07639666033892,""width"":32.60288615713522,""height"":49.176543037005665,""rotation"":0,""rectanglelabels"":[""F""],""original_width"":2962,""original_height"":1439},{""x"":33.137359700694816,""y"":0,""width"":33.190807055050776,""height"":47.30629419667217,""rotation"":0,""rectanglelabels"":[""B""],""original_width"":2962,""original_height"":1439},{""x"":0.16034206306787815,""y"":0.22002927533335886,""width"":33.08391234633885,""height"":47.30629419667215,""rotation"":0,""rectanglelabels"":[""A""],""original_width"":2962,""original_height"":1439},{""x"":2.729570236919145e-15,""y"":48.1864112980056,""width"":33.08391234633885,""height"":49.17654303700568,""rotation"":0,""rectanglelabels"":[""D""],""original_width"":2962,""original_height"":1439},{""x"":33.458043826830576,""y"":48.29642593567228,""width"":32.60288615713522,""height"":49.176543037005665,""rotation"":0,""rectanglelabels"":[""E""],""original_width"":2962,""original_height"":1439}]",97.616,2026-05-01T19:05:33.344206Z
1,,2026-04-25T13:31:12.168186Z,2714,/data/local-files/?d=alloy_elsevier_contents/img1096.jpg,"[{""x"":0,""y"":0.22173460638555048,""width"":49.31926974324969,""height"":99.77826539361439,""rotation"":0,""rectanglelabels"":[""A""],""original_width"":2568,""original_height"":1088},{""x"":49.78897707413764,""y"":0,""width"":50.21102292586236,""height"":99.99999999999999,""rotation"":0,""rectanglelabels"":[""B""],""original_width"":2568,""original_height"":1088}]",83.99,2026-04-25T13:31:12.168206Z
1,,2026-04-25T13:33:54.332532Z,2716,/data/local-files/?d=alloy_elsevier_contents/img1100.jpg,"[{""x"":48.576526422659725,""y"":50.939392153367656,""width"":51.423473577340275,""height"":48.93150098797194,""rotation"":0,""rectanglelabels"":[""D""],""original_width"":2561,""original_height"":1882},{""x"":0.37950910275190286,""y"":51.06849901202807,""width"":48.197646203949084,""height"":48.93150098797194,""rotation"":0,""rectanglelabels"":[""C""],""original_width"":2561,""original_height"":1882},{""x"":2.6645352591003757e-15,""y"":0.5164274346416506,""width"":48.197646203949084,""height"":48.93150098797194,""rotation"":0,""rectanglelabels"":[""A""],""original_width"":2561,""original_height"":1882},{""x"":48.387410600867774,""y"":0,""width"":51.518350853028274,""height"":48.93150098797193,""rotation"":0,""rectanglelabels"":[""B""],""original_width"":2561,""original_height"":1882}]",156.536,2026-04-25T13:33:54.332551Z
1,,2026-05-02T06:41:52.900722Z,2722,/data/local-files/?d=alloy_elsevier_contents/img1107.jpg,"[{""x"":62.600969305331176,""y"":-8.881784197001252e-16,""width"":31.01777059773828,""height"":48.93830688351707,""rotation"":0,""rectanglelabels"":[""C""],""original_width"":2863,""original_height"":1739},{""x"":62.92407108239095,""y"":49.8691985905405,""width"":31.01777059773828,""height"":50.130801409459494,""rotation"":0,""rectanglelabels"":[""F""],""original_width"":2863,""original_height"":1739},{""x"":31.340872374798064,""y"":-2.6645352591003757e-15,""width"":31.01777059773828,""height"":48.93830688351707,""rotation"":0,""rectanglelabels"":[""B""],""original_width"":2863,""original_height"":1739},{""x"":0,""y"":1.358310877206311e-15,""width"":31.01777059773828,""height"":48.93830688351707,""rotation"":0,""rectanglelabels"":[""A""],""original_width"":2863,""original_height"":1739},{""x"":4.440892098500626e-16,""y"":50.534121238414365,""width"":31.01777059773828,""height"":48.93830688351707,""rotation"":0,""rectanglelabels"":[""D""],""original_width"":2863,""original_height"":1739},{""x"":31.421647819062997,""y"":50.00218312011524,""width"":28.99838449111471,""height"":49.99781687988475,""rotation"":0,""rectanglelabels"":[""E""],""original_width"":2863,""original_height"":1739}]",63.185,2026-05-02T06:41:52.900749Z
1,,2026-04-25T13:29:40.729738Z,2726,/data/local-files/?d=alloy_elsevier_contents/img1111.jpg,"[{""x"":66.69814330628022,""y"":3.108624468950438e-15,""width"":33.301856693719785,""height"":54.67083027741876,""rotation"":0,""rectanglelabels"":[""C""],""original_width"":2765,""original_height"":1833},{""x"":66.69814330628023,""y"":55.100694710401775,""width"":33.30185669371978,""height"":37.06723170760201,""rotation"":0,""rectanglelabels"":[""F""],""original_width"":2765,""original_height"":1833},{""x"":33.49167831785555,""y"":3.1086244689504387e-15,""width"":33.301856693719785,""height"":54.67083027741876,""rotation"":0,""rectanglelabels"":[""B""],""original_width"":2765,""original_height"":1833},{""x"":0,""y"":0,""width"":33.301856693719785,""height"":54.67083027741876,""rotation"":0,""rectanglelabels"":[""A""],""original_width"":2765,""original_height"":1833},{""x"":0.18975455137595199,""y"":55.10069471040179,""width"":33.30185669371978,""height"":37.06723170760201,""rotation"":0,""rectanglelabels"":[""D""],""original_width"":2765,""original_height"":1833},{""x"":33.49167831785555,""y"":54.95757602284229,""width"":33.30185669371978,""height"":37.06723170760201,""rotation"":0,""rectanglelabels"":[""E""],""original_width"":2765,""original_height"":1833},{""x"":0.9487616806441995,""y"":92.31061722722377,""width"":98.57685501764799,""height"":6.440302812403993,""rotation"":0,""rectanglelabels"":[""COMMON_ALL""],""original_width"":2765,""original_height"":1833}]",182.558,2026-04-25T13:29:40.729757Z
1,,2026-05-01T19:07:27.808654Z,2734,/data/local-files/?d=alloy_elsevier_contents/img1121.jpg,"[{""x"":51.897381079636574,""y"":0,""width"":48.10261892036342,""height"":50.426051200740254,""rotation"":0,""rectanglelabels"":[""B""],""original_width"":2371,""original_height"":1347},{""x"":51.89738107963655,""y"":50.985125605250595,""width"":48.10261892036342,""height"":49.01487439474943,""rotation"":0,""rectanglelabels"":[""D""],""original_width"":2371,""original_height"":1347},{""x"":0.32068412613575614,""y"":0.3763138149308973,""width"":48.10261892036343,""height"":50.99052192313659,""rotation"":0,""rectanglelabels"":[""A""],""original_width"":2371,""original_height"":1347},{""x"":0,""y"":52.01998859631058,""width"":48.10261892036343,""height"":47.9800114036894,""rotation"":0,""rectanglelabels"":[""C""],""original_width"":2371,""original_height"":1347}]",71.796,2026-05-01T19:07:44.930560Z
1,,2026-05-01T19:10:05.517857Z,2736,/data/local-files/?d=alloy_elsevier_contents/img1125.jpg,"[{""x"":50.62392050159708,""y"":0.7476635514018692,""width"":49.30194408296855,""height"":48.13084112149527,""rotation"":0,""rectanglelabels"":[""B""],""original_width"":2370,""original_height"":1972},{""x"":50.31286722662565,""y"":50.186915887850446,""width"":49.14641744548287,""height"":48.13084112149528,""rotation"":0,""rectanglelabels"":[""D""],""original_width"":2370,""original_height"":1972},{""x"":0.5443432311999684,""y"":0.4672897196261681,""width"":48.6020742142829,""height"":48.13084112149531,""rotation"":0,""rectanglelabels"":[""A""],""original_width"":2370,""original_height"":1972},{""x"":8.633462693957997e-16,""y"":50.280373831775684,""width"":49.14641744548287,""height"":48.13084112149528,""rotation"":0,""rectanglelabels"":[""C""],""original_width"":2370,""original_height"":1972}]",77.078,2026-05-01T19:10:05.517878Z
1,,2026-05-01T19:11:22.662099Z,2738,/data/local-files/?d=alloy_elsevier_contents/img1129.jpg,"[{""x"":24.81591617105636,""y"":51.49532710280372,""width"":49.11852166525063,""height"":48.50467289719624,""rotation"":0,""rectanglelabels"":[""C""],""original_width"":1716,""original_height"":2405},{""x"":0,""y"":0.09345794392523366,""width"":49.642452563013286,""height"":47.943925233644826,""rotation"":0,""rectanglelabels"":[""A""],""original_width"":1716,""original_height"":2405},{""x"":50.357547436986714,""y"":0.46728971962616817,""width"":49.642452563013286,""height"":47.943925233644826,""rotation"":0,""rectanglelabels"":[""B""],""original_width"":1716,""original_height"":2405}]",67.066,2026-05-01T19:11:22.662124Z
1,,2026-05-02T05:50:33.502456Z,2741,/data/local-files/?d=alloy_elsevier_contents/img1133.jpg,"[{""x"":24.944289921020747,""y"":52.897196261682325,""width"":50.06128925151992,""height"":47.102803738317675,""rotation"":0,""rectanglelabels"":[""C""],""original_width"":1717,""original_height"":1331},{""x"":7.206795888369579e-15,""y"":0.09345794392523366,""width"":50.06128925151992,""height"":47.102803738317675,""rotation"":0,""rectanglelabels"":[""A""],""original_width"":1717,""original_height"":1331},{""x"":49.93871074848008,""y"":0.18691588785046734,""width"":50.06128925151992,""height"":47.102803738317675,""rotation"":0,""rectanglelabels"":[""B""],""original_width"":1717,""original_height"":1331}]",51.428,2026-05-02T05:50:33.502475Z
1,,2026-04-30T10:46:32.856969Z,2744,/data/local-files/?d=alloy_elsevier_contents/img1137.jpg,"[{""x"":24.84034672136428,""y"":52.85540704738763,""width"":50.10632719336543,""height"":47.14459295261237,""rotation"":0,""rectanglelabels"":[""C""],""original_width"":1717,""original_height"":1341},{""x"":0,""y"":0,""width"":50.10632719336543,""height"":47.14459295261237,""rotation"":0,""rectanglelabels"":[""A""],""original_width"":1717,""original_height"":1341},{""x"":49.89367280663458,""y"":2.6645352591003757e-15,""width"":50.10632719336543,""height"":47.14459295261237,""rotation"":0,""rectanglelabels"":[""B""],""original_width"":1717,""original_height"":1341}]",46.674,2026-04-30T10:46:32.856991Z
1,,2026-04-30T10:48:18.863418Z,2746,/data/local-files/?d=alloy_elsevier_contents/img114.jpg,"[{""x"":0,""y"":0,""width"":99.99999999999997,""height"":99.99999999999983,""rotation"":0,""rectanglelabels"":[""single""],""original_width"":2500,""original_height"":1611}]",97.645,2026-04-30T10:48:18.863440Z
1,,2026-04-30T10:50:52.527212Z,2748,/data/local-files/?d=alloy_elsevier_contents/img1149.jpg,"[{""x"":0,""y"":49.85401815338905,""width"":50.664416605011965,""height"":50.14598184661093,""rotation"":0,""rectanglelabels"":[""C""],""original_width"":2760,""original_height"":2094},{""x"":0,""y"":0.25010518810498616,""width"":50.66441660501197,""height"":49.39566791376174,""rotation"":0,""rectanglelabels"":[""A""],""original_width"":2760,""original_height"":2094},{""x"":53.32042897388302,""y"":3.55420103466827e-15,""width"":46.67957102611697,""height"":50.14598184661098,""rotation"":0,""rectanglelabels"":[""B""],""original_width"":2760,""original_height"":2094},{""x"":53.320428973883025,""y"":49.85401815338902,""width"":46.67957102611697,""height"":50.14598184661098,""rotation"":0,""rectanglelabels"":[""D""],""original_width"":2760,""original_height"":2094}]",149.723,2026-04-30T10:50:52.527232Z
1,,2026-04-30T10:52:33.898517Z,2755,/data/local-files/?d=alloy_elsevier_contents/img117.jpg,"[{""x"":1.1102230246251565e-15,""y"":1.887379141862766e-14,""width"":32.40453921405064,""height"":99.99999999999999,""rotation"":0,""rectanglelabels"":[""A""],""original_width"":3250,""original_height"":1050},{""x"":66.68157423971377,""y"":1.5987211554602254e-14,""width"":32.40453921405064,""height"":99.99999999999999,""rotation"":0,""rectanglelabels"":[""C""],""original_width"":3250,""original_height"":1050},{""x"":32.871198568872984,""y"":1.1879386363489175e-14,""width"":32.40453921405064,""height"":99.99999999999999,""rotation"":0,""rectanglelabels"":[""B""],""original_width"":3250,""original_height"":1050}]",96.275,2026-04-30T10:52:33.898538Z
1,,2026-04-30T10:56:17.167823Z,2756,/data/local-files/?d=alloy_elsevier_contents/img1170.jpg,"[{""x"":49.95305164319251,""y"":1.3148323989435007,""width"":25.07042253521129,""height"":32.54216795136082,""rotation"":0,""rectanglelabels"":[""C""],""original_width"":3590,""original_height"":2051},{""x"":0.46948356807511704,""y"":0.9861215072001976,""width"":24.60093896713615,""height"":33.36394518071909,""rotation"":0,""rectanglelabels"":[""A""],""original_width"":3590,""original_height"":2051},{""x"":75.39906103286386,""y"":1.643543290686806,""width"":24.60093896713615,""height"":33.36394518071909,""rotation"":0,""rectanglelabels"":[""D""],""original_width"":3590,""original_height"":2051},{""x"":0.8450704225352111,""y"":33.528499789787325,""width"":24.60093896713615,""height"":33.36394518071909,""rotation"":0,""rectanglelabels"":[""E""],""original_width"":3590,""original_height"":2051},{""x"":50.70422535211267,""y"":66.6360548192809,""width"":24.60093896713615,""height"":33.36394518071909,""rotation"":0,""rectanglelabels"":[""K""],""original_width"":3590,""original_height"":2051},{""x"":75.30516431924883,""y"":34.84334335676054,""width"":24.60093896713615,""height"":33.36394518071909,""rotation"":0,""rectanglelabels"":[""H""],""original_width"":3590,""original_height"":2051},{""x"":25.446009389671364,""y"":1.8079099045881737,""width"":24.600938967136145,""height"":31.5560352761309,""rotation"":0,""rectanglelabels"":[""B""],""original_width"":3590,""original_height"":2051},{""x"":25.44600938967136,""y"":34.18592157327393,""width"":24.60093896713615,""height"":33.36394518071909,""rotation"":0,""rectanglelabels"":[""F""],""original_width"":3590,""original_height"":2051},{""x"":50.23474178403756,""y"":33.857210681530624,""width"":24.60093896713615,""height"":33.36394518071909,""rotation"":0,""rectanglelabels"":[""G""],""original_width"":3590,""original_height"":2051},{""x"":1.2206572769953052,""y"":66.6360548192809,""width"":24.60093896713615,""height"":33.36394518071909,""rotation"":0,""rectanglelabels"":[""I""],""original_width"":3590,""original_height"":2051},{""x"":25.727699530516436,""y"":66.6360548192809,""width"":24.60093896713615,""height"":33.36394518071909,""rotation"":0,""rectanglelabels"":[""J""],""original_width"":3590,""original_height"":2051},{""x"":75.58685446009392,""y"":69.02849061330755,""width"":23.098591549295815,""height"":30.24107444484571,""rotation"":0,""rectanglelabels"":[""COMMON_ALL""],""original_width"":3590,""original_height"":2051}]",221.412,2026-04-30T10:56:17.167844Z
1,,2026-04-30T10:59:42.566064Z,2757,/data/local-files/?d=alloy_elsevier_contents/img1172.jpg,"[{""x"":34.22704316899477,""y"":0,""width"":32.843911094664804,""height"":25.02910360884752,""rotation"":0,""rectanglelabels"":[""B""],""original_width"":3574,""original_height"":3538},{""x"":67.15608890533518,""y"":6.720791301572543e-16,""width"":32.84391109466477,""height"":25.029103608847542,""rotation"":0,""rectanglelabels"":[""C""],""original_width"":3574,""original_height"":3538},{""x"":0,""y"":0,""width"":34.11157936018314,""height"":25.029103608847503,""rotation"":0,""rectanglelabels"":[""A""],""original_width"":3574,""original_height"":3538},{""x"":0,""y"":25.960419091967402,""width"":33.996334548301185,""height"":22.689496041454447,""rotation"":0,""rectanglelabels"":[""D""],""original_width"":3574,""original_height"":3538},{""x"":34.45730482667148,""y"":25.72759022118743,""width"":32.498193849904204,""height"":24.097788125727586,""rotation"":0,""rectanglelabels"":[""E""],""original_width"":3574,""original_height"":3538},{""x"":67.07073750901928,""y"":25.261932479627475,""width"":32.92926249098069,""height"":22.933643771827704,""rotation"":0,""rectanglelabels"":[""F""],""original_width"":3574,""original_height"":3538},{""x"":66.81027897928001,""y"":50.17462726132918,""width"":33.18972102071986,""height"":38.88232794951984,""rotation"":0,""rectanglelabels"":[""I""],""original_width"":3574,""original_height"":3538},{""x"":0,""y"":49.59255041084234,""width"":33.18972102071992,""height"":50.40744958915765,""rotation"":0,""rectanglelabels"":[""G""],""original_width"":3574,""original_height"":3538},{""x"":33.53558775143935,""y"":50.1746272613291,""width"":33.18972102071991,""height"":49.82537273867086,""rotation"":0,""rectanglelabels"":[""H""],""original_width"":3574,""original_height"":3538}]",201.041,2026-04-30T10:59:42.566084Z
1,,2026-05-01T19:12:25.338647Z,2770,/data/local-files/?d=alloy_elsevier_contents/img1209.jpg,"[{""x"":66.58348259057416,""y"":0,""width"":33.41651740942586,""height"":99.23664122137404,""rotation"":0,""rectanglelabels"":[""C""],""original_width"":2489,""original_height"":519},{""x"":0.22217988155517823,""y"":0,""width"":32.67370705915185,""height"":99.23664122137409,""rotation"":0,""rectanglelabels"":[""A""],""original_width"":2489,""original_height"":519},{""x"":33.11806682226224,""y"":0.7633587786259088,""width"":33.20428588077613,""height"":99.23664122137404,""rotation"":0,""rectanglelabels"":[""B""],""original_width"":2489,""original_height"":519}]",48.992,2026-05-01T19:12:25.338671Z
1,,2026-05-01T19:14:07.199726Z,2772,/data/local-files/?d=alloy_elsevier_contents/img1212.jpg,"[{""x"":30.251202565473,""y"":0.879072976304067,""width"":69.74879743452699,""height"":53.23275245396823,""rotation"":0,""rectanglelabels"":[""B""],""original_width"":2765,""original_height"":1513},{""x"":69.85569214323894,""y"":54.092855681899024,""width"":29.82362373062531,""height"":45.80946954295608,""rotation"":0,""rectanglelabels"":[""E""],""original_width"":2765,""original_height"":1513},{""x"":0,""y"":0.2930243254346882,""width"":29.930518439337234,""height"":53.23275245396827,""rotation"":0,""rectanglelabels"":[""A""],""original_width"":2765,""original_height"":1513},{""x"":0,""y"":54.19053045704377,""width"":37.573490112239426,""height"":45.80946954295613,""rotation"":0,""rectanglelabels"":[""C""],""original_width"":2765,""original_height"":1513},{""x"":37.84072688401923,""y"":54.190530457043884,""width"":31.85462319615177,""height"":45.809469542956094,""rotation"":0,""rectanglelabels"":[""D""],""original_width"":2765,""original_height"":1513}]",97.699,2026-05-01T19:14:07.199753Z
1,,2026-05-02T06:43:37.164558Z,2776,/data/local-files/?d=alloy_elsevier_contents/img1236.jpg,"[{""x"":64.26282051282051,""y"":0,""width"":35.41666666666665,""height"":99.99999999999993,""rotation"":0,""rectanglelabels"":[""D""],""original_width"":3572,""original_height"":935},{""x"":0,""y"":0,""width"":29.807692307692307,""height"":99.99999999999997,""rotation"":0,""rectanglelabels"":[""A""],""original_width"":3572,""original_height"":935},{""x"":30.128205128205103,""y"":7.599189647518963e-14,""width"":16.10576923076915,""height"":99.99999999999993,""rotation"":0,""rectanglelabels"":[""B""],""original_width"":3572,""original_height"":935},{""x"":46.79487179487177,""y"":0,""width"":17.147435897435823,""height"":99.99999999999993,""rotation"":0,""rectanglelabels"":[""C""],""original_width"":3572,""original_height"":935}]",60.294,2026-05-02T06:43:37.164580Z
1,,2026-05-02T06:44:37.479297Z,2777,/data/local-files/?d=alloy_elsevier_contents/img1237.jpg,"[{""x"":50.42724900396266,""y"":0,""width"":49.572750996037335,""height"":99.99999999999999,""rotation"":0,""rectanglelabels"":[""B""],""original_width"":2470,""original_height"":1639},{""x"":0,""y"":0,""width"":49.1951696216669,""height"":99.99999999999999,""rotation"":0,""rectanglelabels"":[""A""],""original_width"":2470,""original_height"":1639}]",43.212,2026-05-02T06:44:37.479321Z
1,,2026-05-02T07:17:12.038287Z,2778,/data/local-files/?d=alloy_elsevier_contents/img1238.jpg,"[{""x"":0.6843789122270261,""y"":51.32625994694963,""width"":45.93790321420177,""height"":48.67374005305037,""rotation"":0,""rectanglelabels"":[""C""],""original_width"":2765,""original_height"":2462},{""x"":2.125661331248411,""y"":24.801061007957557,""width"":19.957598054498973,""height"":4.244031830238729,""rotation"":0,""rectanglelabels"":[""A""],""original_width"":2765,""original_height"":2462},{""x"":0,""y"":0,""width"":45.93790321420177,""height"":49.73474801061005,""rotation"":0,""rectanglelabels"":[""A""],""original_width"":2765,""original_height"":2462},{""x"":54.06209678579826,""y"":0.1326259946949602,""width"":45.93790321420174,""height"":48.93899204244029,""rotation"":0,""rectanglelabels"":[""B""],""original_width"":2765,""original_height"":2462},{""x"":54.06209678579823,""y"":50.53050397877985,""width"":45.93790321420177,""height"":49.469496021220145,""rotation"":0,""rectanglelabels"":[""D""],""original_width"":2765,""original_height"":2462}]",54.17,2026-05-02T07:17:12.038353Z
1,,2026-05-02T07:18:18.881648Z,2782,/data/local-files/?d=alloy_elsevier_contents/img1242.jpg,"[{""x"":66.87263679348109,""y"":0.7915567282321897,""width"":33.127363206518865,""height"":99.2084432717678,""rotation"":0,""rectanglelabels"":[""C""],""original_width"":3159,""original_height"":960},{""x"":0.32073207095194856,""y"":0,""width"":36.00217496435615,""height"":99.99999999999999,""rotation"":0,""rectanglelabels"":[""A""],""original_width"":3159,""original_height"":960},{""x"":37.12473721268797,""y"":9.37391471979024e-16,""width"":28.384788279247363,""height"":96.30606860158309,""rotation"":0,""rectanglelabels"":[""B""],""original_width"":3159,""original_height"":960}]",57.403,2026-05-02T07:18:18.881669Z
1,,2026-05-02T07:18:56.151938Z,2783,/data/local-files/?d=alloy_elsevier_contents/img1243.jpg,"[{""x"":0,""y"":0,""width"":32.8819229623519,""height"":99.99999999999999,""rotation"":0,""rectanglelabels"":[""A""],""original_width"":3159,""original_height"":945},{""x"":33.12252239866181,""y"":1.0547118733938987e-15,""width"":32.8819229623519,""height"":99.99999999999999,""rotation"":0,""rectanglelabels"":[""B""],""original_width"":3159,""original_height"":945},{""x"":66.48564423363351,""y"":1.6085790884718498,""width"":33.51435576636649,""height"":98.39142091152814,""rotation"":0,""rectanglelabels"":[""C""],""original_width"":3159,""original_height"":945}]",33.608,2026-05-02T07:18:56.151959Z
1,,2026-05-02T07:19:45.145787Z,2784,/data/local-files/?d=alloy_elsevier_contents/img1244.jpg,"[{""x"":0,""y"":-2.9448886594831735e-17,""width"":49.99036685731853,""height"":49.20424403183019,""rotation"":0,""rectanglelabels"":[""A""],""original_width"":2726,""original_height"":2384},{""x"":51.38221001807919,""y"":0,""width"":48.61778998192079,""height"":50.2652519893899,""rotation"":0,""rectanglelabels"":[""B""],""original_width"":2726,""original_height"":2384},{""x"":0,""y"":50.39787798408485,""width"":49.062471416811505,""height"":49.602122015915086,""rotation"":0,""rectanglelabels"":[""C""],""original_width"":2726,""original_height"":2384},{""x"":51.38221001807916,""y"":50.795755968169765,""width"":48.6177899819208,""height"":49.20424403183025,""rotation"":0,""rectanglelabels"":[""D""],""original_width"":2726,""original_height"":2384}]",47.626,2026-05-02T07:19:45.145808Z
1,,2026-05-02T07:20:59.345552Z,2785,/data/local-files/?d=alloy_elsevier_contents/img1245.jpg,"[{""x"":0,""y"":0.2652519893899204,""width"":30.398307832008264,""height"":48.93899204244032,""rotation"":0,""rectanglelabels"":[""A""],""original_width"":2962,""original_height"":1825},{""x"":31.297182525965457,""y"":0,""width"":30.15316018820172,""height"":49.33687002652513,""rotation"":0,""rectanglelabels"":[""B""],""original_width"":2962,""original_height"":1825},{""x"":61.61377447670492,""y"":0,""width"":38.386225523295074,""height"":48.5411140583554,""rotation"":0,""rectanglelabels"":[""C""],""original_width"":2962,""original_height"":1825},{""x"":0.16343176253767847,""y"":51.0610079575597,""width"":99.83656823746234,""height"":48.93899204244029,""rotation"":0,""rectanglelabels"":[""D""],""original_width"":2962,""original_height"":1825}]",73.068,2026-05-02T07:20:59.345575Z
1,,2026-05-02T07:21:55.524197Z,2786,/data/local-files/?d=alloy_elsevier_contents/img1246.jpg,"[{""x"":52.03786831188173,""y"":-2.6645352591003757e-15,""width"":47.96213168811827,""height"":99.01960784313722,""rotation"":0,""rectanglelabels"":[""B""],""original_width"":2765,""original_height"":1131},{""x"":0,""y"":0.9803921568627446,""width"":47.96213168811827,""height"":99.01960784313722,""rotation"":0,""rectanglelabels"":[""A""],""original_width"":2765,""original_height"":1131}]",51.492,2026-05-02T07:21:55.524216Z
1,,2026-05-02T07:24:43.152856Z,2787,/data/local-files/?d=alloy_elsevier_contents/img126.jpg,"[{""x"":66.14444557544121,""y"":-1.1102230246251575e-16,""width"":33.85555442455878,""height"":36.73740053050395,""rotation"":0,""rectanglelabels"":[""C""],""original_width"":3544,""original_height"":2513},{""x"":32.91512235721003,""y"":0,""width"":33.29129518414947,""height"":36.73740053050395,""rotation"":0,""rectanglelabels"":[""B""],""original_width"":3544,""original_height"":2513},{""x"":0,""y"":0,""width"":32.538949530270465,""height"":36.737400530503955,""rotation"":0,""rectanglelabels"":[""A""],""original_width"":3544,""original_height"":2513},{""x"":0,""y"":36.737400530503976,""width"":32.538949530270465,""height"":31.03448275862067,""rotation"":0,""rectanglelabels"":[""D""],""original_width"":3544,""original_height"":2513},{""x"":66.20641754135949,""y"":37.13527851458884,""width"":33.76151121782403,""height"":31.03448275862066,""rotation"":0,""rectanglelabels"":[""F""],""original_width"":3544,""original_height"":2513},{""x"":66.14444557544115,""y"":68.3023872679045,""width"":33.855554424558854,""height"":31.69761273209547,""rotation"":0,""rectanglelabels"":[""J""],""original_width"":3544,""original_height"":2513},{""x"":0.09404320673488706,""y"":68.30238726790454,""width"":32.538949530270465,""height"":31.69761273209547,""rotation"":0,""rectanglelabels"":[""H""],""original_width"":3544,""original_height"":2513},{""x"":33.29129518414954,""y"":68.30238726790454,""width"":32.72703594374025,""height"":31.697612732095457,""rotation"":0,""rectanglelabels"":[""I""],""original_width"":3544,""original_height"":2513},{""x"":88.0244415038531,""y"":36.73740053050397,""width"":11.567314428390944,""height"":13.527851458885944,""rotation"":0,""rectanglelabels"":[""G""],""original_width"":3544,""original_height"":2513},{""x"":33.29129518414955,""y"":36.87002652519894,""width"":32.538949530270465,""height"":31.03448275862067,""rotation"":0,""rectanglelabels"":[""E""],""original_width"":3544,""original_height"":2513}]",165.983,2026-05-02T07:24:43.152875Z
1,,2026-05-02T07:25:43.691743Z,2789,/data/local-files/?d=alloy_elsevier_contents/img1263.jpg,"[{""x"":50.18183911243711,""y"":0,""width"":48.94278135657445,""height"":33.6870026525199,""rotation"":0,""rectanglelabels"":[""B""],""original_width"":2765,""original_height"":3229},{""x"":50.592571984977056,""y"":34.08488063660477,""width"":49.407428015022944,""height"":33.6870026525199,""rotation"":0,""rectanglelabels"":[""D""],""original_width"":2765,""original_height"":3229},{""x"":0,""y"":0,""width"":49.407428015022944,""height"":33.6870026525199,""rotation"":0,""rectanglelabels"":[""A""],""original_width"":2765,""original_height"":3229},{""x"":50.12792532652859,""y"":68.0371352785146,""width"":49.40742801502292,""height"":31.962864721485403,""rotation"":0,""rectanglelabels"":[""F""],""original_width"":2765,""original_height"":3229},{""x"":-1.7763568394002505e-15,""y"":34.48275862068966,""width"":49.407428015022944,""height"":33.6870026525199,""rotation"":0,""rectanglelabels"":[""C""],""original_width"":2765,""original_height"":3229},{""x"":0,""y"":68.0371352785146,""width"":49.40742801502292,""height"":31.962864721485403,""rotation"":0,""rectanglelabels"":[""E""],""original_width"":2765,""original_height"":3229}]",55.088,2026-05-02T07:25:43.691762Z
1,,2026-05-02T07:26:11.018420Z,2790,/data/local-files/?d=alloy_elsevier_contents/img1264.jpg,"[{""x"":47.92613625268027,""y"":0,""width"":51.532618077714744,""height"":99.1360691144709,""rotation"":0,""rectanglelabels"":[""B""],""original_width"":2765,""original_height"":1026},{""x"":0,""y"":0,""width"":47.124695847117046,""height"":99.13606911447084,""rotation"":0,""rectanglelabels"":[""A""],""original_width"":2765,""original_height"":1026}]",20.842,2026-05-02T07:26:11.018445Z
1,,2026-05-02T07:26:33.728701Z,2791,/data/local-files/?d=alloy_elsevier_contents/img1265.jpg,"[{""x"":0,""y"":0.13262599469495928,""width"":99.99999999999997,""height"":99.86737400530501,""rotation"":0,""rectanglelabels"":[""single""],""original_width"":1721,""original_height"":1298}]",21.601,2026-05-02T07:26:33.728725Z
1,,2026-05-02T05:51:22.241796Z,2795,/data/local-files/?d=alloy_elsevier_contents/img1269.jpg,"[{""x"":50.94813337614711,""y"":-3.552713678800501e-15,""width"":49.05186662385289,""height"":49.439252336448575,""rotation"":0,""rectanglelabels"":[""B""],""original_width"":2765,""original_height"":2564},{""x"":50.94813337614711,""y"":50.56074766355142,""width"":49.05186662385289,""height"":49.439252336448575,""rotation"":0,""rectanglelabels"":[""D""],""original_width"":2765,""original_height"":2564},{""x"":3.053113317719181e-15,""y"":0.3738317757009347,""width"":49.05186662385289,""height"":49.439252336448575,""rotation"":0,""rectanglelabels"":[""A""],""original_width"":2765,""original_height"":2564},{""x"":-8.881784197001252e-16,""y"":50.56074766355142,""width"":49.05186662385289,""height"":49.439252336448575,""rotation"":0,""rectanglelabels"":[""C""],""original_width"":2765,""original_height"":2564}]",74.696,2026-05-02T05:51:22.241816Z
1,,2026-05-02T06:13:21.782885Z,2796,/data/local-files/?d=alloy_elsevier_contents/img1270.jpg,"[{""x"":67.28551420643355,""y"":0.09345794392523367,""width"":32.62767391475771,""height"":16.26168224299066,""rotation"":0,""rectanglelabels"":[""C""],""original_width"":2489,""original_height"":3862},{""x"":33.78776898728237,""y"":0.18691588785046734,""width"":32.62767391475771,""height"":16.26168224299066,""rotation"":0,""rectanglelabels"":[""B""],""original_width"":2489,""original_height"":3862},{""x"":67.37232608524232,""y"":83.64485981308414,""width"":32.6276739147577,""height"":15.887850467289722,""rotation"":0,""rectanglelabels"":[""R""],""original_width"":2489,""original_height"":3862},{""x"":0,""y"":0,""width"":32.62767391475771,""height"":16.26168224299066,""rotation"":0,""rectanglelabels"":[""A""],""original_width"":2489,""original_height"":3862},{""x"":0,""y"":0,""width"":32.62767391475771,""height"":16.26168224299066,""rotation"":0,""rectanglelabels"":[""A""],""original_width"":2489,""original_height"":3862},{""x"":-1.7208456881689926e-15,""y"":83.73831775700934,""width"":32.62767391475771,""height"":16.26168224299066,""rotation"":0,""rectanglelabels"":[""P""],""original_width"":2489,""original_height"":3862},{""x"":33.64275710321678,""y"":83.73831775700934,""width"":32.62767391475771,""height"":16.26168224299066,""rotation"":0,""rectanglelabels"":[""Q""],""original_width"":2489,""original_height"":3862},{""x"":1.7763568394002505e-15,""y"":16.448598130841123,""width"":32.62767391475771,""height"":16.26168224299066,""rotation"":0,""rectanglelabels"":[""D""],""original_width"":2489,""original_height"":3862},{""x"":33.497745219151184,""y"":16.915887850467293,""width"":32.62767391475771,""height"":16.26168224299066,""rotation"":0,""rectanglelabels"":[""E""],""original_width"":2489,""original_height"":3862},{""x"":67.28551420643355,""y"":16.82242990654206,""width"":32.62767391475771,""height"":16.26168224299066,""rotation"":0,""rectanglelabels"":[""F""],""original_width"":2489,""original_height"":3862},{""x"":0.43503565219677065,""y"":33.271028037383175,""width"":32.62767391475771,""height"":16.26168224299066,""rotation"":0,""rectanglelabels"":[""G""],""original_width"":2489,""original_height"":3862},{""x"":33.64275710321677,""y"":33.271028037383175,""width"":32.62767391475771,""height"":16.26168224299066,""rotation"":0,""rectanglelabels"":[""H""],""original_width"":2489,""original_height"":3862},{""x"":67.37232608524229,""y"":33.73831775700935,""width"":32.62767391475771,""height"":16.26168224299066,""rotation"":0,""rectanglelabels"":[""I""],""original_width"":2489,""original_height"":3862},{""x"":1.1102230246251565e-16,""y"":50.467289719626166,""width"":32.62767391475771,""height"":16.26168224299066,""rotation"":0,""rectanglelabels"":[""J""],""original_width"":2489,""original_height"":3862},{""x"":33.497745219151184,""y"":50.560747663551396,""width"":32.62767391475771,""height"":16.26168224299066,""rotation"":0,""rectanglelabels"":[""K""],""original_width"":2489,""original_height"":3862},{""x"":67.37232608524229,""y"":50.09345794392524,""width"":32.62767391475771,""height"":16.26168224299066,""rotation"":0,""rectanglelabels"":[""L""],""original_width"":2489,""original_height"":3862},{""x"":0,""y"":66.91588785046729,""width"":32.62767391475771,""height"":16.26168224299066,""rotation"":0,""rectanglelabels"":[""M""],""original_width"":2489,""original_height"":3862},{""x"":33.78776898728237,""y"":67.10280373831776,""width"":32.62767391475771,""height"":16.26168224299066,""rotation"":0,""rectanglelabels"":[""N""],""original_width"":2489,""original_height"":3862},{""x"":67.37232608524229,""y"":67.00934579439254,""width"":32.62767391475771,""height"":16.26168224299066,""rotation"":0,""rectanglelabels"":[""O""],""original_width"":2489,""original_height"":3862}]",1317.569,2026-05-02T06:13:21.782905Z
1,,2026-05-01T19:19:59.159057Z,2799,/data/local-files/?d=alloy_elsevier_contents/img1277.jpg,"[{""x"":1.332267629550188e-15,""y"":-2.831068712794149e-15,""width"":33.11324903793289,""height"":33.271028037383196,""rotation"":0,""rectanglelabels"":[""A""],""original_width"":3060,""original_height"":2077},{""x"":66.6964449331134,""y"":1.1214953271028063,""width"":33.04981369494834,""height"":32.33644859813084,""rotation"":0,""rectanglelabels"":[""C""],""original_width"":3060,""original_height"":2077},{""x"":66.95018630505166,""y"":67.19626168224302,""width"":33.04981369494834,""height"":32.80373831775698,""rotation"":0,""rectanglelabels"":[""I""],""original_width"":3060,""original_height"":2077},{""x"":33.68416712479387,""y"":0,""width"":32.922943008979246,""height"":32.80373831775699,""rotation"":0,""rectanglelabels"":[""B""],""original_width"":3060,""original_height"":2077},{""x"":66.7974161627268,""y"":33.55140186915888,""width"":32.922943008979246,""height"":32.80373831775699,""rotation"":0,""rectanglelabels"":[""F""],""original_width"":3060,""original_height"":2077},{""x"":33.55729643882478,""y"":33.64485981308412,""width"":32.922943008979246,""height"":32.80373831775699,""rotation"":0,""rectanglelabels"":[""E""],""original_width"":3060,""original_height"":2077},{""x"":0,""y"":33.36448598130843,""width"":33.04981369494834,""height"":32.80373831775698,""rotation"":0,""rectanglelabels"":[""D""],""original_width"":3060,""original_height"":2077},{""x"":-4.440892098500626e-16,""y"":66.63551401869161,""width"":33.04981369494834,""height"":32.80373831775698,""rotation"":0,""rectanglelabels"":[""G""],""original_width"":3060,""original_height"":2077},{""x"":33.366990409871114,""y"":67.10280373831779,""width"":33.04981369494834,""height"":32.80373831775698,""rotation"":0,""rectanglelabels"":[""H""],""original_width"":3060,""original_height"":2077}]",233.031,2026-05-01T19:19:59.159077Z
1,,2026-05-02T06:15:32.268123Z,2800,/data/local-files/?d=alloy_elsevier_contents/img128.jpg,"[{""x"":67.41474012133136,""y"":33.36448598130837,""width"":32.504836858501335,""height"":32.99065420560751,""rotation"":0,""rectanglelabels"":[""F""],""original_width"":3420,""original_height"":2667},{""x"":0,""y"":0,""width"":33.23364485981307,""height"":33.364485981308405,""rotation"":0,""rectanglelabels"":[""A""],""original_width"":3420,""original_height"":2667},{""x"":33.670929660600095,""y"":8.881784197001252e-16,""width"":33.23364485981307,""height"":33.364485981308405,""rotation"":0,""rectanglelabels"":[""B""],""original_width"":3420,""original_height"":2667},{""x"":67.49516314149864,""y"":0,""width"":32.50483685850135,""height"":33.3644859813084,""rotation"":0,""rectanglelabels"":[""C""],""original_width"":3420,""original_height"":2667},{""x"":67.20363994097399,""y"":66.44859813084112,""width"":32.504836858501335,""height"":33.55140186915888,""rotation"":0,""rectanglelabels"":[""I""],""original_width"":3420,""original_height"":2667},{""x"":33.37940646007543,""y"":33.36448598130837,""width"":32.504836858501335,""height"":32.99065420560751,""rotation"":0,""rectanglelabels"":[""E""],""original_width"":3420,""original_height"":2667},{""x"":0,""y"":33.271028037383154,""width"":32.504836858501335,""height"":33.177570093457966,""rotation"":0,""rectanglelabels"":[""D""],""original_width"":3420,""original_height"":2667},{""x"":0.07288080013116904,""y"":66.44859813084109,""width"":32.504836858501335,""height"":33.55140186915888,""rotation"":0,""rectanglelabels"":[""G""],""original_width"":3420,""original_height"":2667},{""x"":33.306525659944256,""y"":66.44859813084112,""width"":32.504836858501335,""height"":33.55140186915888,""rotation"":0,""rectanglelabels"":[""H""],""original_width"":3420,""original_height"":2667}]",118.327,2026-05-02T06:15:32.268144Z
1,,2026-05-01T19:24:09.345956Z,2801,/data/local-files/?d=alloy_elsevier_contents/img1280.jpg,"[{""x"":9.992007221626409e-16,""y"":0.46728971962616817,""width"":34.438228851283,""height"":35.60747663551401,""rotation"":0,""rectanglelabels"":[""A""],""original_width"":3059,""original_height"":2103},{""x"":67.36078310363479,""y"":67.9439252336449,""width"":32.51071604244245,""height"":32.05607476635508,""rotation"":0,""rectanglelabels"":[""I""],""original_width"":3059,""original_height"":2103},{""x"":0,""y"":35.607476635514,""width"":34.43822885128297,""height"":32.05607476635508,""rotation"":0,""rectanglelabels"":[""D""],""original_width"":3059,""original_height"":2103},{""x"":67.4250335305961,""y"":-6.66133814775094e-16,""width"":32.31796476155851,""height"":35.233644859813076,""rotation"":0,""rectanglelabels"":[""C""],""original_width"":3059,""original_height"":2103},{""x"":34.95223226697376,""y"":0,""width"":32.31796476155851,""height"":35.233644859813076,""rotation"":0,""rectanglelabels"":[""B""],""original_width"":3059,""original_height"":2103},{""x"":1.7763568394002503e-15,""y"":67.9439252336449,""width"":34.43822885128297,""height"":32.05607476635508,""rotation"":0,""rectanglelabels"":[""G""],""original_width"":3059,""original_height"":2103},{""x"":34.75948098608976,""y"":67.94392523364489,""width"":32.639216896365205,""height"":32.05607476635508,""rotation"":0,""rectanglelabels"":[""H""],""original_width"":3059,""original_height"":2103},{""x"":34.95223226697381,""y"":35.79439252336453,""width"":32.18946390763575,""height"":32.05607476635509,""rotation"":0,""rectanglelabels"":[""E""],""original_width"":3059,""original_height"":2103},{""x"":67.48928395755749,""y"":35.7009345794393,""width"":32.51071604244245,""height"":32.05607476635508,""rotation"":0,""rectanglelabels"":[""F""],""original_width"":3059,""original_height"":2103}]",242.983,2026-05-01T19:24:09.345982Z
1,,2026-05-02T06:46:43.297350Z,2803,/data/local-files/?d=alloy_elsevier_contents/img1284.jpg,"[{""x"":26.74366808805917,""y"":0,""width"":49.32970710360495,""height"":51.724137931034456,""rotation"":0,""rectanglelabels"":[""A""],""original_width"":2370,""original_height"":2008},{""x"":4.491141591070035e-16,""y"":47.8779840848807,""width"":49.442075456916015,""height"":51.326259946949506,""rotation"":0,""rectanglelabels"":[""B""],""original_width"":2370,""original_height"":2008},{""x"":77.53416378470939,""y"":79.57559681697614,""width"":2.0226303596011093,""height"":7.824933687002655,""rotation"":0,""rectanglelabels"":[""B""],""original_width"":2370,""original_height"":2008},{""x"":51.80181087645074,""y"":48.01061007957557,""width"":47.307076744003865,""height"":51.061007957559724,""rotation"":0,""rectanglelabels"":[""C""],""original_width"":2370,""original_height"":2008}]",121.392,2026-05-02T06:46:43.297375Z
1,,2026-05-02T06:47:19.508244Z,2804,/data/local-files/?d=alloy_elsevier_contents/img1287.jpg,"[{""x"":0.16034117709110363,""y"":1.0040160642570284,""width"":56.600435513159574,""height"":98.99598393574298,""rotation"":0,""rectanglelabels"":[""A""],""original_width"":2665,""original_height"":1064},{""x"":56.84094727879623,""y"":6.0638687288763575e-15,""width"":42.89126487187024,""height"":99.7991967871486,""rotation"":0,""rectanglelabels"":[""B""],""original_width"":2665,""original_height"":1064}]",33.543,2026-05-02T06:47:19.508263Z
1,,2026-05-02T07:27:27.730897Z,2807,/data/local-files/?d=alloy_elsevier_contents/img129.jpg,"[{""x"":48.890252623357384,""y"":0,""width"":50.799661207784084,""height"":51.0610079575596,""rotation"":0,""rectanglelabels"":[""A""],""original_width"":2615,""original_height"":2038},{""x"":49.92387318621908,""y"":51.32625994694963,""width"":50.07612681378092,""height"":48.673740053050366,""rotation"":0,""rectanglelabels"":[""D""],""original_width"":2615,""original_height"":2038},{""x"":0,""y"":0,""width"":47.236459722778704,""height"":49.999999999999964,""rotation"":0,""rectanglelabels"":[""B""],""original_width"":2615,""original_height"":2038},{""x"":0,""y"":50.92838196286474,""width"":47.236459722778704,""height"":49.07161803713526,""rotation"":0,""rectanglelabels"":[""C""],""original_width"":2615,""original_height"":2038}]",46.773,2026-05-02T07:27:27.730920Z
1,,2026-05-02T07:28:15.104987Z,2808,/data/local-files/?d=alloy_elsevier_contents/img1290.jpg,"[{""x"":66.71398276342187,""y"":0,""width"":32.71551077821648,""height"":99.99999999999997,""rotation"":0,""rectanglelabels"":[""C""],""original_width"":3257,""original_height"":1123},{""x"":0,""y"":0,""width"":33.35699138171094,""height"":97.67441860465112,""rotation"":0,""rectanglelabels"":[""A""],""original_width"":3257,""original_height"":1123},{""x"":33.597546608021354,""y"":0,""width"":32.71551077821648,""height"":100,""rotation"":0,""rectanglelabels"":[""B""],""original_width"":3257,""original_height"":1123}]",42.465,2026-05-02T07:28:15.105011Z
1,,2026-05-02T07:28:54.871171Z,2809,/data/local-files/?d=alloy_elsevier_contents/img1291.jpg,"[{""x"":0,""y"":0.3978779840848806,""width"":49.92906051446548,""height"":98.80636604774536,""rotation"":0,""rectanglelabels"":[""A""],""original_width"":2666,""original_height"":1704},{""x"":50.01382971737625,""y"":0,""width"":49.98617028262368,""height"":100,""rotation"":0,""rectanglelabels"":[""B""],""original_width"":2666,""original_height"":1704}]",36.537,2026-05-02T07:28:54.871194Z
1,,2026-05-02T06:47:52.951419Z,2811,/data/local-files/?d=alloy_elsevier_contents/img1293.jpg,"[{""x"":0.33142246571150225,""y"":54.50928381962865,""width"":99.66857753428849,""height"":45.49071618037136,""rotation"":0,""rectanglelabels"":[""B""],""original_width"":3257,""original_height"":2713},{""x"":0.3314224657114772,""y"":0.1326259946949602,""width"":99.66857753428852,""height"":53.97877984084881,""rotation"":0,""rectanglelabels"":[""A""],""original_width"":3257,""original_height"":2713}]",28.747,2026-05-02T06:47:52.951441Z
1,,2026-05-02T06:49:08.380812Z,2821,/data/local-files/?d=alloy_elsevier_contents/img1310.jpg,"[{""x"":0.32330547818013006,""y"":0,""width"":32.16889507892292,""height"":49,""rotation"":0,""rectanglelabels"":[""A""],""original_width"":3590,""original_height"":1741},{""x"":66.69953574744662,""y"":50.33333333333333,""width"":33.30046425255339,""height"":49,""rotation"":0,""rectanglelabels"":[""F""],""original_width"":3590,""original_height"":1741},{""x"":67.57084493964717,""y"":0.49999999999999956,""width"":32.42915506035283,""height"":49.16666666666666,""rotation"":0,""rectanglelabels"":[""C""],""original_width"":3590,""original_height"":1741},{""x"":33.38129062209841,""y"":2.368475785867001e-15,""width"":33.30046425255339,""height"":49,""rotation"":0,""rectanglelabels"":[""B""],""original_width"":3590,""original_height"":1741},{""x"":2.886579864025407e-15,""y"":51,""width"":33.30046425255339,""height"":49,""rotation"":0,""rectanglelabels"":[""D""],""original_width"":3590,""original_height"":1741},{""x"":33.70459610027856,""y"":50.66666666666667,""width"":33.30046425255339,""height"":49,""rotation"":0,""rectanglelabels"":[""E""],""original_width"":3590,""original_height"":1741}]",73.406,2026-05-02T06:49:08.380840Z
1,,2026-05-02T06:16:36.432319Z,2835,/data/local-files/?d=alloy_elsevier_contents/img1337.jpg,"[{""x"":66.94464629687302,""y"":51.12426035502959,""width"":33.05535370312699,""height"":48.8757396449704,""rotation"":0,""rectanglelabels"":[""F""],""original_width"":3591,""original_height"":1610},{""x"":-3.400058012914542e-16,""y"":50.76923076923077,""width"":33.05535370312699,""height"":48.8757396449704,""rotation"":0,""rectanglelabels"":[""D""],""original_width"":3591,""original_height"":1610},{""x"":33.7981706402759,""y"":50.88757396449704,""width"":33.05535370312699,""height"":48.8757396449704,""rotation"":0,""rectanglelabels"":[""E""],""original_width"":3591,""original_height"":1610},{""x"":0.2122334106139774,""y"":1.0650887573964496,""width"":33.05535370312698,""height"":48.8757396449704,""rotation"":0,""rectanglelabels"":[""A""],""original_width"":3591,""original_height"":1610},{""x"":33.69205393496891,""y"":1.1834319526627217,""width"":33.05535370312699,""height"":48.8757396449704,""rotation"":0,""rectanglelabels"":[""B""],""original_width"":3591,""original_height"":1610},{""x"":66.94464629687302,""y"":1.1834319526627217,""width"":33.05535370312699,""height"":48.8757396449704,""rotation"":0,""rectanglelabels"":[""C""],""original_width"":3591,""original_height"":1610}]",50.817,2026-05-02T06:16:36.432339Z
1,,2026-05-02T06:18:39.113524Z,2838,/data/local-files/?d=alloy_elsevier_contents/img134.jpg,"[{""x"":0.7171441295269173,""y"":6.640586315514956e-16,""width"":17.271221119439932,""height"":40.84112149532714,""rotation"":0,""rectanglelabels"":[""A""],""original_width"":3001,""original_height"":1919},{""x"":19.362891497226787,""y"":2.4487162038461402e-15,""width"":29.88100539695489,""height"":38.87850467289724,""rotation"":0,""rectanglelabels"":[""B""],""original_width"":3001,""original_height"":1919},{""x"":50.02080303450253,""y"":41.49532710280378,""width"":49.06461086179996,""height"":57.94392523364482,""rotation"":0,""rectanglelabels"":[""E""],""original_width"":3001,""original_height"":1919},{""x"":0,""y"":42.05607476635505,""width"":49.06461086179996,""height"":57.94392523364482,""rotation"":0,""rectanglelabels"":[""D""],""original_width"":3001,""original_height"":1919},{""x"":51.156281239586846,""y"":0.5607476635514018,""width"":48.843718760413175,""height"":38.87850467289724,""rotation"":0,""rectanglelabels"":[""C""],""original_width"":3001,""original_height"":1919}]",105.582,2026-05-02T06:18:39.113545Z
1,,2026-05-02T06:19:36.931262Z,2839,/data/local-files/?d=alloy_elsevier_contents/img1340.jpg,"[{""x"":31.6710875331565,""y"":7.105427357601002e-15,""width"":33.368700265251995,""height"":95.94298652611262,""rotation"":0,""rectanglelabels"":[""B""],""original_width"":3590,""original_height"":929},{""x"":0.4774535809018568,""y"":0.2050063814660526,""width"":31.193633952254643,""height"":95.94298652611262,""rotation"":0,""rectanglelabels"":[""A""],""original_width"":3590,""original_height"":929},{""x"":63.81962864721488,""y"":0.8200255258641709,""width"":36.18037135278512,""height"":98.33472712185831,""rotation"":0,""rectanglelabels"":[""C""],""original_width"":3590,""original_height"":929}]",53.411,2026-05-02T06:19:36.931285Z
1,"{""choices"":[""I"",""J"",""K""]}",2026-05-02T06:24:32.719142Z,2849,/data/local-files/?d=alloy_elsevier_contents/img1352.jpg,"[{""x"":33.659092375372076,""y"":33.19891996294756,""width"":32.69411851919499,""height"":27.144345623152972,""rotation"":0,""rectanglelabels"":[""J""],""original_width"":2954,""original_height"":3138},{""x"":75.14338775520962,""y"":16.85173140976369,""width"":24.44013726790949,""height"":15.237134207870836,""rotation"":0,""rectanglelabels"":[""H""],""original_width"":2954,""original_height"":3138},{""x"":24.761943753856524,""y"":16.64991426713179,""width"":24.44013726790949,""height"":15.237134207870836,""rotation"":0,""rectanglelabels"":[""F""],""original_width"":2954,""original_height"":3138},{""x"":49.738276631123064,""y"":16.649914267131788,""width"":24.44013726790949,""height"":15.237134207870836,""rotation"":0,""rectanglelabels"":[""G""],""original_width"":2954,""original_height"":3138},{""x"":1.5233124558502446e-15,""y"":8.881784197001252e-16,""width"":24.44013726790949,""height"":15.237134207870836,""rotation"":0,""rectanglelabels"":[""A""],""original_width"":2954,""original_height"":3138},{""x"":24.97633287726654,""y"":7.771561172376097e-16,""width"":24.44013726790949,""height"":15.237134207870836,""rotation"":0,""rectanglelabels"":[""B""],""original_width"":2954,""original_height"":3138},{""x"":49.52388750771305,""y"":-6.661338147750939e-16,""width"":24.44013726790949,""height"":15.237134207870836,""rotation"":0,""rectanglelabels"":[""C""],""original_width"":2954,""original_height"":3138},{""x"":74.50022038497958,""y"":0.10090857131594988,""width"":24.44013726790949,""height"":15.237134207870836,""rotation"":0,""rectanglelabels"":[""D""],""original_width"":2954,""original_height"":3138},{""x"":1.3322676295501878e-15,""y"":16.952639981079642,""width"":24.44013726790949,""height"":15.237134207870836,""rotation"":0,""rectanglelabels"":[""E""],""original_width"":2954,""original_height"":3138},{""x"":66.87688531913615,""y"":33.29971716317391,""width"":32.908725557453785,""height"":25.73162204494462,""rotation"":0,""rectanglelabels"":[""K""],""original_width"":2954,""original_height"":3138},{""x"":3.427453025663051e-15,""y"":33.90527996215921,""width"":32.69411851919499,""height"":27.144345623152972,""rotation"":0,""rectanglelabels"":[""I""],""original_width"":2954,""original_height"":3138},{""x"":1.8223016858053216,""y"":60.597302397598106,""width"":98.17769831419464,""height"":39.402697602401815,""rotation"":0,""rectanglelabels"":[""L""],""original_width"":2954,""original_height"":3138},{""x"":5.681255092960719,""y"":36.32694049357161,""width"":7.610820721431893,""height"":3.834512584127682,""rotation"":0,""rectanglelabels"":[""COMMON_PARTIAL""],""original_width"":2954,""original_height"":3138}]",284.776,2026-05-02T06:24:32.719165Z
1,,2026-05-02T06:26:12.542845Z,2850,/data/local-files/?d=alloy_elsevier_contents/img1353.jpg,"[{""x"":75.29855436832183,""y"":45.73069622152247,""width"":24.70144563167817,""height"":45.34378365744497,""rotation"":0,""rectanglelabels"":[""H""],""original_width"":3159,""original_height"":1194},{""x"":0.31426775612822133,""y"":46.3958699847446,""width"":24.70144563167817,""height"":45.34378365744497,""rotation"":0,""rectanglelabels"":[""E""],""original_width"":3159,""original_height"":1194},{""x"":25.172847265870534,""y"":45.564402780716904,""width"":24.70144563167817,""height"":45.34378365744497,""rotation"":0,""rectanglelabels"":[""F""],""original_width"":3159,""original_height"":1194},{""x"":50.06285355122565,""y"":45.73069622152247,""width"":24.70144563167817,""height"":44.51231645341729,""rotation"":0,""rectanglelabels"":[""G""],""original_width"":3159,""original_height"":1194},{""x"":0.34569453174104703,""y"":-1.022818531899223e-15,""width"":24.70144563167817,""height"":45.34378365744497,""rotation"":0,""rectanglelabels"":[""A""],""original_width"":3159,""original_height"":1194},{""x"":25.17284726587053,""y"":-2.6779248835179653e-15,""width"":24.70144563167817,""height"":45.34378365744497,""rotation"":0,""rectanglelabels"":[""B""],""original_width"":3159,""original_height"":1194},{""x"":50.25141420490259,""y"":3.496179709037344e-15,""width"":24.70144563167817,""height"":45.34378365744497,""rotation"":0,""rectanglelabels"":[""C""],""original_width"":3159,""original_height"":1194},{""x"":75.29855436832183,""y"":8.5544822667935e-16,""width"":24.70144563167817,""height"":45.34378365744497,""rotation"":0,""rectanglelabels"":[""D""],""original_width"":3159,""original_height"":1194}]",93.313,2026-05-02T06:26:12.542888Z
1,,2026-05-02T06:59:13.350240Z,2852,/data/local-files/?d=alloy_elsevier_contents/img1357.jpg,"[{""x"":16.724812348028333,""y"":50.24154589371956,""width"":8.564396661309168,""height"":17.391304347825876,""rotation"":0,""rectanglelabels"":[""E""],""original_width"":3153,""original_height"":1582},{""x"":24.85953872624953,""y"":1.4432899320127035e-15,""width"":24.966024229665482,""height"":49.59742351046699,""rotation"":0,""rectanglelabels"":[""B""],""original_width"":3153,""original_height"":1582},{""x"":0.16159238983602253,""y"":0,""width"":24.966024229665482,""height"":49.59742351046699,""rotation"":0,""rectanglelabels"":[""A""],""original_width"":3153,""original_height"":1582},{""x"":75.03397577033452,""y"":50.40257648953301,""width"":24.966024229665482,""height"":49.59742351046699,""rotation"":0,""rectanglelabels"":[""G""],""original_width"":3153,""original_height"":1582},{""x"":25.021131116085577,""y"":49.91948470209324,""width"":50.01284465424898,""height"":49.59742351046697,""rotation"":0,""rectanglelabels"":[""F""],""original_width"":3153,""original_height"":1582},{""x"":49.90635915083291,""y"":1.430239001127416e-15,""width"":50.09364084916707,""height"":49.59742351046698,""rotation"":0,""rectanglelabels"":[""C""],""original_width"":3153,""original_height"":1582},{""x"":0,""y"":50.08051529790657,""width"":24.966024229665482,""height"":49.59742351046688,""rotation"":0,""rectanglelabels"":[""D""],""original_width"":3153,""original_height"":1582}]",589.822,2026-05-02T06:59:13.350263Z
1,,2026-05-02T07:00:00.777700Z,2853,/data/local-files/?d=alloy_elsevier_contents/img1358.jpg,"[{""x"":0,""y"":43.10344827586208,""width"":99.99999999999993,""height"":56.89655172413792,""rotation"":0,""rectanglelabels"":[""B""],""original_width"":1721,""original_height"":2522},{""x"":0,""y"":0,""width"":94.06720230820078,""height"":42.83819628647215,""rotation"":0,""rectanglelabels"":[""A""],""original_width"":1721,""original_height"":2522}]",43.691,2026-05-02T07:00:00.777724Z
1,,2026-05-02T06:29:19.977398Z,2856,/data/local-files/?d=alloy_elsevier_contents/img1362.jpg,"[{""x"":62.84329563812601,""y"":-1.5543122344752194e-15,""width"":30.290791599353796,""height"":99.99999999999983,""rotation"":0,""rectanglelabels"":[""A""],""original_width"":2962,""original_height"":1648},{""x"":34.81421647819064,""y"":0,""width"":6.946688206785137,""height"":27.729406182850514,""rotation"":0,""rectanglelabels"":[""A""],""original_width"":2962,""original_height"":1648},{""x"":0,""y"":1.1102230246251565e-15,""width"":30.290791599353796,""height"":99.99999999999983,""rotation"":0,""rectanglelabels"":[""A""],""original_width"":2962,""original_height"":1648},{""x"":31.179321486268176,""y"":0,""width"":30.290791599353796,""height"":99.99999999999983,""rotation"":0,""rectanglelabels"":[""A""],""original_width"":2962,""original_height"":1648}]",174.322,2026-05-02T06:29:19.977418Z
1,,2026-05-01T19:25:39.716686Z,2858,/data/local-files/?d=alloy_elsevier_contents/img1365.jpg,"[{""x"":50.282896526171115,""y"":66.26168224299064,""width"":49.717103473828885,""height"":32.89719626168221,""rotation"":0,""rectanglelabels"":[""E""],""original_width"":2371,""original_height"":3543},{""x"":24.579242166836806,""y"":0,""width"":50.13606782894542,""height"":32.89719626168221,""rotation"":0,""rectanglelabels"":[""A""],""original_width"":2371,""original_height"":3543},{""x"":2.6645352591003757e-15,""y"":67.00934579439253,""width"":49.717103473828885,""height"":32.89719626168221,""rotation"":0,""rectanglelabels"":[""D""],""original_width"":2371,""original_height"":3543},{""x"":0,""y"":33.45794392523365,""width"":49.717103473828885,""height"":32.89719626168221,""rotation"":0,""rectanglelabels"":[""B""],""original_width"":2371,""original_height"":3543},{""x"":50.282896526171115,""y"":33.55140186915888,""width"":49.717103473828885,""height"":32.89719626168221,""rotation"":0,""rectanglelabels"":[""C""],""original_width"":2371,""original_height"":3543}]",74.556,2026-05-01T19:25:39.716706Z
1,,2026-05-01T19:28:03.900417Z,2863,/data/local-files/?d=alloy_elsevier_contents/img1381.jpg,"[{""x"":66.91663881827705,""y"":50.56074766355141,""width"":32.80227393052797,""height"":49.4392523364486,""rotation"":0,""rectanglelabels"":[""F""],""original_width"":2489,""original_height"":1664},{""x"":66.38547928643041,""y"":0.9345794392523418,""width"":32.92723497407282,""height"":49.43925233644856,""rotation"":0,""rectanglelabels"":[""C""],""original_width"":2489,""original_height"":1664},{""x"":33.48955967002469,""y"":0,""width"":32.92723497407282,""height"":49.43925233644856,""rotation"":0,""rectanglelabels"":[""B""],""original_width"":2489,""original_height"":1664},{""x"":-1.3322676295501877e-15,""y"":2.220446049250313e-15,""width"":32.80227393052797,""height"":49.4392523364486,""rotation"":0,""rectanglelabels"":[""A""],""original_width"":2489,""original_height"":1664},{""x"":8.881784197001256e-16,""y"":50.56074766355141,""width"":32.80227393052797,""height"":49.4392523364486,""rotation"":0,""rectanglelabels"":[""D""],""original_width"":2489,""original_height"":1664},{""x"":33.364598626479875,""y"":50.56074766355141,""width"":32.80227393052797,""height"":49.4392523364486,""rotation"":0,""rectanglelabels"":[""E""],""original_width"":2489,""original_height"":1664}]",137.739,2026-05-01T19:28:03.900436Z
1,,2026-05-01T19:29:21.038579Z,2866,/data/local-files/?d=alloy_elsevier_contents/img1398.jpg,"[{""x"":59.553497992371994,""y"":49.90654205607473,""width"":40.446502007628006,""height"":48.59813084112145,""rotation"":0,""rectanglelabels"":[""C""],""original_width"":2693,""original_height"":1590},{""x"":0,""y"":0,""width"":58.876422431294706,""height"":99.62616822429912,""rotation"":0,""rectanglelabels"":[""A""],""original_width"":2693,""original_height"":1590},{""x"":59.553497992371994,""y"":0.373831775700892,""width"":40.446502007628006,""height"":48.59813084112145,""rotation"":0,""rectanglelabels"":[""B""],""original_width"":2693,""original_height"":1590}]",63.084,2026-05-01T19:29:21.038609Z
1,,2026-05-01T19:30:15.957324Z,2867,/data/local-files/?d=alloy_elsevier_contents/img1399.jpg,"[{""x"":50.05399124747007,""y"":0.4903953700064734,""width"":49.94512914337804,""height"":99.5096046299935,""rotation"":0,""rectanglelabels"":[""B""],""original_width"":1667,""original_height"":626},{""x"":0.08012820512820512,""y"":5.329070518200751e-15,""width"":49.6593399412924,""height"":99.5096046299935,""rotation"":0,""rectanglelabels"":[""A""],""original_width"":1667,""original_height"":626}]",119.596,2026-05-02T07:02:02.052310Z
1,,2026-05-01T19:31:29.173016Z,2868,/data/local-files/?d=alloy_elsevier_contents/img1401.jpg,"[{""x"":0,""y"":3.1351276095673995e-14,""width"":49.57581174724346,""height"":99.99999999999996,""rotation"":0,""rectanglelabels"":[""A""],""original_width"":2891,""original_height"":1054},{""x"":50.361887038880404,""y"":0,""width"":49.63811296111956,""height"":100.00000000000003,""rotation"":0,""rectanglelabels"":[""B""],""original_width"":2891,""original_height"":1054}]",71.042,2026-05-01T19:31:29.173036Z
1,,2026-05-01T19:31:57.452932Z,2870,/data/local-files/?d=alloy_elsevier_contents/img1404.jpg,"[{""x"":50.38793103448276,""y"":0.5782043365325171,""width"":49.61206896551724,""height"":99.42179566346748,""rotation"":0,""rectanglelabels"":[""B""],""original_width"":2891,""original_height"":1061},{""x"":0.10610079575596816,""y"":0.5782043365325239,""width"":49.61206896551724,""height"":99.42179566346748,""rotation"":0,""rectanglelabels"":[""A""],""original_width"":2891,""original_height"":1061}]",19.959,2026-05-01T19:32:03.385574Z
1,,2026-05-01T19:34:50.949420Z,2890,/data/local-files/?d=alloy_elsevier_contents/img1427.jpg,"[{""x"":52.92264590773971,""y"":2.220446049250313e-16,""width"":23.630744883337957,""height"":27.85046728971964,""rotation"":0,""rectanglelabels"":[""C""],""original_width"":3059,""original_height"":2009},{""x"":1.104814046493723,""y"":0.7476635514018692,""width"":25.22658739494001,""height"":27.850467289719624,""rotation"":0,""rectanglelabels"":[""A""],""original_width"":3059,""original_height"":2009},{""x"":27.497594046066,""y"":0.09345794392523367,""width"":25.226587394940015,""height"":27.850467289719628,""rotation"":0,""rectanglelabels"":[""B""],""original_width"":3059,""original_height"":2009},{""x"":76.73752646549327,""y"":0.9345794392523368,""width"":23.262473534506707,""height"":26.16822429906542,""rotation"":0,""rectanglelabels"":[""D""],""original_width"":3059,""original_height"":2009},{""x"":1.5958425116020605,""y"":29.813084112149575,""width"":98.40415748839783,""height"":33.27102803738311,""rotation"":0,""rectanglelabels"":[""E""],""original_width"":3059,""original_height"":2009},{""x"":45.72702581321243,""y"":31.21495327102804,""width"":3.682713488312409,""height"":7.10280373831775,""rotation"":0,""rectanglelabels"":[""A""],""original_width"":3059,""original_height"":2009},{""x"":0.7979212558009671,""y"":63.92523364485972,""width"":99.20207874419901,""height"":35.420560747663494,""rotation"":0,""rectanglelabels"":[""F""],""original_width"":3059,""original_height"":2009}]",164.175,2026-05-01T19:34:50.949439Z
1,,2026-05-02T07:05:50.600555Z,2894,/data/local-files/?d=alloy_elsevier_contents/img1431.jpg,"[{""x"":49.27884615384618,""y"":3.19379911987759e-14,""width"":50.64102564102561,""height"":99.99999999999994,""rotation"":0,""rectanglelabels"":[""B""],""original_width"":3059,""original_height"":1244},{""x"":0,""y"":0,""width"":49.118589743589716,""height"":99.99999999999997,""rotation"":0,""rectanglelabels"":[""A""],""original_width"":3059,""original_height"":1244}]",31.513,2026-05-02T07:05:50.600584Z
1,,2026-05-02T06:30:14.340523Z,2896,/data/local-files/?d=alloy_elsevier_contents/img1435.jpg,"[{""x"":68.34430082256168,""y"":11.531531531531538,""width"":31.655699177438134,""height"":88.46846846846839,""rotation"":0,""rectanglelabels"":[""C""],""original_width"":2300,""original_height"":1023},{""x"":0,""y"":1.801801801801803,""width"":19.474265569917748,""height"":98.01801801801801,""rotation"":0,""rectanglelabels"":[""A""],""original_width"":2300,""original_height"":1023},{""x"":23.401175088131602,""y"":6.241253760054934e-15,""width"":39.58965922444183,""height"":100,""rotation"":0,""rectanglelabels"":[""B""],""original_width"":2300,""original_height"":1023}]",47.029,2026-05-02T06:30:14.340544Z
1,,2026-05-02T06:30:53.733471Z,2897,/data/local-files/?d=alloy_elsevier_contents/img1436.jpg,"[{""x"":68.06954248366014,""y"":5.329070518200751e-15,""width"":31.930457516339843,""height"":99.99999999999991,""rotation"":0,""rectanglelabels"":[""C""],""original_width"":3060,""original_height"":1546},{""x"":0,""y"":0,""width"":33.062169934640515,""height"":100,""rotation"":0,""rectanglelabels"":[""A""],""original_width"":3060,""original_height"":1546},{""x"":34.274718954248364,""y"":-3.4139358007223564e-15,""width"":33.062169934640515,""height"":100,""rotation"":0,""rectanglelabels"":[""B""],""original_width"":3060,""original_height"":1546}]",36.894,2026-05-02T06:30:53.733501Z
1,,2026-05-02T06:31:29.992196Z,2899,/data/local-files/?d=alloy_elsevier_contents/img1440.jpg,"[{""x"":67.02452498027077,""y"":-4.884981308350689e-15,""width"":32.97547501972924,""height"":99.3808049535603,""rotation"":0,""rectanglelabels"":[""C""],""original_width"":3060,""original_height"":793},{""x"":0,""y"":0,""width"":32.97547501972925,""height"":94.11764705882348,""rotation"":0,""rectanglelabels"":[""A""],""original_width"":3060,""original_height"":793},{""x"":33.61733341427384,""y"":8.799290845326319e-15,""width"":32.97547501972924,""height"":99.3808049535603,""rotation"":0,""rectanglelabels"":[""B""],""original_width"":3060,""original_height"":793}]",30.976,2026-05-02T06:31:29.992223Z
1,,2026-05-02T06:32:28.240679Z,2901,/data/local-files/?d=alloy_elsevier_contents/img1445.jpg,"[{""x"":68.0216622458002,""y"":-2.6645352591003753e-15,""width"":31.97833775419981,""height"":46.419098143236084,""rotation"":0,""rectanglelabels"":[""C""],""original_width"":3060,""original_height"":1887},{""x"":67.0402298850575,""y"":45.75596816976123,""width"":32.9597701149425,""height"":54.24403183023877,""rotation"":0,""rectanglelabels"":[""F""],""original_width"":3060,""original_height"":1887},{""x"":34.02298850574713,""y"":2.6645352591003753e-15,""width"":31.97833775419981,""height"":46.419098143236084,""rotation"":0,""rectanglelabels"":[""B""],""original_width"":3060,""original_height"":1887},{""x"":0.16357206012378425,""y"":0,""width"":31.97833775419981,""height"":46.419098143236084,""rotation"":0,""rectanglelabels"":[""A""],""original_width"":3060,""original_height"":1887},{""x"":0,""y"":47.74535809018565,""width"":31.97833775419982,""height"":52.25464190981436,""rotation"":0,""rectanglelabels"":[""D""],""original_width"":3060,""original_height"":1887},{""x"":33.85941644562333,""y"":45.75596816976123,""width"":32.9597701149425,""height"":54.24403183023877,""rotation"":0,""rectanglelabels"":[""E""],""original_width"":3060,""original_height"":1887}]",56.573,2026-05-02T06:32:28.240701Z
1,,2026-05-02T06:33:09.079896Z,2902,/data/local-files/?d=alloy_elsevier_contents/img1446.jpg,"[{""x"":0,""y"":0,""width"":42.891760904684986,""height"":99.99999999999999,""rotation"":0,""rectanglelabels"":[""A""],""original_width"":3059,""original_height"":1714},{""x"":43.53796445880456,""y"":0.1441610758497579,""width"":53.31179321486261,""height"":99.85583892415025,""rotation"":0,""rectanglelabels"":[""B""],""original_width"":3059,""original_height"":1714}]",39.584,2026-05-02T06:33:09.079922Z
1,,2026-05-02T06:34:27.977066Z,2907,/data/local-files/?d=alloy_elsevier_contents/img1459.jpg,"[{""x"":75.92891760904686,""y"":0,""width"":24.071082390953134,""height"":48.78851931816465,""rotation"":0,""rectanglelabels"":[""D""],""original_width"":3551,""original_height"":1605},{""x"":75.92891760904683,""y"":51.032768156860406,""width"":24.071082390953162,""height"":48.96723184313959,""rotation"":0,""rectanglelabels"":[""H""],""original_width"":3551,""original_height"":1605},{""x"":24.636510500807763,""y"":8.730073440708457e-16,""width"":24.071082390953134,""height"":48.78851931816465,""rotation"":0,""rectanglelabels"":[""B""],""original_width"":3551,""original_height"":1605},{""x"":50.32310177705979,""y"":0,""width"":24.071082390953134,""height"":48.78851931816465,""rotation"":0,""rectanglelabels"":[""C""],""original_width"":3551,""original_height"":1605},{""x"":-3.8857805861880484e-16,""y"":0,""width"":22.77867528271405,""height"":50.03950699298939,""rotation"":0,""rectanglelabels"":[""A""],""original_width"":3551,""original_height"":1605},{""x"":0,""y"":51.032768156860385,""width"":22.778675282714065,""height"":48.9672318431396,""rotation"":0,""rectanglelabels"":[""E""],""original_width"":3551,""original_height"":1605},{""x"":24.1518578352181,""y"":51.032768156860406,""width"":24.071082390953162,""height"":48.96723184313959,""rotation"":0,""rectanglelabels"":[""F""],""original_width"":3551,""original_height"":1605},{""x"":50.323101777059776,""y"":51.032768156860406,""width"":24.071082390953162,""height"":48.96723184313959,""rotation"":0,""rectanglelabels"":[""G""],""original_width"":3551,""original_height"":1605}]",76.378,2026-05-02T06:34:27.977085Z
1,,2026-05-01T19:38:09.755920Z,2914,/data/local-files/?d=alloy_elsevier_contents/img1480.jpg,"[{""x"":0,""y"":68.13084112149541,""width"":99.99999999999999,""height"":31.86915887850459,""rotation"":0,""rectanglelabels"":[""C""],""original_width"":3591,""original_height"":2653},{""x"":36.11102002149715,""y"":2.0560747663551404,""width"":15.742471443406018,""height"":1.682242990654205,""rotation"":0,""rectanglelabels"":[""A""],""original_width"":3591,""original_height"":2653},{""x"":0,""y"":0,""width"":99.99999999999993,""height"":2.42990654205606,""rotation"":0,""rectanglelabels"":[""COMMON_ALL""],""original_width"":3591,""original_height"":2653},{""x"":0,""y"":35.700934579439256,""width"":99.99999999999999,""height"":32.05607476635508,""rotation"":0,""rectanglelabels"":[""B""],""original_width"":3591,""original_height"":2653},{""x"":5.35682609381638e-15,""y"":2.4299065420560617,""width"":99.99999999999997,""height"":32.803738317756945,""rotation"":0,""rectanglelabels"":[""A""],""original_width"":3591,""original_height"":2653}]",111.573,2026-05-01T19:38:09.755940Z
1,,2026-05-01T19:40:13.983924Z,2917,/data/local-files/?d=alloy_elsevier_contents/img1486.jpg,"[{""x"":0,""y"":0,""width"":99.67464516403194,""height"":47.48427672955975,""rotation"":0,""rectanglelabels"":[""A""],""original_width"":3552,""original_height"":1199},{""x"":75.05480126352771,""y"":48.74213836477993,""width"":24.94519873647229,""height"":51.10062893081756,""rotation"":0,""rectanglelabels"":[""E""],""original_width"":3552,""original_height"":1199},{""x"":0,""y"":48.58490566037736,""width"":24.94519873647229,""height"":51.10062893081756,""rotation"":0,""rectanglelabels"":[""B""],""original_width"":3552,""original_height"":1199},{""x"":25.104423409258313,""y"":48.89937106918245,""width"":24.94519873647229,""height"":51.10062893081756,""rotation"":0,""rectanglelabels"":[""C""],""original_width"":3552,""original_height"":1199},{""x"":50.10269703665931,""y"":48.89937106918245,""width"":24.94519873647229,""height"":51.10062893081756,""rotation"":0,""rectanglelabels"":[""D""],""original_width"":3552,""original_height"":1199}]",119.68,2026-05-01T19:40:13.983949Z
1,,2026-05-01T19:41:40.578202Z,2923,/data/local-files/?d=alloy_elsevier_contents/img1497.jpg,"[{""x"":50.216707641422076,""y"":50.373831775700936,""width"":49.48749197516064,""height"":49.626168224299064,""rotation"":0,""rectanglelabels"":[""D""],""original_width"":3159,""original_height"":3155},{""x"":50.51250802483936,""y"":-2.664535259100376e-15,""width"":49.48749197516064,""height"":49.626168224299064,""rotation"":0,""rectanglelabels"":[""B""],""original_width"":3159,""original_height"":3155},{""x"":0,""y"":50.373831775700836,""width"":49.48749197516064,""height"":49.626168224299064,""rotation"":0,""rectanglelabels"":[""C""],""original_width"":3159,""original_height"":3155},{""x"":-3.3306690738754696e-15,""y"":-2.664535259100376e-15,""width"":49.48749197516064,""height"":49.626168224299064,""rotation"":0,""rectanglelabels"":[""A""],""original_width"":3159,""original_height"":3155}]",71.587,2026-05-01T19:41:40.578223Z
1,,2026-05-01T19:44:57.940579Z,2928,/data/local-files/?d=alloy_elsevier_contents/img1503.jpg,"[{""x"":86.59944706456338,""y"":2.220446049250313e-16,""width"":12.027700981189362,""height"":44.24242424242429,""rotation"":0,""rectanglelabels"":[""I""],""original_width"":3354,""original_height"":1775},{""x"":27.583527583527584,""y"":47.979797979798036,""width"":13.471025098932035,""height"":25.15151515151522,""rotation"":0,""rectanglelabels"":[""D""],""original_width"":3354,""original_height"":1775},{""x"":41.96331231214954,""y"":0,""width"":44.2084831619715,""height"":44.242424242424235,""rotation"":0,""rectanglelabels"":[""H""],""original_width"":3354,""original_height"":1775},{""x"":0,""y"":0,""width"":41.321834926486055,""height"":44.24242424242422,""rotation"":0,""rectanglelabels"":[""A""],""original_width"":3354,""original_height"":1775},{""x"":1.1225854249110063,""y"":73.43434343434348,""width"":12.562265469242174,""height"":25.151515151515213,""rotation"":0,""rectanglelabels"":[""E""],""original_width"":3354,""original_height"":1775},{""x"":27.74389692994344,""y"":73.3333333333334,""width"":13.471025098932035,""height"":25.15151515151522,""rotation"":0,""rectanglelabels"":[""G""],""original_width"":3354,""original_height"":1775},{""x"":1.496780566548008,""y"":48.282828282828326,""width"":12.562265469242174,""height"":25.151515151515213,""rotation"":0,""rectanglelabels"":[""B""],""original_width"":3354,""original_height"":1775},{""x"":13.898676689374367,""y"":48.38383838383844,""width"":13.471025098932035,""height"":25.15151515151522,""rotation"":0,""rectanglelabels"":[""C""],""original_width"":3354,""original_height"":1775},{""x"":13.898676689374367,""y"":73.03030303030309,""width"":13.471025098932035,""height"":25.15151515151522,""rotation"":0,""rectanglelabels"":[""F""],""original_width"":3354,""original_height"":1775},{""x"":41.99975304626465,""y"":45.454545454545546,""width"":58.00024695373535,""height"":54.54545454545443,""rotation"":0,""rectanglelabels"":[""J""],""original_width"":3354,""original_height"":1775}]",303.21799999999996,2026-05-01T19:46:55.437461Z
1,,2026-05-01T19:56:48.430782Z,2929,/data/local-files/?d=alloy_elsevier_contents/img1504.jpg,"[{""x"":18.514588859416445,""y"":3.6686811233558463,""width"":17.400530503978807,""height"":31.3060789193032,""rotation"":0,""rectanglelabels"":[""B""],""original_width"":3354,""original_height"":1455},{""x"":0.6896551724137899,""y"":3.5463917525773185,""width"":17.50663129973474,""height"":30.939210806967644,""rotation"":0,""rectanglelabels"":[""A""],""original_width"":3354,""original_height"":1455},{""x"":0.6896551724137836,""y"":35.5862068965518,""width"":17.559681697612742,""height"":30.816921436189133,""rotation"":0,""rectanglelabels"":[""D""],""original_width"":3354,""original_height"":1455},{""x"":18.56763925729443,""y"":35.34162815499464,""width"":17.347480106100775,""height"":30.816921436189105,""rotation"":0,""rectanglelabels"":[""E""],""original_width"":3354,""original_height"":1455},{""x"":36.23342175066311,""y"":35.219338784216134,""width"":13.315649867374008,""height"":30.572342694632066,""rotation"":0,""rectanglelabels"":[""F""],""original_width"":3354,""original_height"":1455},{""x"":36.07427055702916,""y"":3.913259864912913,""width"":13.315649867373944,""height"":30.572342694632066,""rotation"":0,""rectanglelabels"":[""C""],""original_width"":3354,""original_height"":1455},{""x"":1.0079575596816976,""y"":67.0145751866334,""width"":17.241379310344822,""height"":30.450053323853517,""rotation"":0,""rectanglelabels"":[""G""],""original_width"":3354,""original_height"":1455},{""x"":18.726790450928384,""y"":66.76999644507646,""width"":17.188328912466865,""height"":30.81692143618903,""rotation"":0,""rectanglelabels"":[""H""],""original_width"":3354,""original_height"":1455},{""x"":36.18037135278514,""y"":66.89228581585495,""width"":13.209549071618035,""height"":30.20547458229644,""rotation"":0,""rectanglelabels"":[""I""],""original_width"":3354,""original_height"":1455},{""x"":49.283819628647215,""y"":4.646996089584072,""width"":16.604774535809028,""height"":30.20547458229649,""rotation"":0,""rectanglelabels"":[""J""],""original_width"":3354,""original_height"":1455},{""x"":66.10079575596808,""y"":2.934944898684675,""width"":15.437665782493356,""height"":32.52897262708852,""rotation"":0,""rectanglelabels"":[""K""],""original_width"":3354,""original_height"":1455},{""x"":81.85676392572945,""y"":3.179523640241734,""width"":17.188328912466886,""height"":31.79523640241732,""rotation"":0,""rectanglelabels"":[""L""],""original_width"":3354,""original_height"":1455},{""x"":49.6551724137931,""y"":36.68681123355848,""width"":27.74535809018567,""height"":62.734447209385024,""rotation"":0,""rectanglelabels"":[""M""],""original_width"":3354,""original_height"":1455},{""x"":78.24933687002644,""y"":37.54283682900814,""width"":21.750663129973468,""height"":61.75613224315673,""rotation"":0,""rectanglelabels"":[""N""],""original_width"":3354,""original_height"":1455}]",590.587,2026-05-01T19:56:48.430804Z
1,,2026-05-01T20:01:09.438022Z,2932,/data/local-files/?d=alloy_elsevier_contents/img1507.jpg,"[{""x"":0.9785498135856784,""y"":26.728971962616814,""width"":19.027357486388127,""height"":24.392523364485978,""rotation"":0,""rectanglelabels"":[""C""],""original_width"":3354,""original_height"":1951},{""x"":1.1960053277158254,""y"":1.9626168224299065,""width"":18.701174215192907,""height"":24.392523364485978,""rotation"":0,""rectanglelabels"":[""A""],""original_width"":3354,""original_height"":1951},{""x"":76.27252158115013,""y"":2.5233644859813085,""width"":18.701174215192907,""height"":24.392523364485978,""rotation"":0,""rectanglelabels"":[""G""],""original_width"":3354,""original_height"":1951},{""x"":0.9785498135856784,""y"":26.635514018691588,""width"":19.027357486388127,""height"":24.392523364485978,""rotation"":0,""rectanglelabels"":[""A""],""original_width"":3354,""original_height"":1951},{""x"":20.005907299973806,""y"":2.336448598130841,""width"":18.701174215192907,""height"":24.392523364485978,""rotation"":0,""rectanglelabels"":[""B""],""original_width"":3354,""original_height"":1951},{""x"":39.19635642195955,""y"":2.0560747663551404,""width"":18.701174215192907,""height"":24.392523364485978,""rotation"":0,""rectanglelabels"":[""E""],""original_width"":3354,""original_height"":1951},{""x"":57.625711244489764,""y"":2.149532710280374,""width"":18.701174215192907,""height"":24.392523364485978,""rotation"":0,""rectanglelabels"":[""F""],""original_width"":3354,""original_height"":1951},{""x"":20.114635057038885,""y"":26.82242990654205,""width"":19.027357486388127,""height"":24.392523364485978,""rotation"":0,""rectanglelabels"":[""D""],""original_width"":3354,""original_height"":1951},{""x"":38.92453702929685,""y"":26.168224299065418,""width"":19.02735748638813,""height"":25.140186915887856,""rotation"":0,""rectanglelabels"":[""H""],""original_width"":3354,""original_height"":1951},{""x"":58.006258394217525,""y"":26.72897196261681,""width"":18.048807672802432,""height"":24.39252336448599,""rotation"":0,""rectanglelabels"":[""I""],""original_width"":3354,""original_height"":1951},{""x"":76.32688545968267,""y"":26.822429906542045,""width"":18.048807672802432,""height"":24.39252336448599,""rotation"":0,""rectanglelabels"":[""J""],""original_width"":3354,""original_height"":1951},{""x"":0.5980026638579125,""y"":51.21495327102789,""width"":38.054714972776225,""height"":48.785046728972105,""rotation"":0,""rectanglelabels"":[""K""],""original_width"":3354,""original_height"":1951},{""x"":69.82804741444174,""y"":51.49532710280368,""width"":30.171952585558227,""height"":48.22429906542063,""rotation"":0,""rectanglelabels"":[""M""],""original_width"":3354,""original_height"":1951},{""x"":39.19635642195952,""y"":51.77570093457925,""width"":29.682677678765433,""height"":48.224299065420645,""rotation"":0,""rectanglelabels"":[""L""],""original_width"":3354,""original_height"":1951}]",228.953,2026-05-01T20:01:09.438045Z
1,,2026-05-02T07:07:37.095700Z,2938,/data/local-files/?d=alloy_elsevier_contents/img1514.jpg,"[{""x"":42.764403183023866,""y"":50.53050397877986,""width"":42.33761273209548,""height"":49.46949602122014,""rotation"":0,""rectanglelabels"":[""D""],""original_width"":2500,""original_height"":1609},{""x"":0,""y"":0,""width"":42.33761273209548,""height"":49.46949602122014,""rotation"":0,""rectanglelabels"":[""A""],""original_width"":2500,""original_height"":1609},{""x"":42.593687002652516,""y"":1.5543122344752194e-15,""width"":42.33761273209548,""height"":49.46949602122014,""rotation"":0,""rectanglelabels"":[""B""],""original_width"":2500,""original_height"":1609},{""x"":0.17071618037135275,""y"":50.53050397877986,""width"":42.33761273209548,""height"":49.46949602122014,""rotation"":0,""rectanglelabels"":[""C""],""original_width"":2500,""original_height"":1609},{""x"":85.69952254641908,""y"":1.0610079575597045,""width"":14.30047745358084,""height"":90.05305039787802,""rotation"":0,""rectanglelabels"":[""COMMON_ALL""],""original_width"":2500,""original_height"":1609}]",84.971,2026-05-02T07:07:37.095719Z
1,,2026-05-02T06:35:52.962204Z,2945,/data/local-files/?d=alloy_elsevier_contents/img1522.jpg,"[{""x"":3.1641356201816957e-15,""y"":50.47843252442701,""width"":39.2568659127625,""height"":49.521567475572986,""rotation"":0,""rectanglelabels"":[""C""],""original_width"":3167,""original_height"":1870},{""x"":39.49919224555732,""y"":49.65836738572651,""width"":39.33764135702738,""height"":49.658367385726535,""rotation"":0,""rectanglelabels"":[""D""],""original_width"":3167,""original_height"":1870},{""x"":0,""y"":0,""width"":39.2568659127625,""height"":49.521567475572986,""rotation"":0,""rectanglelabels"":[""A""],""original_width"":3167,""original_height"":1870},{""x"":39.57996768982226,""y"":0,""width"":39.33764135702738,""height"":49.658367385726535,""rotation"":0,""rectanglelabels"":[""B""],""original_width"":3167,""original_height"":1870}]",72.672,2026-05-02T06:35:52.962223Z
1,,2026-05-02T07:10:17.788465Z,2957,/data/local-files/?d=alloy_elsevier_contents/img1542.jpg,"[{""x"":0.10757391273509935,""y"":83.42175066312998,""width"":49.69914768361449,""height"":16.578249336870023,""rotation"":0,""rectanglelabels"":[""F""],""original_width"":2917,""original_height"":2366},{""x"":50.3008523163855,""y"":83.42175066312998,""width"":49.69914768361449,""height"":16.578249336870023,""rotation"":0,""rectanglelabels"":[""L""],""original_width"":2917,""original_height"":2366},{""x"":3.3306690738754696e-15,""y"":16.578249336870027,""width"":49.69914768361449,""height"":16.578249336870023,""rotation"":0,""rectanglelabels"":[""B""],""original_width"":2917,""original_height"":2366},{""x"":-1.7763568394002505e-15,""y"":33.15649867374005,""width"":49.69914768361449,""height"":16.578249336870023,""rotation"":0,""rectanglelabels"":[""C""],""original_width"":2917,""original_height"":2366},{""x"":5.551115123125783e-16,""y"":50.265251989389924,""width"":49.69914768361449,""height"":16.578249336870023,""rotation"":0,""rectanglelabels"":[""D""],""original_width"":2917,""original_height"":2366},{""x"":2.6645352591003757e-15,""y"":66.84350132625995,""width"":49.69914768361449,""height"":16.578249336870023,""rotation"":0,""rectanglelabels"":[""E""],""original_width"":2917,""original_height"":2366},{""x"":0,""y"":0,""width"":49.69914768361449,""height"":16.578249336870023,""rotation"":0,""rectanglelabels"":[""A""],""original_width"":2917,""original_height"":2366},{""x"":50.300852316385516,""y"":-4.440892098500626e-16,""width"":49.69914768361449,""height"":16.578249336870023,""rotation"":0,""rectanglelabels"":[""G""],""original_width"":2917,""original_height"":2366},{""x"":49.97813057818023,""y"":16.578249336870027,""width"":49.69914768361449,""height"":16.578249336870023,""rotation"":0,""rectanglelabels"":[""H""],""original_width"":2917,""original_height"":2366},{""x"":50.3008523163855,""y"":33.55437665782494,""width"":49.69914768361449,""height"":16.578249336870023,""rotation"":0,""rectanglelabels"":[""I""],""original_width"":2917,""original_height"":2366},{""x"":50.3008523163855,""y"":50.265251989389924,""width"":49.69914768361449,""height"":16.578249336870023,""rotation"":0,""rectanglelabels"":[""J""],""original_width"":2917,""original_height"":2366},{""x"":50.3008523163855,""y"":66.84350132625995,""width"":49.69914768361449,""height"":16.578249336870023,""rotation"":0,""rectanglelabels"":[""K""],""original_width"":2917,""original_height"":2366}]",154.735,2026-05-02T07:10:17.788510Z
1,,2026-05-02T06:37:55.119237Z,2964,/data/local-files/?d=alloy_elsevier_contents/img1555.jpg,"[{""x"":75.11816676970942,""y"":1.3322676295501877e-15,""width"":24.60392128978887,""height"":23.740053050397858,""rotation"":0,""rectanglelabels"":[""D""],""original_width"":3059,""original_height"":2511},{""x"":75.39607871021111,""y"":75.86206896551724,""width"":24.60392128978887,""height"":23.740053050397858,""rotation"":0,""rectanglelabels"":[""P""],""original_width"":3059,""original_height"":2511},{""x"":25.474856556684067,""y"":25.46419098143236,""width"":24.60392128978887,""height"":23.740053050397858,""rotation"":0,""rectanglelabels"":[""F""],""original_width"":3059,""original_height"":2511},{""x"":75.39607871021111,""y"":25.464190981432356,""width"":24.60392128978887,""height"":23.740053050397858,""rotation"":0,""rectanglelabels"":[""H""],""original_width"":3059,""original_height"":2511},{""x"":0.4354676334475909,""y"":0,""width"":24.60392128978887,""height"":23.740053050397858,""rotation"":0,""rectanglelabels"":[""A""],""original_width"":3059,""original_height"":2511},{""x"":25.14825583159837,""y"":-4.440892098500626e-16,""width"":24.60392128978887,""height"":23.740053050397858,""rotation"":0,""rectanglelabels"":[""B""],""original_width"":3059,""original_height"":2511},{""x"":50.84084620500623,""y"":1.5543122344752194e-15,""width"":24.60392128978887,""height"":23.740053050397858,""rotation"":0,""rectanglelabels"":[""C""],""original_width"":3059,""original_height"":2511},{""x"":50.51424547992054,""y"":25.331564986737398,""width"":24.60392128978887,""height"":23.740053050397858,""rotation"":0,""rectanglelabels"":[""G""],""original_width"":3059,""original_height"":2511},{""x"":-4.440892098500626e-16,""y"":25.46419098143236,""width"":24.60392128978887,""height"":23.740053050397858,""rotation"":0,""rectanglelabels"":[""E""],""original_width"":3059,""original_height"":2511},{""x"":1.5543122344752194e-15,""y"":75.46419098143235,""width"":24.60392128978887,""height"":23.740053050397858,""rotation"":0,""rectanglelabels"":[""M""],""original_width"":3059,""original_height"":2511},{""x"":25.039388923236473,""y"":75.46419098143235,""width"":24.60392128978887,""height"":23.740053050397858,""rotation"":0,""rectanglelabels"":[""N""],""original_width"":3059,""original_height"":2511},{""x"":50.73197929664433,""y"":75.46419098143235,""width"":24.60392128978887,""height"":23.740053050397858,""rotation"":0,""rectanglelabels"":[""O""],""original_width"":3059,""original_height"":2511},{""x"":0.21773381672379544,""y"":50.397877984084886,""width"":24.60392128978887,""height"":23.740053050397858,""rotation"":0,""rectanglelabels"":[""I""],""original_width"":3059,""original_height"":2511},{""x"":25.58372346504596,""y"":50.397877984084886,""width"":24.60392128978887,""height"":23.740053050397858,""rotation"":0,""rectanglelabels"":[""J""],""original_width"":3059,""original_height"":2511},{""x"":50.51424547992054,""y"":50.53050397877984,""width"":24.60392128978887,""height"":23.740053050397858,""rotation"":0,""rectanglelabels"":[""K""],""original_width"":3059,""original_height"":2511},{""x"":75.39607871021111,""y"":50.132625994694955,""width"":24.60392128978887,""height"":23.740053050397858,""rotation"":0,""rectanglelabels"":[""L""],""original_width"":3059,""original_height"":2511}]",117.64,2026-05-02T06:37:55.119260Z
1,,2026-05-02T06:39:35.700344Z,2965,/data/local-files/?d=alloy_elsevier_contents/img1556.jpg,"[{""x"":67.64420767974704,""y"":1.4588859416445625,""width"":32.355792320252974,""height"":35.80901856763928,""rotation"":0,""rectanglelabels"":[""C""],""original_width"":3590,""original_height"":2979},{""x"":66.87383167212197,""y"":37.93103448275863,""width"":33.12616832787802,""height"":30.238726790450897,""rotation"":0,""rectanglelabels"":[""F""],""original_width"":3590,""original_height"":2979},{""x"":33.67643690475311,""y"":1.3262599469496024,""width"":33.67643690475311,""height"":35.80901856763927,""rotation"":0,""rectanglelabels"":[""B""],""original_width"":3590,""original_height"":2979},{""x"":0,""y"":0.6631299734748017,""width"":33.67643690475311,""height"":35.80901856763927,""rotation"":0,""rectanglelabels"":[""A""],""original_width"":3590,""original_height"":2979},{""x"":66.98388538749698,""y"":69.23076923076931,""width"":33.01611461250303,""height"":29.708222811671035,""rotation"":0,""rectanglelabels"":[""I""],""original_width"":3590,""original_height"":2979},{""x"":33.45632947400309,""y"":37.53315649867376,""width"":33.676436904753096,""height"":31.564986737400524,""rotation"":0,""rectanglelabels"":[""E""],""original_width"":3590,""original_height"":2979},{""x"":8.797260150351352e-16,""y"":37.13527851458888,""width"":33.676436904753096,""height"":31.564986737400524,""rotation"":0,""rectanglelabels"":[""D""],""original_width"":3590,""original_height"":2979},{""x"":-1.6098233857064768e-15,""y"":69.62864721485417,""width"":33.676436904753096,""height"":29.708222811671035,""rotation"":0,""rectanglelabels"":[""G""],""original_width"":3590,""original_height"":2979},{""x"":33.67643690475312,""y"":69.49602122015924,""width"":33.23622204325304,""height"":29.708222811671035,""rotation"":0,""rectanglelabels"":[""H""],""original_width"":3590,""original_height"":2979}]",96.684,2026-05-02T06:39:35.700363Z
1,,2026-05-02T07:10:48.569795Z,2976,/data/local-files/?d=alloy_elsevier_contents/img1590.jpg,"[{""x"":50.48076923076924,""y"":7.105427357601002e-15,""width"":49.51923076923076,""height"":99.77403415742717,""rotation"":0,""rectanglelabels"":[""B""],""original_width"":3150,""original_height"":1117},{""x"":0,""y"":0.22596584257282554,""width"":49.51923076923076,""height"":99.77403415742717,""rotation"":0,""rectanglelabels"":[""A""],""original_width"":3150,""original_height"":1117}]",20.52,2026-05-02T07:10:48.569814Z
1,,2026-05-02T07:13:06.449600Z,2983,/data/local-files/?d=alloy_elsevier_contents/img16.jpg,"[{""x"":-8.881784197001252e-16,""y"":48.989113530326584,""width"":32.980070866267944,""height"":48.833592534992185,""rotation"":0,""rectanglelabels"":[""D""],""original_width"":3492,""original_height"":1815},{""x"":66.85826211968165,""y"":0,""width"":33.14173788031834,""height"":47.122861586314116,""rotation"":0,""rectanglelabels"":[""C""],""original_width"":3492,""original_height"":1815},{""x"":66.6965951056313,""y"":47.90046656298601,""width"":33.30340489436868,""height"":51.47744945567641,""rotation"":0,""rectanglelabels"":[""F""],""original_width"":3492,""original_height"":1815},{""x"":-1.1102230246251567e-15,""y"":-3.1086244689504387e-15,""width"":32.980070866267944,""height"":48.833592534992185,""rotation"":0,""rectanglelabels"":[""A""],""original_width"":3492,""original_height"":1815},{""x"":33.465071908418956,""y"":0,""width"":33.14173788031834,""height"":47.122861586314116,""rotation"":0,""rectanglelabels"":[""B""],""original_width"":3492,""original_height"":1815},{""x"":33.545905415444146,""y"":48.05598755832036,""width"":33.14173788031834,""height"":49.30015552099526,""rotation"":0,""rectanglelabels"":[""E""],""original_width"":3492,""original_height"":1815}]",134.725,2026-05-02T07:13:06.449620Z
1,,2026-05-02T06:40:28.577051Z,3013,/data/local-files/?d=alloy_elsevier_contents/img1669.jpg,"[{""x"":50.852904129964735,""y"":0,""width"":49.147095870035265,""height"":100,""rotation"":0,""rectanglelabels"":[""B""],""original_width"":2332,""original_height"":746},{""x"":0,""y"":0,""width"":49.147095870035265,""height"":100,""rotation"":0,""rectanglelabels"":[""A""],""original_width"":2332,""original_height"":746}]",26.038,2026-05-02T06:40:28.577073Z
