annotator,applies_to,created_at,id,image,label,lead_time,updated_at
2,,2026-05-18T20:03:27.325704Z,3000,/data/local-files/?d=alloy_elsevier_contents/img1000.jpg,"[{""x"": 0.306056187149941, ""y"": 0.18373518881584214, ""width"": 100.0, ""height"": 56.01724616640513, ""rotation"": 0, ""rectanglelabels"": [""A""], ""original_width"": 2754, ""original_height"": 2643}, {""x"": 47.35258430097472, ""y"": 56.657871609165916, ""width"": 43.80023492885021, ""height"": 44.29765649206445, ""rotation"": 0, ""rectanglelabels"": [""C""], ""original_width"": 2754, ""original_height"": 2643}, {""x"": 1.5584785535135475, ""y"": 55.789222419445004, ""width"": 44.23350599861873, ""height"": 42.52336955470057, ""rotation"": 0, ""rectanglelabels"": [""B""], ""original_width"": 2754, ""original_height"": 2643}]",104.565,2026-05-14T23:40:32.325725Z
2,,2026-05-16T20:31:44.593366Z,3001,/data/local-files/?d=alloy_elsevier_contents/img101.jpg,"[{""x"": 0.0, ""y"": 1.2993241753141014, ""width"": 96.40768531967917, ""height"": 99.74561898157565, ""rotation"": 0, ""rectanglelabels"": [""single""], ""original_width"": 2368, ""original_height"": 1581}]",12.849,2026-05-17T12:43:11.593387Z
2,,2026-05-19T03:17:20.030340Z,3002,/data/local-files/?d=alloy_elsevier_contents/img1016.jpg,"[{""x"": 0.0, ""y"": 0.48378995570313044, ""width"": 33.74674449413663, ""height"": 32.7353376993173, ""rotation"": 0, ""rectanglelabels"": [""A""], ""original_width"": 3159, ""original_height"": 2530}, {""x"": 34.46797907177638, ""y"": 1.0994510002658089, ""width"": 32.47300978149897, ""height"": 30.7844518710196, ""rotation"": 0, ""rectanglelabels"": [""B""], ""original_width"": 3159, ""original_height"": 2530}, {""x"": 67.9959961161066, ""y"": 0.0, ""width"": 32.57214726449814, ""height"": 31.553161155257357, ""rotation"": 0, ""rectanglelabels"": [""C""], ""original_width"": 3159, ""original_height"": 2530}, {""x"": 68.05781710942361, ""y"": 32.77813018004178, ""width"": 31.261851359687693, ""height"": 31.92172490174562, ""rotation"": 0, ""rectanglelabels"": [""F""], ""original_width"": 3159, ""original_height"": 2530}, {""x"": 0.10241963108912389, ""y"": 31.58040433943527, ""width"": 32.90888628569474, ""height"": 30.826633517507283, ""rotation"": 0, ""rectanglelabels"": [""D""], ""original_width"": 3159, ""original_height"": 2530}, {""x"": 34.77317797363136, ""y"": 32.436519917084084, ""width"": 31.706489352862853, ""height"": 30.989638240400406, ""rotation"": 0, ""rectanglelabels"": [""E""], ""original_width"": 3159, ""original_height"": 2530}, {""x"": 66.94491217332896, ""y"": 63.478223923074374, ""width"": 33.32348413712668, ""height"": 36.10472732188711, ""rotation"": 0, ""rectanglelabels"": [""I""], ""original_width"": 3159, ""original_height"": 2530}, {""x"": 0.0, ""y"": 63.982913418257986, ""width"": 33.597484727662874, ""height"": 34.91719255181215, ""rotation"": 0, ""rectanglelabels"": [""G""], ""original_width"": 3159, ""original_height"": 2530}, {""x"": 33.58138690945466, ""y"": 63.948289712588945, ""width"": 32.35577013358308, ""height"": 36.34363938123358, ""rotation"": 0, ""rectanglelabels"": [""H""], ""original_width"": 3159, ""original_height"": 2530}]",268.779,2026-05-17T11:36:25.030362Z
2,,2026-05-17T21:43:20.749250Z,3003,/data/local-files/?d=alloy_elsevier_contents/img1018.jpg,"[{""x"": 1.3115033630290807, ""y"": 0.0, ""width"": 99.03992756525017, ""height"": 50.73591898945041, ""rotation"": 0, ""rectanglelabels"": [""A""], ""original_width"": 2371, ""original_height"": 2404}, {""x"": 0.028578881029393433, ""y"": 49.18017221743481, ""width"": 98.64134912627412, ""height"": 48.42150341013852, ""rotation"": 0, ""rectanglelabels"": [""C""], ""original_width"": 2371, ""original_height"": 2404}]",41.686,2026-05-19T10:43:59.749272Z
2,,2026-05-16T14:58:00.159132Z,3004,/data/local-files/?d=alloy_elsevier_contents/img1019.jpg,"[{""x"": 0.0, ""y"": 0.15967768864586462, ""width"": 34.47283249024268, ""height"": 48.80002553576411, ""rotation"": 0, ""rectanglelabels"": [""A""], ""original_width"": 3158, ""original_height"": 1659}, {""x"": 32.27088527589939, ""y"": 1.154365350387327, ""width"": 32.30192917342266, ""height"": 49.77992224822604, ""rotation"": 0, ""rectanglelabels"": [""B""], ""original_width"": 3158, ""original_height"": 1659}, {""x"": 66.37498651298966, ""y"": 0.0, ""width"": 32.12001316913732, ""height"": 46.76891125329963, ""rotation"": 0, ""rectanglelabels"": [""C""], ""original_width"": 3158, ""original_height"": 1659}, {""x"": 0.6662761839297322, ""y"": 51.063069547429585, ""width"": 34.5612042027136, ""height"": 48.15137347057671, ""rotation"": 0, ""rectanglelabels"": [""D""], ""original_width"": 3158, ""original_height"": 1659}, {""x"": 33.35637835714624, ""y"": 49.93821075442416, ""width"": 32.112989782577195, ""height"": 49.906029758486255, ""rotation"": 0, ""rectanglelabels"": [""E""], ""original_width"": 3158, ""original_height"": 1659}, {""x"": 66.87744873982967, ""y"": 48.96454778712183, ""width"": 32.7672814638766, ""height"": 47.60129778488363, ""rotation"": 0, ""rectanglelabels"": [""F""], ""original_width"": 3158, ""original_height"": 1659}]",171.333,2026-05-23T06:05:38.658965Z
2,,2026-05-20T05:58:21.582729Z,3005,/data/local-files/?d=alloy_elsevier_contents/img102.jpg,"[{""x"": 0.0, ""y"": 0.20207083106673007, ""width"": 98.73627114487405, ""height"": 100.0, ""rotation"": 0, ""rectanglelabels"": [""single""], ""original_width"": 3548, ""original_height"": 956}]",196.345,2026-05-21T19:52:53.582751Z
2,,2026-05-18T21:41:19.453391Z,3006,/data/local-files/?d=alloy_elsevier_contents/img1023.jpg,"[{""x"": 1.318307858670227, ""y"": 0.30560685009327726, ""width"": 31.966821400687195, ""height"": 49.04550220735714, ""rotation"": 0, ""rectanglelabels"": [""A""], ""original_width"": 3159, ""original_height"": 1579}, {""x"": 33.88266516702379, ""y"": 0.0, ""width"": 32.266575658263626, ""height"": 50.14496549625614, ""rotation"": 0, ""rectanglelabels"": [""B""], ""original_width"": 3159, ""original_height"": 1579}, {""x"": 67.2101975532, ""y"": 0.0, ""width"": 33.292164142825115, ""height"": 49.01973506305278, ""rotation"": 0, ""rectanglelabels"": [""C""], ""original_width"": 3159, ""original_height"": 1579}, {""x"": 0.0, ""y"": 49.67052013752387, ""width"": 33.316569347859975, ""height"": 49.03408074670822, ""rotation"": 0, ""rectanglelabels"": [""D""], ""original_width"": 3159, ""original_height"": 1579}, {""x"": 32.58788220030298, ""y"": 48.86951617043336, ""width"": 33.53884877791358, ""height"": 49.03028843902721, ""rotation"": 0, ""rectanglelabels"": [""E""], ""original_width"": 3159, ""original_height"": 1579}, {""x"": 68.1646168465301, ""y"": 51.423017661771325, ""width"": 31.76421524215421, ""height"": 48.86990244209673, ""rotation"": 0, ""rectanglelabels"": [""F""], ""original_width"": 3159, ""original_height"": 1579}]",179.284,2026-05-18T22:49:33.996002Z
2,,2026-05-22T17:13:21.340024Z,3007,/data/local-files/?d=alloy_elsevier_contents/img1024.jpg,"[{""x"": 0.8538582728723015, ""y"": 52.43219369015899, ""width"": 99.0712297430856, ""height"": 47.28108974582738, ""rotation"": 0, ""rectanglelabels"": [""B""], ""original_width"": 1722, ""original_height"": 1280}, {""x"": 0.0, ""y"": 0.0, ""width"": 99.90107400410999, ""height"": 50.58156353134527, ""rotation"": 0, ""rectanglelabels"": [""A""], ""original_width"": 1722, ""original_height"": 1280}]",86.782,2026-05-24T05:09:28.340064Z
2,,2026-05-19T12:11:28.159302Z,3008,/data/local-files/?d=alloy_elsevier_contents/img1026.jpg,"[{""x"": 67.33493782798698, ""y"": 0.0, ""width"": 31.625753281321167, ""height"": 29.224432218948714, ""rotation"": 0, ""rectanglelabels"": [""C""], ""original_width"": 2764, ""original_height"": 2358}, {""x"": 1.4214032518886126, ""y"": 0.0, ""width"": 33.69798616793918, ""height"": 30.40444869115094, ""rotation"": 0, ""rectanglelabels"": [""A""], ""original_width"": 2764, ""original_height"": 2358}, {""x"": 32.362240088199144, ""y"": 0.456434681995566, ""width"": 32.99499837793724, ""height"": 27.880821583232766, ""rotation"": 0, ""rectanglelabels"": [""B""], ""original_width"": 2764, ""original_height"": 2358}, {""x"": 0.0, ""y"": 30.562942459781404, ""width"": 99.20913847162504, ""height"": 19.50979900796528, ""rotation"": 0, ""rectanglelabels"": [""unlabel""], ""original_width"": 2764, ""original_height"": 2358}, {""x"": 66.8721563236518, ""y"": 51.501316647585604, ""width"": 34.27924752679297, ""height"": 27.864895107126667, ""rotation"": 0, ""rectanglelabels"": [""F""], ""original_width"": 2764, ""original_height"": 2358}, {""x"": 0.0, ""y"": 50.544292218647804, ""width"": 34.35147315093933, ""height"": 29.72637181330445, ""rotation"": 0, ""rectanglelabels"": [""D""], ""original_width"": 2764, ""original_height"": 2358}, {""x"": 32.8249464605428, ""y"": 51.3463860865875, ""width"": 33.763434882507724, ""height"": 29.721068328374947, ""rotation"": 0, ""rectanglelabels"": [""E""], ""original_width"": 2764, ""original_height"": 2358}, {""x"": 0.48561393585223556, ""y"": 79.82027578537077, ""width"": 99.06969360180287, ""height"": 19.292841144834732, ""rotation"": 0, ""rectanglelabels"": [""unlabel""], ""original_width"": 2764, ""original_height"": 2358}]",354.662,2026-05-19T17:57:54.159322Z
2,,2026-05-25T12:39:13.343099Z,3009,/data/local-files/?d=alloy_elsevier_contents/img1027.jpg,"[{""x"": 50.52149815262454, ""y"": 1.058159676144879, ""width"": 48.459351179952456, ""height"": 100.0, ""rotation"": 0, ""rectanglelabels"": [""B""], ""original_width"": 2765, ""original_height"": 1123}, {""x"": 0.0, ""y"": 0.0, ""width"": 49.772158315484084, ""height"": 100.0, ""rotation"": 0, ""rectanglelabels"": [""A""], ""original_width"": 2765, ""original_height"": 1123}]",36.41,2026-05-20T14:42:40.343122Z
2,,2026-05-23T17:02:44.797039Z,3010,/data/local-files/?d=alloy_elsevier_contents/img1028.jpg,"[{""x"": 51.84722698481362, ""y"": 50.33881499775029, ""width"": 47.97879590778987, ""height"": 51.216320643332665, ""rotation"": 0, ""rectanglelabels"": [""D""], ""original_width"": 3059, ""original_height"": 2296}, {""x"": 0.0, ""y"": 50.73637353224486, ""width"": 47.12650561904154, ""height"": 49.59955941049714, ""rotation"": 0, ""rectanglelabels"": [""C""], ""original_width"": 3059, ""original_height"": 2296}, {""x"": 52.604622907685915, ""y"": 0.0, ""width"": 47.35897935000956, ""height"": 50.66779534736659, ""rotation"": 0, ""rectanglelabels"": [""B""], ""original_width"": 3059, ""original_height"": 2296}, {""x"": 0.0, ""y"": 0.0, ""width"": 49.40581108375733, ""height"": 51.40049121368867, ""rotation"": 0, ""rectanglelabels"": [""A""], ""original_width"": 3059, ""original_height"": 2296}]",49.509,2026-05-24T14:45:13.797060Z
2,,2026-05-24T19:40:38.506018Z,3011,/data/local-files/?d=alloy_elsevier_contents/img1030.jpg,"[{""x"": 0.0, ""y"": 0.0, ""width"": 46.822130386307414, ""height"": 87.0736621479948, ""rotation"": 0, ""rectanglelabels"": [""A""], ""original_width"": 2765, ""original_height"": 1661}, {""x"": 47.797719864342056, ""y"": 1.461699190894513, ""width"": 52.99924238596799, ""height"": 87.71979530022324, ""rotation"": 0, ""rectanglelabels"": [""B""], ""original_width"": 2765, ""original_height"": 1661}, {""x"": 34.08564076355534, ""y"": 83.1280205930437, ""width"": 25.71659746486092, ""height"": 17.586905675337444, ""rotation"": 0, ""rectanglelabels"": [""COMMON_ALL""], ""original_width"": 2765, ""original_height"": 1661}]",101.634,2026-05-22T16:04:37.506040Z
2,,2026-05-22T17:07:33.675987Z,3012,/data/local-files/?d=alloy_elsevier_contents/img1031.jpg,"[{""x"": 0.4450853564469037, ""y"": 0.0, ""width"": 49.52595686051906, ""height"": 31.747390772938598, ""rotation"": 0, ""rectanglelabels"": [""A""], ""original_width"": 2765, ""original_height"": 3465}, {""x"": 0.025701895737135542, ""y"": 68.41491439932285, ""width"": 49.81274364362048, ""height"": 29.490846037874412, ""rotation"": 0, ""rectanglelabels"": [""E""], ""original_width"": 2765, ""original_height"": 3465}, {""x"": 51.81458683696282, ""y"": 1.5866358001701033, ""width"": 47.220526790361916, ""height"": 30.339118972702085, ""rotation"": 0, ""rectanglelabels"": [""B""], ""original_width"": 2765, ""original_height"": 3465}, {""x"": 49.54431981739654, ""y"": 36.91837470448388, ""width"": 47.573012433786424, ""height"": 30.66395589246937, ""rotation"": 0, ""rectanglelabels"": [""D""], ""original_width"": 2765, ""original_height"": 3465}, {""x"": 52.0287358353152, ""y"": 69.34427123743741, ""width"": 47.42388814673277, ""height"": 32.17360217402674, ""rotation"": 0, ""rectanglelabels"": [""F""], ""original_width"": 2765, ""original_height"": 3465}, {""x"": 0.5730588712676292, ""y"": 34.1267412160772, ""width"": 47.19635091914726, ""height"": 30.446097310423394, ""rotation"": 0, ""rectanglelabels"": [""C""], ""original_width"": 2765, ""original_height"": 3465}]",204.357,2026-05-21T21:30:05.676007Z
2,,2026-05-22T20:22:25.244625Z,3013,/data/local-files/?d=alloy_elsevier_contents/img1054.jpg,"[{""x"": 1.4623386934450906, ""y"": 1.4957051772228052, ""width"": 48.33670183948292, ""height"": 97.66413491223288, ""rotation"": 0, ""rectanglelabels"": [""B""], ""original_width"": 2470, ""original_height"": 1023}, {""x"": 52.46317773457857, ""y"": 2.102701324795877, ""width"": 49.43434274975993, ""height"": 96.33060952031123, ""rotation"": 0, ""rectanglelabels"": [""B""], ""original_width"": 2470, ""original_height"": 1023}]",59.65,2026-05-21T18:28:06.244651Z
2,,2026-05-22T20:17:08.972273Z,3014,/data/local-files/?d=alloy_elsevier_contents/img1055.jpg,"[{""x"": 36.62762352167351, ""y"": 50.41964565130025, ""width"": 30.253471482746132, ""height"": 51.38198707438203, ""rotation"": 0, ""rectanglelabels"": [""C""], ""original_width"": 3505, ""original_height"": 1600}, {""x"": 2.5300864965934773, ""y"": 0.0, ""width"": 35.44914754355281, ""height"": 98.64197165093948, ""rotation"": 0, ""rectanglelabels"": [""A""], ""original_width"": 3505, ""original_height"": 1600}, {""x"": 69.11751546492981, ""y"": 50.44355862135252, ""width"": 29.4808435993093, ""height"": 49.013471180210416, ""rotation"": 0, ""rectanglelabels"": [""E""], ""original_width"": 3505, ""original_height"": 1600}, {""x"": 36.891364672066615, ""y"": 0.3697416058055155, ""width"": 32.19906415349918, ""height"": 49.011286781171584, ""rotation"": 0, ""rectanglelabels"": [""B""], ""original_width"": 3505, ""original_height"": 1600}, {""x"": 69.03931784107958, ""y"": 0.4244452158228853, ""width"": 29.997092290166176, ""height"": 49.762033132391124, ""rotation"": 0, ""rectanglelabels"": [""D""], ""original_width"": 3505, ""original_height"": 1600}]",100.776,2026-05-23T21:07:39.972306Z
2,,2026-05-22T13:20:11.065439Z,3015,/data/local-files/?d=alloy_elsevier_contents/img1060.jpg,"[{""x"": 65.40345697851414, ""y"": 0.0, ""width"": 33.895184253576154, ""height"": 99.44103194258497, ""rotation"": 0, ""rectanglelabels"": [""C""], ""original_width"": 3506, ""original_height"": 926}, {""x"": 0.3186265599184299, ""y"": 0.0342691790084344, ""width"": 32.86513537165222, ""height"": 100.0, ""rotation"": 0, ""rectanglelabels"": [""A""], ""original_width"": 3506, ""original_height"": 926}, {""x"": 32.63286778366773, ""y"": 0.6263558515025136, ""width"": 31.71462290627393, ""height"": 100.0, ""rotation"": 0, ""rectanglelabels"": [""B""], ""original_width"": 3506, ""original_height"": 926}]",56.193,2026-05-22T07:28:17.065459Z
2,,2026-05-22T05:09:25.998457Z,3016,/data/local-files/?d=alloy_elsevier_contents/img1061.jpg,"[{""x"": 67.9672334257695, ""y"": 0.6592627890418505, ""width"": 32.477779217383265, ""height"": 39.61476987447646, ""rotation"": 0, ""rectanglelabels"": [""C""], ""original_width"": 3508, ""original_height"": 2182}, {""x"": 33.26704298272308, ""y"": 0.0, ""width"": 32.40564653981288, ""height"": 39.16223722895315, ""rotation"": 0, ""rectanglelabels"": [""B""], ""original_width"": 3508, ""original_height"": 2182}, {""x"": 75.22985422420047, ""y"": 41.88183867574187, ""width"": 25.063438612936437, ""height"": 30.647668973646343, ""rotation"": 0, ""rectanglelabels"": [""G""], ""original_width"": 3508, ""original_height"": 2182}, {""x"": 0.34654474785414147, ""y"": 0.0, ""width"": 33.45314997421459, ""height"": 38.68813370694236, ""rotation"": 0, ""rectanglelabels"": [""A""], ""original_width"": 3508, ""original_height"": 2182}, {""x"": 0.0, ""y"": 40.630785945296566, ""width"": 25.294622445335783, ""height"": 29.903369207557876, ""rotation"": 0, ""rectanglelabels"": [""D""], ""original_width"": 3508, ""original_height"": 2182}, {""x"": 25.530947477634758, ""y"": 40.574142949316226, ""width"": 22.80061677236809, ""height"": 29.358810894176596, ""rotation"": 0, ""rectanglelabels"": [""E""], ""original_width"": 3508, ""original_height"": 2182}, {""x"": 51.952324966641726, ""y"": 71.44882194393172, ""width"": 22.90111268005295, ""height"": 28.193638946623956, ""rotation"": 0, ""rectanglelabels"": [""I""], ""original_width"": 3508, ""original_height"": 2182}, {""x"": 49.399982986554654, ""y"": 41.146486118699166, ""width"": 25.199679153637625, ""height"": 30.39452273005859, ""rotation"": 0, ""rectanglelabels"": [""F""], ""original_width"": 3508, ""original_height"": 2182}, {""x"": 25.575556592312942, ""y"": 71.07913467522292, ""width"": 24.86803638540009, ""height"": 28.536642134628327, ""rotation"": 0, ""rectanglelabels"": [""H""], ""original_width"": 3508, ""original_height"": 2182}]",196.477,2026-05-23T13:03:03.998479Z
2,,2026-05-21T01:16:04.775605Z,3017,/data/local-files/?d=alloy_elsevier_contents/img1062.jpg,"[{""x"": 50.80979199372546, ""y"": 63.01642138348664, ""width"": 49.54420434140112, ""height"": 35.57822805396552, ""rotation"": 0, ""rectanglelabels"": [""E""], ""original_width"": 2470, ""original_height"": 2640}, {""x"": 0.5628672392415588, ""y"": 1.1779794786340996, ""width"": 50.92656744903915, ""height"": 36.39004047634268, ""rotation"": 0, ""rectanglelabels"": [""B""], ""original_width"": 2470, ""original_height"": 2640}, {""x"": 50.9900154675304, ""y"": 0.0, ""width"": 50.358014233092455, ""height"": 35.821380189037804, ""rotation"": 0, ""rectanglelabels"": [""B""], ""original_width"": 2470, ""original_height"": 2640}, {""x"": 0.3931010139709695, ""y"": 35.87315196153939, ""width"": 100.0, ""height"": 25.87342159196068, ""rotation"": 0, ""rectanglelabels"": [""C""], ""original_width"": 2470, ""original_height"": 2640}, {""x"": 0.0, ""y"": 63.258415693803094, ""width"": 49.93864141033827, ""height"": 36.812289889807225, ""rotation"": 0, ""rectanglelabels"": [""D""], ""original_width"": 2470, ""original_height"": 2640}]",209.336,2026-05-21T08:12:21.775626Z
2,,2026-05-24T13:39:53.266744Z,3018,/data/local-files/?d=alloy_elsevier_contents/img1063.jpg,"[{""x"": 0.0, ""y"": 50.430279121873, ""width"": 99.85020927174071, ""height"": 25.054395780062276, ""rotation"": 0, ""rectanglelabels"": [""E""], ""original_width"": 2666, ""original_height"": 4055}, {""x"": 1.019588663525762, ""y"": 0.0, ""width"": 51.01198279697654, ""height"": 24.252856471771555, ""rotation"": 0, ""rectanglelabels"": [""A""], ""original_width"": 2666, ""original_height"": 4055}, {""x"": 48.61232923000773, ""y"": 0.47382338727134354, ""width"": 50.819592878807796, ""height"": 23.502546154604666, ""rotation"": 0, ""rectanglelabels"": [""B""], ""original_width"": 2666, ""original_height"": 4055}, {""x"": 49.32858431888931, ""y"": 25.851977694632627, ""width"": 48.92069126394763, ""height"": 23.251557394600017, ""rotation"": 0, ""rectanglelabels"": [""D""], ""original_width"": 2666, ""original_height"": 4055}, {""x"": 50.03874768026811, ""y"": 73.3509391642174, ""width"": 48.75221682834387, ""height"": 25.165164435358204, ""rotation"": 0, ""rectanglelabels"": [""G""], ""original_width"": 2666, ""original_height"": 4055}, {""x"": 0.0, ""y"": 24.570670106315127, ""width"": 48.865755422725385, ""height"": 25.29773892858222, ""rotation"": 0, ""rectanglelabels"": [""C""], ""original_width"": 2666, ""original_height"": 4055}, {""x"": 0.0, ""y"": 74.82807890572901, ""width"": 51.51714439174492, ""height"": 23.97915661787674, ""rotation"": 0, ""rectanglelabels"": [""F""], ""original_width"": 2666, ""original_height"": 4055}]",113.863,2026-05-24T11:16:04.266764Z
2,,2026-05-24T08:53:26.718389Z,3019,/data/local-files/?d=alloy_elsevier_contents/img1064.jpg,"[{""x"": 50.88491546313479, ""y"": 0.993062456749038, ""width"": 50.36215022517839, ""height"": 24.07683796536098, ""rotation"": 0, ""rectanglelabels"": [""B""], ""original_width"": 2470, ""original_height"": 3822}, {""x"": 0.0, ""y"": 0.14384186924593123, ""width"": 49.26912940609842, ""height"": 24.525312450653754, ""rotation"": 0, ""rectanglelabels"": [""A""], ""original_width"": 2470, ""original_height"": 3822}, {""x"": 51.36466799637911, ""y"": 25.438899273068774, ""width"": 50.55127596606911, ""height"": 25.183858506866724, ""rotation"": 0, ""rectanglelabels"": [""D""], ""original_width"": 2470, ""original_height"": 3822}, {""x"": 1.4421659325567664, ""y"": 24.40143630915824, ""width"": 51.112572126373195, ""height"": 24.20091197174353, ""rotation"": 0, ""rectanglelabels"": [""C""], ""original_width"": 2470, ""original_height"": 3822}, {""x"": 50.95924029362701, ""y"": 47.72380500330833, ""width"": 49.24378223421692, ""height"": 26.334198926598553, ""rotation"": 0, ""rectanglelabels"": [""F""], ""original_width"": 2470, ""original_height"": 3822}, {""x"": 48.93697261815319, ""y"": 73.85990819409425, ""width"": 49.22922966831171, ""height"": 25.097742834862657, ""rotation"": 0, ""rectanglelabels"": [""H""], ""original_width"": 2470, ""original_height"": 3822}, {""x"": 0.0, ""y"": 50.11088257482816, ""width"": 49.22655538552925, ""height"": 26.867631051170388, ""rotation"": 0, ""rectanglelabels"": [""E""], ""original_width"": 2470, ""original_height"": 3822}, {""x"": 0.0, ""y"": 75.77108788492316, ""width"": 49.65809217612565, ""height"": 25.980717643061762, ""rotation"": 0, ""rectanglelabels"": [""G""], ""original_width"": 2470, ""original_height"": 3822}]",300.121,2026-05-24T07:27:51.718410Z
2,,2026-05-23T01:35:32.840275Z,3020,/data/local-files/?d=alloy_elsevier_contents/img1065.jpg,"[{""x"": 35.500898463330245, ""y"": 3.0742873435902496, ""width"": 55.00294613947647, ""height"": 45.43470187442716, ""rotation"": 0, ""rectanglelabels"": [""A""], ""original_width"": 2666, ""original_height"": 1825}, {""x"": 0.2506463760616451, ""y"": 53.11897200122928, ""width"": 54.914697970806046, ""height"": 43.287422678471565, ""rotation"": 0, ""rectanglelabels"": [""B""], ""original_width"": 2666, ""original_height"": 1825}, {""x"": 46.181413317066834, ""y"": 52.280294900110924, ""width"": 53.85174927510643, ""height"": 47.19712776055438, ""rotation"": 0, ""rectanglelabels"": [""C""], ""original_width"": 2666, ""original_height"": 1825}, {""x"": 57.004544618990714, ""y"": 70.86045630900627, ""width"": 0.0, ""height"": 0.7033439171539109, ""rotation"": 0, ""rectanglelabels"": [""A""], ""original_width"": 2666, ""original_height"": 1825}]",91.596,2026-05-20T18:09:40.840298Z
2,,2026-05-25T15:55:36.889382Z,3021,/data/local-files/?d=alloy_elsevier_contents/img1066.jpg,"[{""x"": 0.9917149013409536, ""y"": 0.0, ""width"": 49.74058163894998, ""height"": 37.255215346182624, ""rotation"": 0, ""rectanglelabels"": [""A""], ""original_width"": 2962, ""original_height"": 3631}, {""x"": 51.403774486037, ""y"": 0.9165838909385018, ""width"": 50.03768428126313, ""height"": 37.954807011896335, ""rotation"": 0, ""rectanglelabels"": [""B""], ""original_width"": 2962, ""original_height"": 3631}, {""x"": 48.57417509998375, ""y"": 38.13561891350157, ""width"": 48.9461680153224, ""height"": 32.53864591049347, ""rotation"": 0, ""rectanglelabels"": [""D""], ""original_width"": 2962, ""original_height"": 3631}, {""x"": 0.4426297621704143, ""y"": 37.229545235544265, ""width"": 47.19068225848244, ""height"": 32.68088548880297, ""rotation"": 0, ""rectanglelabels"": [""C""], ""original_width"": 2962, ""original_height"": 3631}, {""x"": 0.0, ""y"": 38.27815290053192, ""width"": 48.60523108037227, ""height"": 32.589498416636985, ""rotation"": 0, ""rectanglelabels"": [""A""], ""original_width"": 2962, ""original_height"": 3631}, {""x"": 49.23713861731701, ""y"": 71.17794359353859, ""width"": 49.78707507078002, ""height"": 28.301839531769804, ""rotation"": 0, ""rectanglelabels"": [""F""], ""original_width"": 2962, ""original_height"": 3631}, {""x"": 0.34773706216065303, ""y"": 73.40838568098872, ""width"": 50.545759181079305, ""height"": 27.745088604623106, ""rotation"": 0, ""rectanglelabels"": [""E""], ""original_width"": 2962, ""original_height"": 3631}]",151.351,2026-05-21T20:34:56.889405Z
2,,2026-05-25T02:23:11.493572Z,3022,/data/local-files/?d=alloy_elsevier_contents/img1067.jpg,"[{""x"": 0.0, ""y"": 0.0, ""width"": 50.06153838037505, ""height"": 51.412668846964216, ""rotation"": 0, ""rectanglelabels"": [""A""], ""original_width"": 2962, ""original_height"": 2845}, {""x"": 0.0, ""y"": 31.42669028463831, ""width"": 19.781540320272384, ""height"": 20.818602541193375, ""rotation"": 0, ""rectanglelabels"": [""C""], ""original_width"": 2962, ""original_height"": 2845}, {""x"": 29.888019589368326, ""y"": 0.0, ""width"": 21.876980688073985, ""height"": 22.285794241650763, ""rotation"": 0, ""rectanglelabels"": [""D""], ""original_width"": 2962, ""original_height"": 2845}, {""x"": 49.59826245958503, ""y"": 0.0, ""width"": 51.07473100101463, ""height"": 50.532539820453465, ""rotation"": 0, ""rectanglelabels"": [""B""], ""original_width"": 2962, ""original_height"": 2845}, {""x"": 0.660223992312583, ""y"": 51.928350362976055, ""width"": 100.0, ""height"": 17.394257924881625, ""rotation"": 0, ""rectanglelabels"": [""E""], ""original_width"": 2962, ""original_height"": 2845}, {""x"": 0.4377086992228567, ""y"": 69.31825839775908, ""width"": 41.470008051789776, ""height"": 29.43336565914063, ""rotation"": 0, ""rectanglelabels"": [""F""], ""original_width"": 2962, ""original_height"": 2845}, {""x"": 40.008466433901326, ""y"": 69.82769791448386, ""width"": 58.57494085790647, ""height"": 30.96117777826182, ""rotation"": 0, ""rectanglelabels"": [""G""], ""original_width"": 2962, ""original_height"": 2845}]",260.552,2026-05-21T02:58:45.493595Z
2,,2026-05-25T10:27:32.028973Z,3023,/data/local-files/?d=alloy_elsevier_contents/img1068.jpg,"[{""x"": 74.7510006202004, ""y"": 0.0, ""width"": 24.248401937898713, ""height"": 33.56458800432542, ""rotation"": 0, ""rectanglelabels"": [""D""], ""original_width"": 3508, ""original_height"": 1835}, {""x"": 36.48566040069782, ""y"": 34.344611571054635, ""width"": 36.13683898796812, ""height"": 66.75016989091571, ""rotation"": 0, ""rectanglelabels"": [""F""], ""original_width"": 3508, ""original_height"": 1835}, {""x"": 24.098006136562365, ""y"": 0.7158139605268523, ""width"": 23.905260505705655, ""height"": 33.1694957282296, ""rotation"": 0, ""rectanglelabels"": [""B""], ""original_width"": 3508, ""original_height"": 1835}, {""x"": 50.603579324815136, ""y"": 0.9034293956427544, ""width"": 26.017293516187124, ""height"": 33.89862010032843, ""rotation"": 0, ""rectanglelabels"": [""C""], ""original_width"": 3508, ""original_height"": 1835}, {""x"": 0.0, ""y"": 0.0, ""width"": 23.982564391140894, ""height"": 33.52479046748032, ""rotation"": 0, ""rectanglelabels"": [""A""], ""original_width"": 3508, ""original_height"": 1835}, {""x"": 0.0, ""y"": 32.76339646150852, ""width"": 35.15809970689547, ""height"": 65.24956057509944, ""rotation"": 0, ""rectanglelabels"": [""E""], ""original_width"": 3508, ""original_height"": 1835}, {""x"": 73.59309193364433, ""y"": 67.64554572559257, ""width"": 28.497553438116643, ""height"": 31.57582618008837, ""rotation"": 0, ""rectanglelabels"": [""H""], ""original_width"": 3508, ""original_height"": 1835}, {""x"": 70.7976192993834, ""y"": 33.27551494860179, ""width"": 27.514977473494525, ""height"": 32.4228528080281, ""rotation"": 0, ""rectanglelabels"": [""G""], ""original_width"": 3508, ""original_height"": 1835}]",204.424,2026-05-25T04:27:49.028993Z
2,,2026-05-23T10:11:43.556225Z,3024,/data/local-files/?d=alloy_elsevier_contents/img1070.jpg,"[{""x"": 18.11279281109812, ""y"": 70.26359223580602, ""width"": 62.68622832368545, ""height"": 30.038965712120945, ""rotation"": 0, ""rectanglelabels"": [""G""], ""original_width"": 2559, ""original_height"": 4497}, {""x"": 49.48468998992779, ""y"": 0.0, ""width"": 49.44507183911378, ""height"": 19.18777440067957, ""rotation"": 0, ""rectanglelabels"": [""B""], ""original_width"": 2559, ""original_height"": 4497}, {""x"": 0.28838053623007753, ""y"": 0.44871300141705306, ""width"": 50.09793335435555, ""height"": 19.08038641488823, ""rotation"": 0, ""rectanglelabels"": [""A""], ""original_width"": 2559, ""original_height"": 4497}, {""x"": 1.2255131328714124, ""y"": 19.20514350970169, ""width"": 49.536428151424204, ""height"": 23.898639041131545, ""rotation"": 0, ""rectanglelabels"": [""C""], ""original_width"": 2559, ""original_height"": 4497}, {""x"": 50.93503567661182, ""y"": 19.241438576669022, ""width"": 50.65117906756379, ""height"": 22.162186705632756, ""rotation"": 0, ""rectanglelabels"": [""D""], ""original_width"": 2559, ""original_height"": 4497}, {""x"": 51.51735857780324, ""y"": 20.37654509121981, ""width"": 48.56479111113091, ""height"": 22.108048377709345, ""rotation"": 0, ""rectanglelabels"": [""A""], ""original_width"": 2559, ""original_height"": 4497}, {""x"": 0.0, ""y"": 44.17466832551824, ""width"": 48.24045058159031, ""height"": 26.828356456297907, ""rotation"": 0, ""rectanglelabels"": [""E""], ""original_width"": 2559, ""original_height"": 4497}, {""x"": 51.297260672093415, ""y"": 43.928429025808015, ""width"": 47.868772301403666, ""height"": 26.467118407098894, ""rotation"": 0, ""rectanglelabels"": [""F""], ""original_width"": 2559, ""original_height"": 4497}]",2715.354,2026-05-23T21:40:31.556246Z
2,,2026-05-23T21:48:47.344184Z,3025,/data/local-files/?d=alloy_elsevier_contents/img1072.jpg,"[{""x"": 65.68886116879479, ""y"": 0.0, ""width"": 32.36523540584885, ""height"": 46.253262399898155, ""rotation"": 0, ""rectanglelabels"": [""C""], ""original_width"": 2962, ""original_height"": 1439}, {""x"": 65.8923009424473, ""y"": 47.003105516669955, ""width"": 31.28180027567676, ""height"": 50.0544287357029, ""rotation"": 0, ""rectanglelabels"": [""F""], ""original_width"": 2962, ""original_height"": 1439}, {""x"": 33.42249181265303, ""y"": 0.9727209039600275, ""width"": 34.45438464195369, ""height"": 47.12375454269338, ""rotation"": 0, ""rectanglelabels"": [""B""], ""original_width"": 2962, ""original_height"": 1439}, {""x"": 0.06643597389636394, ""y"": 0.0, ""width"": 32.791437903827266, ""height"": 46.623032776104935, ""rotation"": 0, ""rectanglelabels"": [""A""], ""original_width"": 2962, ""original_height"": 1439}, {""x"": 0.11994468779404473, ""y"": 47.999687888720395, ""width"": 33.37802233246216, ""height"": 50.34481170488304, ""rotation"": 0, ""rectanglelabels"": [""D""], ""original_width"": 2962, ""original_height"": 1439}, {""x"": 34.16164559668742, ""y"": 48.60756685851001, ""width"": 31.180480834300223, ""height"": 48.36331628417115, ""rotation"": 0, ""rectanglelabels"": [""E""], ""original_width"": 2962, ""original_height"": 1439}]",118.306,2026-05-25T16:57:32.344206Z
2,,2026-05-19T07:33:00.168186Z,3026,/data/local-files/?d=alloy_elsevier_contents/img1096.jpg,"[{""x"": 0.7688064912376715, ""y"": 0.13323707614045127, ""width"": 49.77379821155075, ""height"": 100.0, ""rotation"": 0, ""rectanglelabels"": [""A""], ""original_width"": 2568, ""original_height"": 1088}, {""x"": 48.83344451580702, ""y"": 0.2559888758335631, ""width"": 50.61537708422462, ""height"": 99.97517740657302, ""rotation"": 0, ""rectanglelabels"": [""B""], ""original_width"": 2568, ""original_height"": 1088}]",91.225,2026-05-17T07:34:00.168206Z
2,,2026-05-18T01:00:15.332532Z,3027,/data/local-files/?d=alloy_elsevier_contents/img1100.jpg,"[{""x"": 49.157547444610024, ""y"": 50.30404553945203, ""width"": 52.75905419602991, ""height"": 49.87219909218585, ""rotation"": 0, ""rectanglelabels"": [""D""], ""original_width"": 2561, ""original_height"": 1882}, {""x"": 0.5297989296672516, ""y"": 50.93297673783326, ""width"": 47.64119767545959, ""height"": 48.40132234679992, ""rotation"": 0, ""rectanglelabels"": [""C""], ""original_width"": 2561, ""original_height"": 1882}, {""x"": 1.4105541804257342, ""y"": 0.22895260564388753, ""width"": 48.2414349609364, ""height"": 50.3958586323172, ""rotation"": 0, ""rectanglelabels"": [""A""], ""original_width"": 2561, ""original_height"": 1882}, {""x"": 48.860391760317164, ""y"": 0.1277807830715849, ""width"": 51.258093565426236, ""height"": 47.99424861215551, ""rotation"": 0, ""rectanglelabels"": [""B""], ""original_width"": 2561, ""original_height"": 1882}]",142.531,2026-05-14T18:55:20.332551Z
2,,2026-05-25T22:22:20.900722Z,3028,/data/local-files/?d=alloy_elsevier_contents/img1107.jpg,"[{""x"": 63.743509157404596, ""y"": 0.0, ""width"": 29.60437892506327, ""height"": 49.328373714529256, ""rotation"": 0, ""rectanglelabels"": [""C""], ""original_width"": 2863, ""original_height"": 1739}, {""x"": 63.82201228221437, ""y"": 50.49854706584128, ""width"": 30.450021012918285, ""height"": 48.67182480285768, ""rotation"": 0, ""rectanglelabels"": [""F""], ""original_width"": 2863, ""original_height"": 1739}, {""x"": 31.06484443666777, ""y"": 0.0, ""width"": 32.04198764258939, ""height"": 47.77869023722981, ""rotation"": 0, ""rectanglelabels"": [""B""], ""original_width"": 2863, ""original_height"": 1739}, {""x"": 1.3411822270780682, ""y"": 0.44312906635127725, ""width"": 29.979683971023263, ""height"": 50.236266063319384, ""rotation"": 0, ""rectanglelabels"": [""A""], ""original_width"": 2863, ""original_height"": 1739}, {""x"": 0.0, ""y"": 51.15035612819192, ""width"": 30.76424162654434, ""height"": 48.88580561439064, ""rotation"": 0, ""rectanglelabels"": [""D""], ""original_width"": 2863, ""original_height"": 1739}, {""x"": 31.33830716477322, ""y"": 49.87254253831218, ""width"": 27.932310396571538, ""height"": 49.069647992728534, ""rotation"": 0, ""rectanglelabels"": [""E""], ""original_width"": 2863, ""original_height"": 1739}]",71.399,2026-05-22T15:17:00.900749Z
2,,2026-05-19T13:25:48.729738Z,3029,/data/local-files/?d=alloy_elsevier_contents/img1111.jpg,"[{""x"": 67.5612955235731, ""y"": 0.0, ""width"": 31.809552471795516, ""height"": 55.34898322525935, ""rotation"": 0, ""rectanglelabels"": [""C""], ""original_width"": 2765, ""original_height"": 1833}, {""x"": 67.71057107409949, ""y"": 55.34046486205199, ""width"": 33.78167895288453, ""height"": 38.16301349170274, ""rotation"": 0, ""rectanglelabels"": [""F""], ""original_width"": 2765, ""original_height"": 1833}, {""x"": 33.331320496985136, ""y"": 0.0, ""width"": 32.79917656085203, ""height"": 55.459448310278695, ""rotation"": 0, ""rectanglelabels"": [""B""], ""original_width"": 2765, ""original_height"": 1833}, {""x"": 0.0, ""y"": 1.298556767145783, ""width"": 34.41066174342199, ""height"": 56.11315417141654, ""rotation"": 0, ""rectanglelabels"": [""A""], ""original_width"": 2765, ""original_height"": 1833}, {""x"": 0.0, ""y"": 54.7496072571906, ""width"": 34.36989562168191, ""height"": 36.79955699425075, ""rotation"": 0, ""rectanglelabels"": [""D""], ""original_width"": 2765, ""original_height"": 1833}, {""x"": 32.94620729955695, ""y"": 54.87650477356353, ""width"": 34.54214719717866, ""height"": 36.71092514844342, ""rotation"": 0, ""rectanglelabels"": [""E""], ""original_width"": 2765, ""original_height"": 1833}, {""x"": 2.4140036864622867, ""y"": 93.18779820932356, ""width"": 99.03291202184981, ""height"": 5.396618773034662, ""rotation"": 0, ""rectanglelabels"": [""COMMON_ALL""], ""original_width"": 2765, ""original_height"": 1833}]",215.786,2026-05-17T02:51:39.729757Z
2,,2026-05-22T11:44:48.808654Z,3030,/data/local-files/?d=alloy_elsevier_contents/img1121.jpg,"[{""x"": 51.7681653030593, ""y"": 0.6673314827119281, ""width"": 47.83255477960251, ""height"": 50.890395180023454, ""rotation"": 0, ""rectanglelabels"": [""B""], ""original_width"": 2371, ""original_height"": 1347}, {""x"": 50.8604647359512, ""y"": 50.89359740820479, ""width"": 49.510229812086074, ""height"": 48.530558096903725, ""rotation"": 0, ""rectanglelabels"": [""D""], ""original_width"": 2371, ""original_height"": 1347}, {""x"": 0.8987979218964021, ""y"": 0.8258237726687152, ""width"": 49.15791479741551, ""height"": 52.04754593283427, ""rotation"": 0, ""rectanglelabels"": [""A""], ""original_width"": 2371, ""original_height"": 1347}, {""x"": 1.0780265525047996, ""y"": 51.66001678887855, ""width"": 47.552602382163634, ""height"": 48.636163679358354, ""rotation"": 0, ""rectanglelabels"": [""C""], ""original_width"": 2371, ""original_height"": 1347}]",85.068,2026-05-23T22:41:42.930560Z
2,,2026-05-24T20:49:09.517857Z,3031,/data/local-files/?d=alloy_elsevier_contents/img1125.jpg,"[{""x"": 49.41924988074667, ""y"": 1.1489070377442432, ""width"": 50.419681780789816, ""height"": 47.96187677648039, ""rotation"": 0, ""rectanglelabels"": [""B""], ""original_width"": 2370, ""original_height"": 1972}, {""x"": 50.894870715005354, ""y"": 51.3971880740019, ""width"": 47.7843903515145, ""height"": 49.01927151698192, ""rotation"": 0, ""rectanglelabels"": [""D""], ""original_width"": 2370, ""original_height"": 1972}, {""x"": 0.0, ""y"": 0.0918129889521127, ""width"": 47.5387836013811, ""height"": 48.22434007594159, ""rotation"": 0, ""rectanglelabels"": [""A""], ""original_width"": 2370, ""original_height"": 1972}]",66.856,2026-05-23T02:57:10.517878Z
2,,2026-05-22T00:22:27.662099Z,3032,/data/local-files/?d=alloy_elsevier_contents/img1129.jpg,"[{""x"": 24.808917928160216, ""y"": 51.74479849475988, ""width"": 48.31508699813609, ""height"": 48.918386790206945, ""rotation"": 0, ""rectanglelabels"": [""C""], ""original_width"": 1716, ""original_height"": 2405}, {""x"": 0.0, ""y"": 0.5939800957246761, ""width"": 50.83917815811425, ""height"": 47.83968500022073, ""rotation"": 0, ""rectanglelabels"": [""A""], ""original_width"": 1716, ""original_height"": 2405}, {""x"": 49.72044243423203, ""y"": 0.6070841324322532, ""width"": 48.36403826386191, ""height"": 49.27963213844876, ""rotation"": 0, ""rectanglelabels"": [""B""], ""original_width"": 1716, ""original_height"": 2405}]",70.738,2026-05-24T14:54:37.662124Z
2,,2026-05-24T02:18:17.502456Z,3033,/data/local-files/?d=alloy_elsevier_contents/img1133.jpg,"[{""x"": 24.893914104198394, ""y"": 52.108813367465046, ""width"": 50.27705732857214, ""height"": 47.32723952885361, ""rotation"": 0, ""rectanglelabels"": [""C""], ""original_width"": 1717, ""original_height"": 1331}, {""x"": 1.4780761308806998, ""y"": 0.0, ""width"": 51.49512270525051, ""height"": 47.577493186103716, ""rotation"": 0, ""rectanglelabels"": [""A""], ""original_width"": 1717, ""original_height"": 1331}, {""x"": 49.26215188901476, ""y"": 0.3847029387175642, ""width"": 50.61868772972196, ""height"": 47.83681026181365, ""rotation"": 0, ""rectanglelabels"": [""B""], ""original_width"": 1717, ""original_height"": 1331}]",45.002,2026-05-23T12:15:27.502475Z
2,,2026-05-24T10:18:25.856969Z,3034,/data/local-files/?d=alloy_elsevier_contents/img1137.jpg,"[{""x"": 24.39730958887023, ""y"": 53.26526068140531, ""width"": 50.469000682756345, ""height"": 47.67788632848245, ""rotation"": 0, ""rectanglelabels"": [""C""], ""original_width"": 1717, ""original_height"": 1341}, {""x"": 0.6627851300121268, ""y"": 0.47754462095026096, ""width"": 51.12133854425298, ""height"": 47.529337263673064, ""rotation"": 0, ""rectanglelabels"": [""A""], ""original_width"": 1717, ""original_height"": 1341}, {""x"": 51.103883918853484, ""y"": 0.4390218266715711, ""width"": 49.53312584522334, ""height"": 46.96706252310081, ""rotation"": 0, ""rectanglelabels"": [""B""], ""original_width"": 1717, ""original_height"": 1341}]",56.106,2026-05-21T18:25:23.856991Z
2,,2026-05-22T09:56:23.863418Z,3035,/data/local-files/?d=alloy_elsevier_contents/img114.jpg,"[{""x"": 0.0, ""y"": 0.00538428679452041, ""width"": 99.31758205213706, ""height"": 48.592043671806, ""rotation"": 0, ""rectanglelabels"": [""A""], ""original_width"": 2500, ""original_height"": 1611}, {""x"": 1.2421468606149362, ""y"": 52.90558907035252, ""width"": 100.0, ""height"": 47.632503154104114, ""rotation"": 0, ""rectanglelabels"": [""B""], ""original_width"": 2500, ""original_height"": 1611}]",117.644,2026-05-22T10:14:29.863440Z
2,,2026-05-20T00:55:01.527212Z,3036,/data/local-files/?d=alloy_elsevier_contents/img1149.jpg,"[{""x"": 1.4398267283457105, ""y"": 51.255827395289145, ""width"": 51.57817953707365, ""height"": 49.74330699482763, ""rotation"": 0, ""rectanglelabels"": [""C""], ""original_width"": 2760, ""original_height"": 2094}, {""x"": 0.8720459057668126, ""y"": 0.0, ""width"": 50.77413352981915, ""height"": 49.260025996963364, ""rotation"": 0, ""rectanglelabels"": [""A""], ""original_width"": 2760, ""original_height"": 2094}, {""x"": 53.83891411950428, ""y"": 0.5170223920530432, ""width"": 46.93325130107347, ""height"": 51.1132337502913, ""rotation"": 0, ""rectanglelabels"": [""B""], ""original_width"": 2760, ""original_height"": 2094}, {""x"": 54.64130464922169, ""y"": 48.67905645998671, ""width"": 45.88103673275172, ""height"": 48.72105579555043, ""rotation"": 0, ""rectanglelabels"": [""D""], ""original_width"": 2760, ""original_height"": 2094}]",168.749,2026-05-21T08:37:35.527232Z
2,,2026-05-22T06:07:14.898517Z,3037,/data/local-files/?d=alloy_elsevier_contents/img117.jpg,"[{""x"": 0.0, ""y"": 0.0, ""width"": 33.743323812696474, ""height"": 99.413093753068, ""rotation"": 0, ""rectanglelabels"": [""A""], ""original_width"": 3250, ""original_height"": 1050}, {""x"": 66.65944809664839, ""y"": 0.0, ""width"": 33.56631713963614, ""height"": 98.906992146119, ""rotation"": 0, ""rectanglelabels"": [""C""], ""original_width"": 3250, ""original_height"": 1050}, {""x"": 32.73212983953966, ""y"": 0.5114586565505256, ""width"": 33.13395957862015, ""height"": 100.0, ""rotation"": 0, ""rectanglelabels"": [""B""], ""original_width"": 3250, ""original_height"": 1050}]",75.249,2026-05-23T09:12:14.898538Z
2,,2026-05-24T10:42:26.167823Z,3038,/data/local-files/?d=alloy_elsevier_contents/img1170.jpg,"[{""x"": 51.270210840333476, ""y"": 0.6540528192008666, ""width"": 25.64126452645398, ""height"": 31.6939770054535, ""rotation"": 0, ""rectanglelabels"": [""C""], ""original_width"": 3590, ""original_height"": 2051}, {""x"": 0.30357114741236746, ""y"": 0.19445942189318477, ""width"": 24.188997083408715, ""height"": 34.8067283356913, ""rotation"": 0, ""rectanglelabels"": [""A""], ""original_width"": 3590, ""original_height"": 2051}, {""x"": 75.0010659083554, ""y"": 2.84863192796077, ""width"": 25.035419396398233, ""height"": 32.04559544821892, ""rotation"": 0, ""rectanglelabels"": [""D""], ""original_width"": 3590, ""original_height"": 2051}, {""x"": 0.17271474511997165, ""y"": 34.933120417596484, ""width"": 25.94797133192256, ""height"": 34.336518426513805, ""rotation"": 0, ""rectanglelabels"": [""E""], ""original_width"": 3590, ""original_height"": 2051}, {""x"": 49.479245623565234, ""y"": 65.77237226555084, ""width"": 25.019417722725258, ""height"": 34.77722511691405, ""rotation"": 0, ""rectanglelabels"": [""K""], ""original_width"": 3590, ""original_height"": 2051}, {""x"": 73.95689985123745, ""y"": 34.34387082605809, ""width"": 26.067401678960415, ""height"": 34.22487948064804, ""rotation"": 0, ""rectanglelabels"": [""H""], ""original_width"": 3590, ""original_height"": 2051}, {""x"": 24.561626115099994, ""y"": 2.7973634162395715, ""width"": 24.76356233251953, ""height"": 31.815184526875584, ""rotation"": 0, ""rectanglelabels"": [""B""], ""original_width"": 3590, ""original_height"": 2051}, {""x"": 26.385168333034535, ""y"": 33.384917610412025, ""width"": 25.42404470055061, ""height"": 34.22987644355192, ""rotation"": 0, ""rectanglelabels"": [""F""], ""original_width"": 3590, ""original_height"": 2051}, {""x"": 50.52268668956082, ""y"": 33.18903521945767, ""width"": 26.053023362679365, ""height"": 34.82652709381761, ""rotation"": 0, ""rectanglelabels"": [""G""], ""original_width"": 3590, ""original_height"": 2051}, {""x"": 1.3413036475847595, ""y"": 67.53159628995377, ""width"": 23.430718010804455, ""height"": 34.46328884623949, ""rotation"": 0, ""rectanglelabels"": [""I""], ""original_width"": 3590, ""original_height"": 2051}, {""x"": 24.623109219202128, ""y"": 66.2107816569305, ""width"": 25.466233570497298, ""height"": 33.63050394687042, ""rotation"": 0, ""rectanglelabels"": [""J""], ""original_width"": 3590, ""original_height"": 2051}, {""x"": 74.1341977106274, ""y"": 68.32459313828248, ""width"": 21.978867180434158, ""height"": 30.00395611557595, ""rotation"": 0, ""rectanglelabels"": [""COMMON_ALL""], ""original_width"": 3590, ""original_height"": 2051}]",264.08,2026-05-20T02:35:43.167844Z
2,,2026-05-20T02:28:31.566064Z,3039,/data/local-files/?d=alloy_elsevier_contents/img1172.jpg,"[{""x"": 33.39169243824962, ""y"": 0.34532050885330956, ""width"": 33.52564008615601, ""height"": 26.25535867256714, ""rotation"": 0, ""rectanglelabels"": [""B""], ""original_width"": 3574, ""original_height"": 3538}, {""x"": 67.63279812637306, ""y"": 0.0, ""width"": 33.273933147281234, ""height"": 23.622555527378573, ""rotation"": 0, ""rectanglelabels"": [""C""], ""original_width"": 3574, ""original_height"": 3538}, {""x"": 1.4957602652679807, ""y"": 1.0418956295017283, ""width"": 33.89040021802312, ""height"": 23.852989097885185, ""rotation"": 0, ""rectanglelabels"": [""A""], ""original_width"": 3574, ""original_height"": 3538}, {""x"": 0.6372039446912892, ""y"": 25.79110608005643, ""width"": 35.19413484367179, ""height"": 22.155831500693424, ""rotation"": 0, ""rectanglelabels"": [""D""], ""original_width"": 3574, ""original_height"": 3538}, {""x"": 33.40230630365257, ""y"": 24.6061649861026, ""width"": 32.87114633274783, ""height"": 24.353882191371948, ""rotation"": 0, ""rectanglelabels"": [""E""], ""original_width"": 3574, ""original_height"": 3538}, {""x"": 67.7071958982982, ""y"": 24.90464567608304, ""width"": 33.22143805657863, ""height"": 22.318337009677375, ""rotation"": 0, ""rectanglelabels"": [""F""], ""original_width"": 3574, ""original_height"": 3538}, {""x"": 66.82693220273705, ""y"": 49.965225238800045, ""width"": 34.069009300024796, ""height"": 37.72557016681008, ""rotation"": 0, ""rectanglelabels"": [""I""], ""original_width"": 3574, ""original_height"": 3538}, {""x"": 0.46413887256942665, ""y"": 50.72566905003499, ""width"": 33.34372670588932, ""height"": 51.503926536264586, ""rotation"": 0, ""rectanglelabels"": [""G""], ""original_width"": 3574, ""original_height"": 3538}, {""x"": 33.32579757643851, ""y"": 51.33890032729458, ""width"": 32.93116173425065, ""height"": 50.80763041301099, ""rotation"": 0, ""rectanglelabels"": [""H""], ""original_width"": 3574, ""original_height"": 3538}]",187.173,2026-05-23T14:28:14.566084Z
2,,2026-05-24T18:18:45.338647Z,3040,/data/local-files/?d=alloy_elsevier_contents/img1209.jpg,"[{""x"": 67.85243769777732, ""y"": 0.0, ""width"": 34.41183307485042, ""height"": 98.01633152648508, ""rotation"": 0, ""rectanglelabels"": [""C""], ""original_width"": 2489, ""original_height"": 519}, {""x"": 0.0, ""y"": 0.716387995466147, ""width"": 33.60901491498403, ""height"": 99.40575342822014, ""rotation"": 0, ""rectanglelabels"": [""A""], ""original_width"": 2489, ""original_height"": 519}, {""x"": 33.377462070480675, ""y"": 0.9481180206021262, ""width"": 32.693223825024745, ""height"": 98.10333507743772, ""rotation"": 0, ""rectanglelabels"": [""B""], ""original_width"": 2489, ""original_height"": 519}]",47.198,2026-05-23T06:22:08.338671Z
2,,2026-05-24T18:17:25.199726Z,3041,/data/local-files/?d=alloy_elsevier_contents/img1212.jpg,"[{""x"": 29.38941898248902, ""y"": 1.3492818852685233, ""width"": 68.92153204184969, ""height"": 52.05740759975003, ""rotation"": 0, ""rectanglelabels"": [""B""], ""original_width"": 2765, ""original_height"": 1513}, {""x"": 70.89181239904298, ""y"": 53.695538833745076, ""width"": 30.61144062643586, ""height"": 46.03176955595047, ""rotation"": 0, ""rectanglelabels"": [""E""], ""original_width"": 2765, ""original_height"": 1513}, {""x"": 0.9216641134570329, ""y"": 1.3284898094197628, ""width"": 31.35415824571436, ""height"": 54.188033032590276, ""rotation"": 0, ""rectanglelabels"": [""A""], ""original_width"": 2765, ""original_height"": 1513}, {""x"": 0.34071984160639435, ""y"": 54.618627948533266, ""width"": 36.152251606600174, ""height"": 47.09672241594094, ""rotation"": 0, ""rectanglelabels"": [""C""], ""original_width"": 2765, ""original_height"": 1513}, {""x"": 38.829109253898224, ""y"": 53.49287363250622, ""width"": 30.895871412034335, ""height"": 46.41756586155291, ""rotation"": 0, ""rectanglelabels"": [""D""], ""original_width"": 2765, ""original_height"": 1513}]",102.604,2026-05-22T22:50:39.199753Z
2,,2026-05-23T17:43:48.164558Z,3042,/data/local-files/?d=alloy_elsevier_contents/img1236.jpg,"[{""x"": 63.188444475274316, ""y"": 0.39951603796654145, ""width"": 34.00863796180937, ""height"": 100.0, ""rotation"": 0, ""rectanglelabels"": [""D""], ""original_width"": 3572, ""original_height"": 935}, {""x"": 0.0, ""y"": 0.0, ""width"": 29.330380253000307, ""height"": 99.61015927743098, ""rotation"": 0, ""rectanglelabels"": [""A""], ""original_width"": 3572, ""original_height"": 935}, {""x"": 30.792993031433124, ""y"": 0.8305068599002987, ""width"": 16.30854990061234, ""height"": 98.75487111993147, ""rotation"": 0, ""rectanglelabels"": [""B""], ""original_width"": 3572, ""original_height"": 935}, {""x"": 45.45269827414833, ""y"": 0.0, ""width"": 17.500950443213917, ""height"": 100.0, ""rotation"": 0, ""rectanglelabels"": [""C""], ""original_width"": 3572, ""original_height"": 935}]",71.444,2026-05-26T04:08:41.164580Z
2,,2026-05-25T04:12:08.479297Z,3043,/data/local-files/?d=alloy_elsevier_contents/img1237.jpg,"[{""x"": 50.46428792136597, ""y"": 0.0, ""width"": 48.405420312640125, ""height"": 100.0, ""rotation"": 0, ""rectanglelabels"": [""B""], ""original_width"": 2470, ""original_height"": 1639}, {""x"": 0.27940275117679114, ""y"": 0.08080232144443444, ""width"": 48.62042779722067, ""height"": 99.16155530650757, ""rotation"": 0, ""rectanglelabels"": [""A""], ""original_width"": 2470, ""original_height"": 1639}]",45.525,2026-05-24T14:58:25.479321Z
2,,2026-05-21T07:30:31.038287Z,3044,/data/local-files/?d=alloy_elsevier_contents/img1238.jpg,"[{""x"": 0.0, ""y"": 51.318415932789605, ""width"": 45.72986824826258, ""height"": 47.56129715832802, ""rotation"": 0, ""rectanglelabels"": [""C""], ""original_width"": 2765, ""original_height"": 2462}, {""x"": 2.223408374850682, ""y"": 23.991393156187534, ""width"": 20.13376875752311, ""height"": 4.748176345474455, ""rotation"": 0, ""rectanglelabels"": [""A""], ""original_width"": 2765, ""original_height"": 2462}, {""x"": 0.0, ""y"": 0.0, ""width"": 46.6640271963251, ""height"": 49.543406797146986, ""rotation"": 0, ""rectanglelabels"": [""A""], ""original_width"": 2765, ""original_height"": 2462}, {""x"": 53.94135953686708, ""y"": 0.0, ""width"": 45.37708510623375, ""height"": 48.726844901342794, ""rotation"": 0, ""rectanglelabels"": [""B""], ""original_width"": 2765, ""original_height"": 2462}, {""x"": 53.77536543931394, ""y"": 50.95092898592259, ""width"": 45.30644883095904, ""height"": 49.18459294241501, ""rotation"": 0, ""rectanglelabels"": [""D""], ""original_width"": 2765, ""original_height"": 2462}]",66.232,2026-05-22T15:35:32.038353Z
2,,2026-05-23T02:48:11.881648Z,3045,/data/local-files/?d=alloy_elsevier_contents/img1242.jpg,"[{""x"": 65.69022619366785, ""y"": 0.5985863090533897, ""width"": 32.82871265546713, ""height"": 97.94438453421638, ""rotation"": 0, ""rectanglelabels"": [""C""], ""original_width"": 3159, ""original_height"": 960}, {""x"": 1.4323053195381836, ""y"": 0.7374144793938084, ""width"": 35.1668911410389, ""height"": 100.0, ""rotation"": 0, ""rectanglelabels"": [""A""], ""original_width"": 3159, ""original_height"": 960}, {""x"": 35.853875345107035, ""y"": 0.39967400090456034, ""width"": 28.47660274156531, ""height"": 95.38777972038379, ""rotation"": 0, ""rectanglelabels"": [""B""], ""original_width"": 3159, ""original_height"": 960}]",62.845,2026-05-23T09:46:12.881669Z
2,,2026-05-24T07:11:37.151938Z,3046,/data/local-files/?d=alloy_elsevier_contents/img1243.jpg,"[{""x"": 0.0, ""y"": 0.3071969558194976, ""width"": 33.66256884899258, ""height"": 100.0, ""rotation"": 0, ""rectanglelabels"": [""A""], ""original_width"": 3159, ""original_height"": 945}, {""x"": 32.15396078550349, ""y"": 0.8185442677426817, ""width"": 32.864274037404066, ""height"": 100.0, ""rotation"": 0, ""rectanglelabels"": [""B""], ""original_width"": 3159, ""original_height"": 945}, {""x"": 67.26527568245675, ""y"": 1.455294859457039, ""width"": 34.78681854152347, ""height"": 98.58489626173655, ""rotation"": 0, ""rectanglelabels"": [""C""], ""original_width"": 3159, ""original_height"": 945}]",38.902,2026-05-22T10:28:12.151959Z
2,,2026-05-25T18:15:25.145787Z,3047,/data/local-files/?d=alloy_elsevier_contents/img1244.jpg,"[{""x"": 0.39415536007628793, ""y"": 0.8889890374542846, ""width"": 50.26462612781159, ""height"": 48.760070699690424, ""rotation"": 0, ""rectanglelabels"": [""A""], ""original_width"": 2726, ""original_height"": 2384}, {""x"": 50.10478198659906, ""y"": 0.0, ""width"": 47.230611718634066, ""height"": 49.87146478785934, ""rotation"": 0, ""rectanglelabels"": [""B""], ""original_width"": 2726, ""original_height"": 2384}, {""x"": 0.0, ""y"": 50.83187739281236, ""width"": 50.49457701441095, ""height"": 48.37301152795499, ""rotation"": 0, ""rectanglelabels"": [""C""], ""original_width"": 2726, ""original_height"": 2384}, {""x"": 51.664449473966854, ""y"": 50.44920339791716, ""width"": 48.858778204154376, ""height"": 50.56693846199862, ""rotation"": 0, ""rectanglelabels"": [""D""], ""original_width"": 2726, ""original_height"": 2384}]",43.248,2026-05-24T09:50:13.145808Z
2,,2026-05-21T22:19:50.345552Z,3048,/data/local-files/?d=alloy_elsevier_contents/img1245.jpg,"[{""x"": 0.004101905618482782, ""y"": 1.6384190659896753, ""width"": 30.24987715905354, ""height"": 49.87189247640818, ""rotation"": 0, ""rectanglelabels"": [""A""], ""original_width"": 2962, ""original_height"": 1825}, {""x"": 32.30931406070812, ""y"": 1.4471567432801922, ""width"": 28.906147584275413, ""height"": 49.77525129995629, ""rotation"": 0, ""rectanglelabels"": [""B""], ""original_width"": 2962, ""original_height"": 1825}, {""x"": 60.23120085530694, ""y"": 0.6228651129698366, ""width"": 39.859183591235734, ""height"": 48.61331971786592, ""rotation"": 0, ""rectanglelabels"": [""C""], ""original_width"": 2962, ""original_height"": 1825}, {""x"": 0.49284798150570186, ""y"": 50.65270183661684, ""width"": 100.0, ""height"": 48.601241721009636, ""rotation"": 0, ""rectanglelabels"": [""D""], ""original_width"": 2962, ""original_height"": 1825}]",75.686,2026-05-22T17:59:29.345575Z
2,,2026-05-25T09:12:35.524197Z,3049,/data/local-files/?d=alloy_elsevier_contents/img1246.jpg,"[{""x"": 52.573006346401975, ""y"": 0.0, ""width"": 48.633332653125656, ""height"": 99.48930010236866, ""rotation"": 0, ""rectanglelabels"": [""B""], ""original_width"": 2765, ""original_height"": 1131}, {""x"": 1.2190280914910314, ""y"": 2.100231143044361, ""width"": 47.46221779629994, ""height"": 99.26782638689649, ""rotation"": 0, ""rectanglelabels"": [""A""], ""original_width"": 2765, ""original_height"": 1131}]",55.285,2026-05-21T17:28:30.524216Z
2,,2026-05-23T17:06:27.152856Z,3050,/data/local-files/?d=alloy_elsevier_contents/img126.jpg,"[{""x"": 65.57319123768909, ""y"": 0.0, ""width"": 34.730540298149414, ""height"": 37.67695488194835, ""rotation"": 0, ""rectanglelabels"": [""C""], ""original_width"": 3544, ""original_height"": 2513}, {""x"": 33.4254715571942, ""y"": 0.9868769186833934, ""width"": 34.00761920053792, ""height"": 37.293643851336675, ""rotation"": 0, ""rectanglelabels"": [""B""], ""original_width"": 3544, ""original_height"": 2513}, {""x"": 0.07918001920252205, ""y"": 0.43807446220046353, ""width"": 32.30916862923677, ""height"": 36.322884819544306, ""rotation"": 0, ""rectanglelabels"": [""A""], ""original_width"": 3544, ""original_height"": 2513}, {""x"": 0.0, ""y"": 35.77818929913451, ""width"": 31.681527513897166, ""height"": 32.37748756122371, ""rotation"": 0, ""rectanglelabels"": [""D""], ""original_width"": 3544, ""original_height"": 2513}, {""x"": 66.16523030397767, ""y"": 36.3149076541905, ""width"": 32.674207277355265, ""height"": 29.765978011523288, ""rotation"": 0, ""rectanglelabels"": [""F""], ""original_width"": 3544, ""original_height"": 2513}, {""x"": 67.1777307414988, ""y"": 67.10580955890819, ""width"": 34.66817858564816, ""height"": 32.70297221199914, ""rotation"": 0, ""rectanglelabels"": [""J""], ""original_width"": 3544, ""original_height"": 2513}, {""x"": 1.2450897032125718, ""y"": 66.91562974497722, ""width"": 32.04924264616331, ""height"": 32.4965355454372, ""rotation"": 0, ""rectanglelabels"": [""H""], ""original_width"": 3544, ""original_height"": 2513}, {""x"": 32.184442308438065, ""y"": 67.93254688037212, ""width"": 31.713777580005598, ""height"": 32.691647902162835, ""rotation"": 0, ""rectanglelabels"": [""I""], ""original_width"": 3544, ""original_height"": 2513}, {""x"": 88.83773494504607, ""y"": 37.66453168942187, ""width"": 10.56393192562312, ""height"": 13.340871674300985, ""rotation"": 0, ""rectanglelabels"": [""G""], ""original_width"": 3544, ""original_height"": 2513}, {""x"": 33.02387101863915, ""y"": 37.39911529176454, ""width"": 31.75154013461124, ""height"": 30.867078888036495, ""rotation"": 0, ""rectanglelabels"": [""E""], ""original_width"": 3544, ""original_height"": 2513}]",179.439,2026-05-23T03:09:48.152875Z
2,,2026-05-24T14:59:58.691743Z,3051,/data/local-files/?d=alloy_elsevier_contents/img1263.jpg,"[{""x"": 51.52322962316948, ""y"": 1.4533193805947318, ""width"": 48.827821291897415, ""height"": 33.03231785063123, ""rotation"": 0, ""rectanglelabels"": [""B""], ""original_width"": 2765, ""original_height"": 3229}, {""x"": 50.23818928754919, ""y"": 34.16726000198922, ""width"": 50.80623247464079, ""height"": 34.63767637126362, ""rotation"": 0, ""rectanglelabels"": [""D""], ""original_width"": 2765, ""original_height"": 3229}, {""x"": 0.9037776724546429, ""y"": 0.0, ""width"": 48.65743764978996, ""height"": 34.11053976113324, ""rotation"": 0, ""rectanglelabels"": [""A""], ""original_width"": 2765, ""original_height"": 3229}, {""x"": 51.2502761616853, ""y"": 68.2007575147879, ""width"": 48.21519721026815, ""height"": 33.00054155168572, ""rotation"": 0, ""rectanglelabels"": [""F""], ""original_width"": 2765, ""original_height"": 3229}, {""x"": 1.0534981442543345, ""y"": 33.83794766286764, ""width"": 50.19677850589802, ""height"": 33.00537655129397, ""rotation"": 0, ""rectanglelabels"": [""C""], ""original_width"": 2765, ""original_height"": 3229}, {""x"": 1.2159186269347235, ""y"": 66.9791812464894, ""width"": 49.219845695607866, ""height"": 33.302104510520685, ""rotation"": 0, ""rectanglelabels"": [""E""], ""original_width"": 2765, ""original_height"": 3229}]",49.84,2026-05-24T13:49:26.691762Z
2,,2026-05-24T19:25:12.018420Z,3052,/data/local-files/?d=alloy_elsevier_contents/img1264.jpg,"[{""x"": 47.584634606814056, ""y"": 0.0, ""width"": 50.70623435353609, ""height"": 98.5921237408201, ""rotation"": 0, ""rectanglelabels"": [""B""], ""original_width"": 2765, ""original_height"": 1026}, {""x"": 0.0, ""y"": 0.6441128175696882, ""width"": 46.630566914865575, ""height"": 98.0742170349363, ""rotation"": 0, ""rectanglelabels"": [""A""], ""original_width"": 2765, ""original_height"": 1026}]",19.955,2026-05-24T23:49:26.018445Z
2,,2026-05-23T23:11:26.728701Z,3053,/data/local-files/?d=alloy_elsevier_contents/img1265.jpg,"[{""x"": 1.2175724673098123, ""y"": 0.0, ""width"": 99.14696423340503, ""height"": 98.81593286219768, ""rotation"": 0, ""rectanglelabels"": [""single""], ""original_width"": 1721, ""original_height"": 1298}]",17.7,2026-05-24T22:05:33.728725Z
2,,2026-05-25T22:18:29.241796Z,3054,/data/local-files/?d=alloy_elsevier_contents/img1269.jpg,"[{""x"": 50.16345188652658, ""y"": 0.4168551965184273, ""width"": 49.420298328875795, ""height"": 48.12767378948177, ""rotation"": 0, ""rectanglelabels"": [""B""], ""original_width"": 2765, ""original_height"": 2564}, {""x"": 51.95819653796312, ""y"": 50.56023533026425, ""width"": 49.16002797679507, ""height"": 49.835117162488004, ""rotation"": 0, ""rectanglelabels"": [""D""], ""original_width"": 2765, ""original_height"": 2564}, {""x"": 0.2251423725919039, ""y"": 1.0294647590779924, ""width"": 48.42568258717866, ""height"": 47.943945344248775, ""rotation"": 0, ""rectanglelabels"": [""A""], ""original_width"": 2765, ""original_height"": 2564}, {""x"": 0.0, ""y"": 50.7727388116187, ""width"": 48.11380835924803, ""height"": 49.94389704520748, ""rotation"": 0, ""rectanglelabels"": [""C""], ""original_width"": 2765, ""original_height"": 2564}]",85.01,2026-05-22T14:58:25.241816Z
2,,2026-05-23T08:46:55.782885Z,3055,/data/local-files/?d=alloy_elsevier_contents/img1270.jpg,"[{""x"": 68.4055085220161, ""y"": 0.0, ""width"": 32.28831787933978, ""height"": 15.881589404293157, ""rotation"": 0, ""rectanglelabels"": [""C""], ""original_width"": 2489, ""original_height"": 3862}, {""x"": 34.52971876197031, ""y"": 0.0, ""width"": 31.330352587983405, ""height"": 15.485060016147592, ""rotation"": 0, ""rectanglelabels"": [""B""], ""original_width"": 2489, ""original_height"": 3862}, {""x"": 67.84363928527482, ""y"": 82.45585141558321, ""width"": 32.87338387943212, ""height"": 16.657887246615594, ""rotation"": 0, ""rectanglelabels"": [""R""], ""original_width"": 2489, ""original_height"": 3862}, {""x"": 0.0, ""y"": 0.0, ""width"": 32.14331568929681, ""height"": 16.690069091598822, ""rotation"": 0, ""rectanglelabels"": [""A""], ""original_width"": 2489, ""original_height"": 3862}, {""x"": 0.9911509702908079, ""y"": 0.5540476992269507, ""width"": 34.07013147212425, ""height"": 16.19727575784443, ""rotation"": 0, ""rectanglelabels"": [""A""], ""original_width"": 2489, ""original_height"": 3862}, {""x"": 0.0, ""y"": 82.6428755005982, ""width"": 33.27580908754629, ""height"": 17.592497695127047, ""rotation"": 0, ""rectanglelabels"": [""P""], ""original_width"": 2489, ""original_height"": 3862}, {""x"": 32.253708473816104, ""y"": 82.84309073551944, ""width"": 33.50100155444484, ""height"": 17.419053399844973, ""rotation"": 0, ""rectanglelabels"": [""Q""], ""original_width"": 2489, ""original_height"": 3862}, {""x"": 0.0, ""y"": 15.878825779651798, ""width"": 32.32234608181576, ""height"": 17.207900484958607, ""rotation"": 0, ""rectanglelabels"": [""D""], ""original_width"": 2489, ""original_height"": 3862}, {""x"": 33.41794452218171, ""y"": 15.525750165078017, ""width"": 33.068375411159955, ""height"": 15.620014929645306, ""rotation"": 0, ""rectanglelabels"": [""E""], ""original_width"": 2489, ""original_height"": 3862}, {""x"": 68.3719297978413, ""y"": 15.465842009281532, ""width"": 33.09486801743075, ""height"": 15.58133206133228, ""rotation"": 0, ""rectanglelabels"": [""F""], ""original_width"": 2489, ""original_height"": 3862}, {""x"": 1.3330628867514898, ""y"": 33.08188218675799, ""width"": 32.327739238691095, ""height"": 16.080892144114245, ""rotation"": 0, ""rectanglelabels"": [""G""], ""original_width"": 2489, ""original_height"": 3862}, {""x"": 35.01219325668775, ""y"": 32.78813792260766, ""width"": 31.688125567527525, ""height"": 16.837887716328503, ""rotation"": 0, ""rectanglelabels"": [""H""], ""original_width"": 2489, ""original_height"": 3862}, {""x"": 66.97436686612134, ""y"": 34.63019039813935, ""width"": 31.927836002164256, ""height"": 15.009516762892858, ""rotation"": 0, ""rectanglelabels"": [""I""], ""original_width"": 2489, ""original_height"": 3862}, {""x"": 0.0, ""y"": 50.259111175636505, ""width"": 34.112968409289934, ""height"": 15.303051700804929, ""rotation"": 0, ""rectanglelabels"": [""J""], ""original_width"": 2489, ""original_height"": 3862}, {""x"": 32.87904447615868, ""y"": 49.36854138689774, ""width"": 32.111433630782386, ""height"": 15.648602091011686, ""rotation"": 0, ""rectanglelabels"": [""K""], ""original_width"": 2489, ""original_height"": 3862}, {""x"": 67.21007337454125, ""y"": 50.746446677860206, ""width"": 31.62760823095545, ""height"": 16.09340738629394, ""rotation"": 0, ""rectanglelabels"": [""L""], ""original_width"": 2489, ""original_height"": 3862}, {""x"": 0.0, ""y"": 67.59633103760059, ""width"": 33.86249560729655, ""height"": 16.60623668958695, ""rotation"": 0, ""rectanglelabels"": [""M""], ""original_width"": 2489, ""original_height"": 3862}, {""x"": 33.59259049956177, ""y"": 67.5212116697952, ""width"": 33.50210740124701, ""height"": 14.933756435940218, ""rotation"": 0, ""rectanglelabels"": [""N""], ""original_width"": 2489, ""original_height"": 3862}, {""x"": 67.88587775192329, ""y"": 66.7279764889155, ""width"": 32.666931973151364, ""height"": 17.01137619577633, ""rotation"": 0, ""rectanglelabels"": [""O""], ""original_width"": 2489, ""original_height"": 3862}]",1322.396,2026-05-25T23:14:45.782905Z
2,,2026-05-21T00:14:37.159057Z,3056,/data/local-files/?d=alloy_elsevier_contents/img1277.jpg,"[{""x"": 0.0, ""y"": 0.4354886270983889, ""width"": 32.69970078556315, ""height"": 34.61942937302295, ""rotation"": 0, ""rectanglelabels"": [""A""], ""original_width"": 3060, ""original_height"": 2077}, {""x"": 65.2936009050524, ""y"": 0.08180981728093051, ""width"": 32.899581401092725, ""height"": 31.949342120781147, ""rotation"": 0, ""rectanglelabels"": [""C""], ""original_width"": 3060, ""original_height"": 2077}, {""x"": 66.78200417257847, ""y"": 65.92691796873422, ""width"": 31.962899018433923, ""height"": 32.40458816371848, ""rotation"": 0, ""rectanglelabels"": [""I""], ""original_width"": 3060, ""original_height"": 2077}, {""x"": 33.127323448738515, ""y"": 0.0, ""width"": 34.30450316577422, ""height"": 31.381478340349418, ""rotation"": 0, ""rectanglelabels"": [""B""], ""original_width"": 3060, ""original_height"": 2077}, {""x"": 65.8555603111446, ""y"": 33.604637691784056, ""width"": 34.16357052641881, ""height"": 31.657021304229012, ""rotation"": 0, ""rectanglelabels"": [""F""], ""original_width"": 3060, ""original_height"": 2077}, {""x"": 34.382189889419244, ""y"": 34.2569732467046, ""width"": 32.06665428525041, ""height"": 33.139369866047915, ""rotation"": 0, ""rectanglelabels"": [""E""], ""original_width"": 3060, ""original_height"": 2077}, {""x"": 0.5819419231223817, ""y"": 34.86037251183888, ""width"": 32.1503487179217, ""height"": 31.710923570948562, ""rotation"": 0, ""rectanglelabels"": [""D""], ""original_width"": 3060, ""original_height"": 2077}, {""x"": 0.0, ""y"": 65.65348311064373, ""width"": 33.689923378039786, ""height"": 34.29552552982611, ""rotation"": 0, ""rectanglelabels"": [""G""], ""original_width"": 3060, ""original_height"": 2077}, {""x"": 34.29853006494401, ""y"": 68.50548744740698, ""width"": 34.5095376738758, ""height"": 33.30725768922388, ""rotation"": 0, ""rectanglelabels"": [""H""], ""original_width"": 3060, ""original_height"": 2077}]",253.781,2026-05-23T20:28:03.159077Z
2,,2026-05-21T23:49:50.268123Z,3057,/data/local-files/?d=alloy_elsevier_contents/img128.jpg,"[{""x"": 68.01539788923144, ""y"": 32.38675901055447, ""width"": 32.0893134078754, ""height"": 32.16337905134538, ""rotation"": 0, ""rectanglelabels"": [""F""], ""original_width"": 3420, ""original_height"": 2667}, {""x"": 1.4553976401905797, ""y"": 0.8761970208334224, ""width"": 32.44385341267368, ""height"": 33.34655179364917, ""rotation"": 0, ""rectanglelabels"": [""A""], ""original_width"": 3420, ""original_height"": 2667}, {""x"": 33.25361923393324, ""y"": 0.21683222134957925, ""width"": 33.13586237768809, ""height"": 34.81352185423676, ""rotation"": 0, ""rectanglelabels"": [""B""], ""original_width"": 3420, ""original_height"": 2667}, {""x"": 66.38447683063995, ""y"": 1.1527393405038597, ""width"": 31.202081174303448, ""height"": 33.05896592362112, ""rotation"": 0, ""rectanglelabels"": [""C""], ""original_width"": 3420, ""original_height"": 2667}, {""x"": 67.85444073650383, ""y"": 66.38459346058688, ""width"": 32.23722222049683, ""height"": 33.27970245155302, ""rotation"": 0, ""rectanglelabels"": [""I""], ""original_width"": 3420, ""original_height"": 2667}, {""x"": 33.60410798550471, ""y"": 32.24046632808595, ""width"": 31.95591986988278, ""height"": 31.713149264903432, ""rotation"": 0, ""rectanglelabels"": [""E""], ""original_width"": 3420, ""original_height"": 2667}, {""x"": 0.0, ""y"": 33.323108072842736, ""width"": 31.389840690736378, ""height"": 34.16473127786416, ""rotation"": 0, ""rectanglelabels"": [""D""], ""original_width"": 3420, ""original_height"": 2667}, {""x"": 0.22679113095856718, ""y"": 66.71195610204657, ""width"": 33.30818177057431, ""height"": 32.43850074254954, ""rotation"": 0, ""rectanglelabels"": [""G""], ""original_width"": 3420, ""original_height"": 2667}, {""x"": 33.31511701929238, ""y"": 67.55323301309929, ""width"": 33.49900927790396, ""height"": 33.60570826793093, ""rotation"": 0, ""rectanglelabels"": [""H""], ""original_width"": 3420, ""original_height"": 2667}]",141.48,2026-05-23T05:01:31.268144Z
2,,2026-05-22T00:45:08.345956Z,3058,/data/local-files/?d=alloy_elsevier_contents/img1280.jpg,"[{""x"": 1.0378011184675975, ""y"": 0.0, ""width"": 34.84340012544624, ""height"": 35.76000088196343, ""rotation"": 0, ""rectanglelabels"": [""A""], ""original_width"": 3059, ""original_height"": 2103}, {""x"": 66.2362939890155, ""y"": 67.35239905197153, ""width"": 32.61115013174759, ""height"": 32.06379420057887, ""rotation"": 0, ""rectanglelabels"": [""I""], ""original_width"": 3059, ""original_height"": 2103}, {""x"": 0.0, ""y"": 36.932297599119785, ""width"": 33.400811651921664, ""height"": 32.53227338650635, ""rotation"": 0, ""rectanglelabels"": [""D""], ""original_width"": 3059, ""original_height"": 2103}, {""x"": 68.08693183590792, ""y"": 0.3154167235855656, ""width"": 33.34555477389868, ""height"": 35.42449896310696, ""rotation"": 0, ""rectanglelabels"": [""C""], ""original_width"": 3059, ""original_height"": 2103}, {""x"": 35.92794106895366, ""y"": 0.0, ""width"": 30.954350171432534, ""height"": 35.65800606128616, ""rotation"": 0, ""rectanglelabels"": [""B""], ""original_width"": 3059, ""original_height"": 2103}, {""x"": 0.23031369443213912, ""y"": 68.3973151661017, ""width"": 35.239105854031905, ""height"": 31.80583511734482, ""rotation"": 0, ""rectanglelabels"": [""G""], ""original_width"": 3059, ""original_height"": 2103}, {""x"": 35.17645456271637, ""y"": 67.93803941405324, ""width"": 33.020708927259456, ""height"": 31.425089736759897, ""rotation"": 0, ""rectanglelabels"": [""H""], ""original_width"": 3059, ""original_height"": 2103}, {""x"": 36.322182776837025, ""y"": 35.743226977890785, ""width"": 33.103528370282945, ""height"": 32.61104728994212, ""rotation"": 0, ""rectanglelabels"": [""E""], ""original_width"": 3059, ""original_height"": 2103}, {""x"": 66.88158557184671, ""y"": 34.419853655955336, ""width"": 31.19045514124646, ""height"": 31.874891266116315, ""rotation"": 0, ""rectanglelabels"": [""F""], ""original_width"": 3059, ""original_height"": 2103}]",268.415,2026-05-23T12:21:27.345982Z
2,,2026-05-24T13:08:21.297350Z,3059,/data/local-files/?d=alloy_elsevier_contents/img1284.jpg,"[{""x"": 28.16979047180381, ""y"": 0.0, ""width"": 48.941327697755824, ""height"": 51.909091578279565, ""rotation"": 0, ""rectanglelabels"": [""A""], ""original_width"": 2370, ""original_height"": 2008}, {""x"": 0.0, ""y"": 47.77740178600261, ""width"": 48.744490480278564, ""height"": 50.570016594526145, ""rotation"": 0, ""rectanglelabels"": [""B""], ""original_width"": 2370, ""original_height"": 2008}, {""x"": 76.3245987423911, ""y"": 78.94623283188585, ""width"": 1.6750798601059274, ""height"": 8.17106601949456, ""rotation"": 0, ""rectanglelabels"": [""B""], ""original_width"": 2370, ""original_height"": 2008}, {""x"": 51.0466217175943, ""y"": 49.10653258473772, ""width"": 46.28617573039435, ""height"": 50.54331541996331, ""rotation"": 0, ""rectanglelabels"": [""C""], ""original_width"": 2370, ""original_height"": 2008}]",99.764,2026-05-24T06:42:05.297375Z
2,,2026-05-23T13:35:29.508244Z,3060,/data/local-files/?d=alloy_elsevier_contents/img1287.jpg,"[{""x"": 0.0, ""y"": 0.0, ""width"": 57.93613392536729, ""height"": 99.0123173248143, ""rotation"": 0, ""rectanglelabels"": [""A""], ""original_width"": 2665, ""original_height"": 1064}, {""x"": 58.241007170453656, ""y"": 0.0, ""width"": 42.449950138439306, ""height"": 98.45081800103227, ""rotation"": 0, ""rectanglelabels"": [""B""], ""original_width"": 2665, ""original_height"": 1064}]",33.514,2026-05-25T21:19:15.508263Z
2,,2026-05-26T04:10:57.730897Z,3061,/data/local-files/?d=alloy_elsevier_contents/img129.jpg,"[{""x"": 50.037619816113164, ""y"": 0.6825241900781758, ""width"": 51.591231500270055, ""height"": 50.65882001511229, ""rotation"": 0, ""rectanglelabels"": [""A""], ""original_width"": 2615, ""original_height"": 2038}, {""x"": 49.62561804926335, ""y"": 51.537104878592714, ""width"": 49.16009271944407, ""height"": 48.83340883291382, ""rotation"": 0, ""rectanglelabels"": [""D""], ""original_width"": 2615, ""original_height"": 2038}, {""x"": 0.0, ""y"": 0.012766587369614113, ""width"": 48.029672066900424, ""height"": 49.33916203287191, ""rotation"": 0, ""rectanglelabels"": [""B""], ""original_width"": 2615, ""original_height"": 2038}, {""x"": 1.467272101862168, ""y"": 51.46957788322132, ""width"": 46.09289278194947, ""height"": 50.496866483376614, ""rotation"": 0, ""rectanglelabels"": [""C""], ""original_width"": 2615, ""original_height"": 2038}]",41.762,2026-05-21T10:54:35.730920Z
2,,2026-05-23T18:03:38.104987Z,3062,/data/local-files/?d=alloy_elsevier_contents/img1290.jpg,"[{""x"": 66.71421647413379, ""y"": 0.0, ""width"": 31.626619898919046, ""height"": 99.49912211605827, ""rotation"": 0, ""rectanglelabels"": [""C""], ""original_width"": 3257, ""original_height"": 1123}, {""x"": 0.0, ""y"": 0.0, ""width"": 33.67577294892235, ""height"": 97.72093580109288, ""rotation"": 0, ""rectanglelabels"": [""A""], ""original_width"": 3257, ""original_height"": 1123}, {""x"": 33.081444150930935, ""y"": 0.339204363194034, ""width"": 31.7030169158473, ""height"": 100.0, ""rotation"": 0, ""rectanglelabels"": [""B""], ""original_width"": 3257, ""original_height"": 1123}]",47.879,2026-05-23T03:00:40.105011Z
2,,2026-05-24T01:50:26.871171Z,3063,/data/local-files/?d=alloy_elsevier_contents/img1291.jpg,"[{""x"": 0.0, ""y"": 1.345124483816353, ""width"": 49.534133944062795, ""height"": 99.3277852251644, ""rotation"": 0, ""rectanglelabels"": [""A""], ""original_width"": 2666, ""original_height"": 1704}, {""x"": 51.45352381091373, ""y"": 0.2511064255463591, ""width"": 50.876434724414125, ""height"": 100.0, ""rotation"": 0, ""rectanglelabels"": [""B""], ""original_width"": 2666, ""original_height"": 1704}]",42.534,2026-05-25T23:14:30.871194Z
2,,2026-05-22T02:18:08.951419Z,3064,/data/local-files/?d=alloy_elsevier_contents/img1293.jpg,"[{""x"": 0.0, ""y"": 54.450630170771895, ""width"": 99.74127453216254, ""height"": 46.15426468611873, ""rotation"": 0, ""rectanglelabels"": [""B""], ""original_width"": 3257, ""original_height"": 2713}, {""x"": 1.1552408552129103, ""y"": 0.0, ""width"": 100.0, ""height"": 53.20536952127248, ""rotation"": 0, ""rectanglelabels"": [""A""], ""original_width"": 3257, ""original_height"": 2713}]",35.46,2026-05-26T01:02:38.951441Z
2,,2026-05-21T12:50:36.380812Z,3065,/data/local-files/?d=alloy_elsevier_contents/img1310.jpg,"[{""x"": 0.054437706148245224, ""y"": 0.824916905421273, ""width"": 33.43045792861456, ""height"": 50.11845312673696, ""rotation"": 0, ""rectanglelabels"": [""A""], ""original_width"": 3590, ""original_height"": 1741}, {""x"": 67.40704756125267, ""y"": 49.020177191376625, ""width"": 32.21471170990902, ""height"": 48.12202511491373, ""rotation"": 0, ""rectanglelabels"": [""F""], ""original_width"": 3590, ""original_height"": 1741}, {""x"": 67.04599354292534, ""y"": 0.9866803991430468, ""width"": 32.50558651455293, ""height"": 48.607924462880106, ""rotation"": 0, ""rectanglelabels"": [""C""], ""original_width"": 3590, ""original_height"": 1741}, {""x"": 32.40083789367039, ""y"": 1.2363724827720335, ""width"": 32.82744530559893, ""height"": 48.56286096593444, ""rotation"": 0, ""rectanglelabels"": [""B""], ""original_width"": 3590, ""original_height"": 1741}, {""x"": 0.8159693524462253, ""y"": 51.662773683981875, ""width"": 33.73039155255177, ""height"": 49.579939930089466, ""rotation"": 0, ""rectanglelabels"": [""D""], ""original_width"": 3590, ""original_height"": 1741}, {""x"": 34.03482584051481, ""y"": 49.74345917407681, ""width"": 32.54002165913547, ""height"": 49.17425995242221, ""rotation"": 0, ""rectanglelabels"": [""E""], ""original_width"": 3590, ""original_height"": 1741}]",66.568,2026-05-22T20:33:21.380840Z
2,,2026-05-23T16:01:49.432319Z,3066,/data/local-files/?d=alloy_elsevier_contents/img1337.jpg,"[{""x"": 67.12610906758168, ""y"": 52.427716522803614, ""width"": 33.72034683890986, ""height"": 48.23910777146426, ""rotation"": 0, ""rectanglelabels"": [""F""], ""original_width"": 3591, ""original_height"": 1610}, {""x"": 0.2204304116209349, ""y"": 50.898803400195604, ""width"": 34.242635087747665, ""height"": 48.55933701189299, ""rotation"": 0, ""rectanglelabels"": [""D""], ""original_width"": 3591, ""original_height"": 1610}, {""x"": 33.33357466576966, ""y"": 51.706766950790524, ""width"": 31.994782068889208, ""height"": 47.50193910546858, ""rotation"": 0, ""rectanglelabels"": [""E""], ""original_width"": 3591, ""original_height"": 1610}, {""x"": 1.5781745636517033, ""y"": 0.0, ""width"": 34.327382598796625, ""height"": 49.343655796623125, ""rotation"": 0, ""rectanglelabels"": [""A""], ""original_width"": 3591, ""original_height"": 1610}, {""x"": 34.434069434122925, ""y"": 0.32539237689374434, ""width"": 34.03920881365109, ""height"": 48.189137810964326, ""rotation"": 0, ""rectanglelabels"": [""B""], ""original_width"": 3591, ""original_height"": 1610}, {""x"": 67.13070035590547, ""y"": 0.49829635277996154, ""width"": 31.88303344784023, ""height"": 49.59841257503588, ""rotation"": 0, ""rectanglelabels"": [""C""], ""original_width"": 3591, ""original_height"": 1610}]",55.651,2026-05-24T16:46:58.432339Z
2,,2026-05-22T08:01:36.113524Z,3067,/data/local-files/?d=alloy_elsevier_contents/img134.jpg,"[{""x"": 0.20802499998893376, ""y"": 0.0, ""width"": 17.814797079184224, ""height"": 39.75352259792622, ""rotation"": 0, ""rectanglelabels"": [""A""], ""original_width"": 3001, ""original_height"": 1919}, {""x"": 20.756447798902954, ""y"": 1.433732135499264, ""width"": 28.854828625587714, ""height"": 39.337183066001145, ""rotation"": 0, ""rectanglelabels"": [""B""], ""original_width"": 3001, ""original_height"": 1919}, {""x"": 51.16274540619279, ""y"": 41.42242603590705, ""width"": 49.51622693742276, ""height"": 58.711658411871035, ""rotation"": 0, ""rectanglelabels"": [""E""], ""original_width"": 3001, ""original_height"": 1919}, {""x"": 0.0, ""y"": 41.41232079026103, ""width"": 47.74209862052444, ""height"": 58.750100214258275, ""rotation"": 0, ""rectanglelabels"": [""D""], ""original_width"": 3001, ""original_height"": 1919}, {""x"": 51.61317743084408, ""y"": 0.0, ""width"": 49.55977832721908, ""height"": 39.92950397762402, ""rotation"": 0, ""rectanglelabels"": [""C""], ""original_width"": 3001, ""original_height"": 1919}]",107.221,2026-05-22T07:25:05.113545Z
2,,2026-05-22T20:16:29.931262Z,3068,/data/local-files/?d=alloy_elsevier_contents/img1340.jpg,"[{""x"": 30.730022428923967, ""y"": 0.7470096043228733, ""width"": 34.48557232091754, ""height"": 95.31138745471596, ""rotation"": 0, ""rectanglelabels"": [""B""], ""original_width"": 3590, ""original_height"": 929}, {""x"": 0.0, ""y"": 0.0, ""width"": 31.501982848772265, ""height"": 97.22835106416368, ""rotation"": 0, ""rectanglelabels"": [""A""], ""original_width"": 3590, ""original_height"": 929}, {""x"": 63.32475498830214, ""y"": 0.6830727603345561, ""width"": 36.60430858132994, ""height"": 98.40768272636487, ""rotation"": 0, ""rectanglelabels"": [""C""], ""original_width"": 3590, ""original_height"": 929}]",44.753,2026-05-21T19:10:07.931285Z
2,,2026-05-25T20:41:44.719142Z,3069,/data/local-files/?d=alloy_elsevier_contents/img1352.jpg,"[{""x"": 34.1039483914998, ""y"": 33.85471448331523, ""width"": 31.23637110605038, ""height"": 26.655682161142224, ""rotation"": 0, ""rectanglelabels"": [""J""], ""original_width"": 2954, ""original_height"": 3138}, {""x"": 74.52846052818447, ""y"": 17.374934829447923, ""width"": 23.519621131073116, ""height"": 15.569997706859878, ""rotation"": 0, ""rectanglelabels"": [""H""], ""original_width"": 2954, ""original_height"": 3138}, {""x"": 25.17812113611059, ""y"": 16.366385391430434, ""width"": 24.223247018849705, ""height"": 14.720914184091365, ""rotation"": 0, ""rectanglelabels"": [""F""], ""original_width"": 2954, ""original_height"": 3138}, {""x"": 49.44077637100666, ""y"": 15.436069584515373, ""width"": 25.885192845231103, ""height"": 15.169496503340515, ""rotation"": 0, ""rectanglelabels"": [""G""], ""original_width"": 2954, ""original_height"": 3138}, {""x"": 1.3074761610041665, ""y"": 0.0, ""width"": 24.09086043993758, ""height"": 15.077340773290196, ""rotation"": 0, ""rectanglelabels"": [""A""], ""original_width"": 2954, ""original_height"": 3138}, {""x"": 24.27731585815938, ""y"": 0.0, ""width"": 24.687519522574444, ""height"": 15.455766250534435, ""rotation"": 0, ""rectanglelabels"": [""B""], ""original_width"": 2954, ""original_height"": 3138}, {""x"": 48.80854696015923, ""y"": 0.0, ""width"": 23.649045000175473, ""height"": 15.74049255226685, ""rotation"": 0, ""rectanglelabels"": [""C""], ""original_width"": 2954, ""original_height"": 3138}, {""x"": 74.39640535780538, ""y"": 0.0, ""width"": 24.99835812758282, ""height"": 16.506452249712186, ""rotation"": 0, ""rectanglelabels"": [""D""], ""original_width"": 2954, ""original_height"": 3138}, {""x"": 1.163404242028827, ""y"": 17.7621631234542, ""width"": 25.01100840016593, ""height"": 15.653268183468986, ""rotation"": 0, ""rectanglelabels"": [""E""], ""original_width"": 2954, ""original_height"": 3138}, {""x"": 68.19879219037385, ""y"": 32.90234887248042, ""width"": 32.07127327735995, ""height"": 27.103703655510298, ""rotation"": 0, ""rectanglelabels"": [""K""], ""original_width"": 2954, ""original_height"": 3138}, {""x"": 0.0, ""y"": 33.77021598047122, ""width"": 34.160632404880914, ""height"": 26.76522014911378, ""rotation"": 0, ""rectanglelabels"": [""I""], ""original_width"": 2954, ""original_height"": 3138}, {""x"": 2.4281238663722844, ""y"": 61.83569306244742, ""width"": 98.94974988410762, ""height"": 40.308682577741905, ""rotation"": 0, ""rectanglelabels"": [""L""], ""original_width"": 2954, ""original_height"": 3138}, {""x"": 6.65806562022009, ""y"": 37.112519353484934, ""width"": 8.151846481190088, ""height"": 4.121955980721351, ""rotation"": 0, ""rectanglelabels"": [""COMMON_PARTIAL""], ""original_width"": 2954, ""original_height"": 3138}]",328.747,2026-05-23T12:11:01.719165Z
2,,2026-05-25T20:59:57.542845Z,3070,/data/local-files/?d=alloy_elsevier_contents/img1353.jpg,"[{""x"": 75.44150211445462, ""y"": 45.74715738980026, ""width"": 24.919550654361764, ""height"": 44.293340801592215, ""rotation"": 0, ""rectanglelabels"": [""H""], ""original_width"": 3159, ""original_height"": 1194}, {""x"": 0.0, ""y"": 46.45689460829896, ""width"": 23.550165698232163, ""height"": 44.45998811406306, ""rotation"": 0, ""rectanglelabels"": [""E""], ""original_width"": 3159, ""original_height"": 1194}, {""x"": 25.422290301193588, ""y"": 44.337227714071965, ""width"": 24.732571693776674, ""height"": 46.269859906976684, ""rotation"": 0, ""rectanglelabels"": [""F""], ""original_width"": 3159, ""original_height"": 1194}, {""x"": 49.923150451765, ""y"": 45.7704397511274, ""width"": 24.571841058813796, ""height"": 43.185526796214866, ""rotation"": 0, ""rectanglelabels"": [""G""], ""original_width"": 3159, ""original_height"": 1194}, {""x"": 0.2328294489578181, ""y"": 0.9207460576631766, ""width"": 25.371285871153177, ""height"": 45.031629787304745, ""rotation"": 0, ""rectanglelabels"": [""A""], ""original_width"": 3159, ""original_height"": 1194}, {""x"": 26.122206943669923, ""y"": 0.7374134484954444, ""width"": 24.936379426855275, ""height"": 43.97965306562846, ""rotation"": 0, ""rectanglelabels"": [""B""], ""original_width"": 3159, ""original_height"": 1194}, {""x"": 49.78500080458899, ""y"": 0.0, ""width"": 26.18381661310893, ""height"": 46.64753205409981, ""rotation"": 0, ""rectanglelabels"": [""C""], ""original_width"": 3159, ""original_height"": 1194}, {""x"": 74.00561180680278, ""y"": 1.301326687754793, ""width"": 23.296650244747404, ""height"": 45.070384464902716, ""rotation"": 0, ""rectanglelabels"": [""D""], ""original_width"": 3159, ""original_height"": 1194}]",86.864,2026-05-25T09:30:05.542888Z
2,,2026-05-24T18:56:37.350240Z,3071,/data/local-files/?d=alloy_elsevier_contents/img1357.jpg,"[{""x"": 18.117245477170393, ""y"": 51.365207058792336, ""width"": 7.463366080316188, ""height"": 18.47216409120724, ""rotation"": 0, ""rectanglelabels"": [""E""], ""original_width"": 3153, ""original_height"": 1582}, {""x"": 23.715438228105356, ""y"": 1.478540328232762, ""width"": 24.645200125017606, ""height"": 48.47946477243482, ""rotation"": 0, ""rectanglelabels"": [""B""], ""original_width"": 3153, ""original_height"": 1582}, {""x"": 1.5977655209150303, ""y"": 1.0044648350061465, ""width"": 25.734562474242278, ""height"": 51.03289555850441, ""rotation"": 0, ""rectanglelabels"": [""A""], ""original_width"": 3153, ""original_height"": 1582}, {""x"": 74.92298747391887, ""y"": 51.05985841456557, ""width"": 24.738408318865687, ""height"": 49.23525291456837, ""rotation"": 0, ""rectanglelabels"": [""G""], ""original_width"": 3153, ""original_height"": 1582}, {""x"": 24.210123316449273, ""y"": 49.80136053773903, ""width"": 48.97820877386028, ""height"": 48.662864864177195, ""rotation"": 0, ""rectanglelabels"": [""F""], ""original_width"": 3153, ""original_height"": 1582}, {""x"": 51.031983674704094, ""y"": 0.7964697877953505, ""width"": 48.690292793897015, ""height"": 50.07801656787384, ""rotation"": 0, ""rectanglelabels"": [""C""], ""original_width"": 3153, ""original_height"": 1582}, {""x"": 0.3447696216267375, ""y"": 51.38922908906291, ""width"": 26.133148255538856, ""height"": 48.81942239289652, ""rotation"": 0, ""rectanglelabels"": [""D""], ""original_width"": 3153, ""original_height"": 1582}]",574.645,2026-05-24T19:04:56.350263Z
2,,2026-05-22T02:02:28.777700Z,3072,/data/local-files/?d=alloy_elsevier_contents/img1358.jpg,"[{""x"": 0.0, ""y"": 42.30646611132477, ""width"": 99.15180763053259, ""height"": 57.98774245214809, ""rotation"": 0, ""rectanglelabels"": [""B""], ""original_width"": 1721, ""original_height"": 2522}, {""x"": 0.0, ""y"": 0.011687546822803707, ""width"": 93.43499266226253, ""height"": 43.7855550567621, ""rotation"": 0, ""rectanglelabels"": [""A""], ""original_width"": 1721, ""original_height"": 2522}]",45.827,2026-05-21T14:47:02.777724Z
2,,2026-05-25T17:05:57.977398Z,3073,/data/local-files/?d=alloy_elsevier_contents/img1362.jpg,"[{""x"": 61.773076940615994, ""y"": 0.480637271432228, ""width"": 29.453919820691894, ""height"": 99.40150286127209, ""rotation"": 0, ""rectanglelabels"": [""A""], ""original_width"": 2962, ""original_height"": 1648}, {""x"": 33.497089389510926, ""y"": 1.345560765080164, ""width"": 8.085829879676787, ""height"": 28.96413917971215, ""rotation"": 0, ""rectanglelabels"": [""A""], ""original_width"": 2962, ""original_height"": 1648}, {""x"": 0.37797941294499005, ""y"": 0.0, ""width"": 30.277653961832858, ""height"": 100.0, ""rotation"": 0, ""rectanglelabels"": [""A""], ""original_width"": 2962, ""original_height"": 1648}, {""x"": 32.50408071576391, ""y"": 0.5140275742371667, ""width"": 31.14820538729535, ""height"": 99.45620337194876, ""rotation"": 0, ""rectanglelabels"": [""A""], ""original_width"": 2962, ""original_height"": 1648}]",198.077,2026-05-23T13:49:15.977418Z
2,,2026-05-23T23:45:03.716686Z,3074,/data/local-files/?d=alloy_elsevier_contents/img1365.jpg,"[{""x"": 49.45893017131082, ""y"": 67.3343059587097, ""width"": 48.65015872132442, ""height"": 32.786271740178044, ""rotation"": 0, ""rectanglelabels"": [""E""], ""original_width"": 2371, ""original_height"": 3543}, {""x"": 23.25211397023343, ""y"": 0.0, ""width"": 49.885591428926645, ""height"": 32.987171703691466, ""rotation"": 0, ""rectanglelabels"": [""A""], ""original_width"": 2371, ""original_height"": 3543}, {""x"": 0.0, ""y"": 66.27433273121514, ""width"": 49.2078924547012, ""height"": 31.634407561866627, ""rotation"": 0, ""rectanglelabels"": [""D""], ""original_width"": 2371, ""original_height"": 3543}, {""x"": 0.0, ""y"": 33.0711764057998, ""width"": 49.82401008287053, ""height"": 33.885415117327305, ""rotation"": 0, ""rectanglelabels"": [""B""], ""original_width"": 2371, ""original_height"": 3543}, {""x"": 48.937506413513155, ""y"": 33.1829057940429, ""width"": 50.032011812977395, ""height"": 31.515838924303214, ""rotation"": 0, ""rectanglelabels"": [""C""], ""original_width"": 2371, ""original_height"": 3543}]",62.772,2026-05-25T10:41:33.716706Z
2,,2026-05-22T14:14:45.900417Z,3075,/data/local-files/?d=alloy_elsevier_contents/img1381.jpg,"[{""x"": 66.41553175073352, ""y"": 51.93180694513143, ""width"": 31.348275049213445, ""height"": 50.75073162605534, ""rotation"": 0, ""rectanglelabels"": [""F""], ""original_width"": 2489, ""original_height"": 1664}, {""x"": 67.77171195477379, ""y"": 0.0, ""width"": 34.42595099512625, ""height"": 49.37601496547566, ""rotation"": 0, ""rectanglelabels"": [""C""], ""original_width"": 2489, ""original_height"": 1664}, {""x"": 32.717339215561914, ""y"": 0.3132046022363435, ""width"": 32.0407744030065, ""height"": 50.68463171522923, ""rotation"": 0, ""rectanglelabels"": [""B""], ""original_width"": 2489, ""original_height"": 1664}, {""x"": 0.15623787764344232, ""y"": 0.8265416461913131, ""width"": 32.444259163646734, ""height"": 49.54020271869739, ""rotation"": 0, ""rectanglelabels"": [""A""], ""original_width"": 2489, ""original_height"": 1664}, {""x"": 0.0, ""y"": 49.84543254570747, ""width"": 32.840723550599286, ""height"": 49.43108421575155, ""rotation"": 0, ""rectanglelabels"": [""D""], ""original_width"": 2489, ""original_height"": 1664}, {""x"": 32.16042332117632, ""y"": 52.00470303409114, ""width"": 32.710745196595646, ""height"": 50.45844588113965, ""rotation"": 0, ""rectanglelabels"": [""E""], ""original_width"": 2489, ""original_height"": 1664}]",141.792,2026-05-24T02:24:01.900436Z
2,,2026-05-23T05:55:23.038579Z,3076,/data/local-files/?d=alloy_elsevier_contents/img1398.jpg,"[{""x"": 58.835820322101306, ""y"": 51.21081680696379, ""width"": 40.68393078574021, ""height"": 48.350865061786976, ""rotation"": 0, ""rectanglelabels"": [""C""], ""original_width"": 2693, ""original_height"": 1590}, {""x"": 0.0, ""y"": 0.0, ""width"": 58.51594175551817, ""height"": 100.0, ""rotation"": 0, ""rectanglelabels"": [""A""], ""original_width"": 2693, ""original_height"": 1590}, {""x"": 59.551402439479965, ""y"": 0.8376556740639578, ""width"": 41.00104184466572, ""height"": 47.8701111140261, ""rotation"": 0, ""rectanglelabels"": [""B""], ""original_width"": 2693, ""original_height"": 1590}]",65.056,2026-05-22T18:38:22.038609Z
2,,2026-05-24T09:41:01.957324Z,3077,/data/local-files/?d=alloy_elsevier_contents/img1399.jpg,"[{""x"": 50.01894021123247, ""y"": 1.7410935390895736, ""width"": 50.0715397094321, ""height"": 99.9350330195406, ""rotation"": 0, ""rectanglelabels"": [""B""], ""original_width"": 1667, ""original_height"": 626}, {""x"": 0.0, ""y"": 0.0, ""width"": 50.69943209084057, ""height"": 100.0, ""rotation"": 0, ""rectanglelabels"": [""A""], ""original_width"": 1667, ""original_height"": 626}]",137.235,2026-05-22T11:48:36.052310Z
2,,2026-05-20T19:57:37.173016Z,3078,/data/local-files/?d=alloy_elsevier_contents/img1401.jpg,"[{""x"": 0.0, ""y"": 0.017198759079226675, ""width"": 49.1954138253039, ""height"": 100.0, ""rotation"": 0, ""rectanglelabels"": [""A""], ""original_width"": 2891, ""original_height"": 1054}, {""x"": 50.86215122754042, ""y"": 0.34955808325301385, ""width"": 49.587725421985034, ""height"": 99.96356315200924, ""rotation"": 0, ""rectanglelabels"": [""B""], ""original_width"": 2891, ""original_height"": 1054}]",83.21,2026-05-21T22:16:38.173036Z
2,,2026-05-25T12:57:57.452932Z,3079,/data/local-files/?d=alloy_elsevier_contents/img1404.jpg,"[{""x"": 50.39457913121907, ""y"": 1.1717815651837042, ""width"": 49.40378859154535, ""height"": 100.0, ""rotation"": 0, ""rectanglelabels"": [""B""], ""original_width"": 2891, ""original_height"": 1061}, {""x"": 0.0, ""y"": 1.8323508699095576, ""width"": 49.68522516919469, ""height"": 98.644702160408, ""rotation"": 0, ""rectanglelabels"": [""A""], ""original_width"": 2891, ""original_height"": 1061}]",15.136,2026-05-23T12:50:04.385574Z
2,,2026-05-25T04:27:12.949420Z,3080,/data/local-files/?d=alloy_elsevier_contents/img1427.jpg,"[{""x"": 52.79963914439326, ""y"": 0.0, ""width"": 24.222453831634056, ""height"": 27.25039121073941, ""rotation"": 0, ""rectanglelabels"": [""C""], ""original_width"": 3059, ""original_height"": 2009}, {""x"": 2.0890002826338643, ""y"": 0.0, ""width"": 26.70161151079047, ""height"": 28.300150645101393, ""rotation"": 0, ""rectanglelabels"": [""A""], ""original_width"": 3059, ""original_height"": 2009}, {""x"": 26.09264755703365, ""y"": 0.0, ""width"": 24.858096100392878, ""height"": 27.778482590115303, ""rotation"": 0, ""rectanglelabels"": [""B""], ""original_width"": 3059, ""original_height"": 2009}, {""x"": 77.1477706921602, ""y"": 1.5431148893096551, ""width"": 22.010531902024113, ""height"": 27.204213682686404, ""rotation"": 0, ""rectanglelabels"": [""D""], ""original_width"": 3059, ""original_height"": 2009}, {""x"": 2.0305642374319666, ""y"": 29.306895963126294, ""width"": 99.8361451582672, ""height"": 34.69254727429111, ""rotation"": 0, ""rectanglelabels"": [""E""], ""original_width"": 3059, ""original_height"": 2009}, {""x"": 46.91139944964053, ""y"": 32.47240991734868, ""width"": 2.8720129796154588, ""height"": 8.306622615391504, ""rotation"": 0, ""rectanglelabels"": [""A""], ""original_width"": 3059, ""original_height"": 2009}, {""x"": 1.3747843931553927, ""y"": 64.12558608583161, ""width"": 98.51536390232422, ""height"": 36.693038547489195, ""rotation"": 0, ""rectanglelabels"": [""F""], ""original_width"": 3059, ""original_height"": 2009}]",145.075,2026-05-23T21:58:15.949439Z
2,,2026-05-24T00:42:32.600555Z,3081,/data/local-files/?d=alloy_elsevier_contents/img1431.jpg,"[{""x"": 50.03560956338678, ""y"": 0.6381341998481114, ""width"": 50.33591370221097, ""height"": 98.73081247432398, ""rotation"": 0, ""rectanglelabels"": [""B""], ""original_width"": 3059, ""original_height"": 1244}, {""x"": 0.0, ""y"": 0.0, ""width"": 50.12254142386497, ""height"": 99.66746982210205, ""rotation"": 0, ""rectanglelabels"": [""A""], ""original_width"": 3059, ""original_height"": 1244}]",24.153,2026-05-23T07:19:27.600584Z
2,,2026-05-23T19:19:01.340523Z,3082,/data/local-files/?d=alloy_elsevier_contents/img1435.jpg,"[{""x"": 67.00539011840385, ""y"": 11.342796290062036, ""width"": 32.67172315027766, ""height"": 87.9902467078937, ""rotation"": 0, ""rectanglelabels"": [""C""], ""original_width"": 2300, ""original_height"": 1023}, {""x"": 0.8070169600963268, ""y"": 3.1663769925458003, ""width"": 19.164374717844627, ""height"": 98.83868276641198, ""rotation"": 0, ""rectanglelabels"": [""A""], ""original_width"": 2300, ""original_height"": 1023}, {""x"": 21.9900520649671, ""y"": 0.0, ""width"": 41.06741685979422, ""height"": 99.97181036833238, ""rotation"": 0, ""rectanglelabels"": [""B""], ""original_width"": 2300, ""original_height"": 1023}]",38.563,2026-05-21T23:17:36.340544Z
2,,2026-05-25T18:58:04.733471Z,3083,/data/local-files/?d=alloy_elsevier_contents/img1436.jpg,"[{""x"": 67.45568092577537, ""y"": 0.0, ""width"": 30.650977567507105, ""height"": 99.30391609268376, ""rotation"": 0, ""rectanglelabels"": [""C""], ""original_width"": 3060, ""original_height"": 1546}, {""x"": 0.0, ""y"": 0.8516708456106681, ""width"": 32.02500060644987, ""height"": 99.66886592619147, ""rotation"": 0, ""rectanglelabels"": [""A""], ""original_width"": 3060, ""original_height"": 1546}, {""x"": 33.856819638590544, ""y"": 0.0, ""width"": 34.39105061666787, ""height"": 99.83420759498888, ""rotation"": 0, ""rectanglelabels"": [""B""], ""original_width"": 3060, ""original_height"": 1546}]",40.209,2026-05-24T09:20:32.733501Z
2,,2026-05-21T10:36:40.992196Z,3084,/data/local-files/?d=alloy_elsevier_contents/img1440.jpg,"[{""x"": 65.83440376229564, ""y"": 0.0, ""width"": 33.138134435921955, ""height"": 99.67157861942158, ""rotation"": 0, ""rectanglelabels"": [""C""], ""original_width"": 3060, ""original_height"": 793}, {""x"": 0.8533161727584222, ""y"": 1.0911545318045746, ""width"": 31.512496864381117, ""height"": 93.85907726812786, ""rotation"": 0, ""rectanglelabels"": [""A""], ""original_width"": 3060, ""original_height"": 793}, {""x"": 34.45484073114705, ""y"": 0.6745315321043827, ""width"": 33.15408465701667, ""height"": 100.0, ""rotation"": 0, ""rectanglelabels"": [""B""], ""original_width"": 3060, ""original_height"": 793}]",29.907,2026-05-26T00:03:55.992223Z
2,,2026-05-25T22:43:11.240679Z,3085,/data/local-files/?d=alloy_elsevier_contents/img1445.jpg,"[{""x"": 68.00103407243256, ""y"": 0.0, ""width"": 31.782366561988045, ""height"": 46.18240516255366, ""rotation"": 0, ""rectanglelabels"": [""C""], ""original_width"": 3060, ""original_height"": 1887}, {""x"": 66.99292382685928, ""y"": 44.486732253946705, ""width"": 32.214869328309206, ""height"": 53.48380203527978, ""rotation"": 0, ""rectanglelabels"": [""F""], ""original_width"": 3060, ""original_height"": 1887}, {""x"": 34.398089569053816, ""y"": 0.2814191941172386, ""width"": 31.06498242884059, ""height"": 45.24001524597879, ""rotation"": 0, ""rectanglelabels"": [""B""], ""original_width"": 3060, ""original_height"": 1887}, {""x"": 0.0, ""y"": 1.3464703871836954, ""width"": 31.474989400134692, ""height"": 46.77967470686015, ""rotation"": 0, ""rectanglelabels"": [""A""], ""original_width"": 3060, ""original_height"": 1887}, {""x"": 0.9122293858721475, ""y"": 47.23398323902343, ""width"": 31.48254642544069, ""height"": 53.20106831982337, ""rotation"": 0, ""rectanglelabels"": [""D""], ""original_width"": 3060, ""original_height"": 1887}, {""x"": 34.93794184692584, ""y"": 47.17864429927505, ""width"": 31.868143529677294, ""height"": 53.706027296364034, ""rotation"": 0, ""rectanglelabels"": [""E""], ""original_width"": 3060, ""original_height"": 1887}]",53.199,2026-05-22T14:51:45.240701Z
2,,2026-05-22T21:53:20.079896Z,3086,/data/local-files/?d=alloy_elsevier_contents/img1446.jpg,"[{""x"": 1.4032892564508157, ""y"": 0.8459231088107293, ""width"": 42.369419617013705, ""height"": 99.34090043939264, ""rotation"": 0, ""rectanglelabels"": [""A""], ""original_width"": 3059, ""original_height"": 1714}, {""x"": 44.39556405383574, ""y"": 0.0, ""width"": 54.607994672627946, ""height"": 98.95523907028208, ""rotation"": 0, ""rectanglelabels"": [""C""], ""original_width"": 3059, ""original_height"": 1714}]",48.779,2026-05-23T16:20:53.079922Z
2,,2026-05-23T04:24:02.977066Z,3087,/data/local-files/?d=alloy_elsevier_contents/img1459.jpg,"[{""x"": 76.82197417214107, ""y"": 0.9938454261310832, ""width"": 22.778558406766013, ""height"": 49.83188310828164, ""rotation"": 0, ""rectanglelabels"": [""D""], ""original_width"": 3551, ""original_height"": 1605}, {""x"": 76.81405448327126, ""y"": 51.55170111404703, ""width"": 22.988619759042184, ""height"": 48.37572977067166, ""rotation"": 0, ""rectanglelabels"": [""H""], ""original_width"": 3551, ""original_height"": 1605}, {""x"": 23.894555555601038, ""y"": 0.0, ""width"": 23.840466256303845, ""height"": 48.41949177227962, ""rotation"": 0, ""rectanglelabels"": [""B""], ""original_width"": 3551, ""original_height"": 1605}, {""x"": 50.170301939560694, ""y"": 0.2938015642591125, ""width"": 24.317814448602146, ""height"": 48.89162152177101, ""rotation"": 0, ""rectanglelabels"": [""C""], ""original_width"": 3551, ""original_height"": 1605}, {""x"": 1.2704872620193397, ""y"": 1.1089011734360947, ""width"": 22.53357735966573, ""height"": 48.649802485192644, ""rotation"": 0, ""rectanglelabels"": [""A""], ""original_width"": 3551, ""original_height"": 1605}, {""x"": 1.4052841222181054, ""y"": 51.63767101802716, ""width"": 23.71556620975105, ""height"": 49.248691673204235, ""rotation"": 0, ""rectanglelabels"": [""E""], ""original_width"": 3551, ""original_height"": 1605}, {""x"": 25.395061581409852, ""y"": 49.860876432593265, ""width"": 23.31577529748787, ""height"": 49.461313504729226, ""rotation"": 0, ""rectanglelabels"": [""F""], ""original_width"": 3551, ""original_height"": 1605}, {""x"": 49.322117256900114, ""y"": 51.370801863800295, ""width"": 24.260743267576142, ""height"": 49.402325454859906, ""rotation"": 0, ""rectanglelabels"": [""G""], ""original_width"": 3551, ""original_height"": 1605}]",58.311,2026-05-25T04:47:55.977085Z
2,,2026-05-24T06:28:36.755920Z,3088,/data/local-files/?d=alloy_elsevier_contents/img1480.jpg,"[{""x"": 0.7405590828984474, ""y"": 68.30482137052446, ""width"": 100.0, ""height"": 31.032254087040197, ""rotation"": 0, ""rectanglelabels"": [""C""], ""original_width"": 3591, ""original_height"": 2653}, {""x"": 35.733378724912264, ""y"": 1.945264392013434, ""width"": 16.28113790604924, ""height"": 2.253554907820597, ""rotation"": 0, ""rectanglelabels"": [""A""], ""original_width"": 3591, ""original_height"": 2653}, {""x"": 0.0, ""y"": 1.4931081762439602, ""width"": 99.94831325347452, ""height"": 1.8162032036112776, ""rotation"": 0, ""rectanglelabels"": [""COMMON_ALL""], ""original_width"": 3591, ""original_height"": 2653}, {""x"": 1.2616426340131728, ""y"": 34.45849897769973, ""width"": 100.0, ""height"": 32.74652693542343, ""rotation"": 0, ""rectanglelabels"": [""B""], ""original_width"": 3591, ""original_height"": 2653}, {""x"": 0.0, ""y"": 1.95910658458694, ""width"": 100.0, ""height"": 32.86708280715836, ""rotation"": 0, ""rectanglelabels"": [""A""], ""original_width"": 3591, ""original_height"": 2653}]",89.59,2026-05-21T03:52:41.755940Z
2,,2026-05-23T23:08:59.983924Z,3089,/data/local-files/?d=alloy_elsevier_contents/img1486.jpg,"[{""x"": 0.9305578107560946, ""y"": 0.0, ""width"": 100.0, ""height"": 47.92818648139289, ""rotation"": 0, ""rectanglelabels"": [""A""], ""original_width"": 3552, ""original_height"": 1199}, {""x"": 75.58621926220036, ""y"": 47.73520064333204, ""width"": 26.396900148237123, ""height"": 50.33236777047353, ""rotation"": 0, ""rectanglelabels"": [""E""], ""original_width"": 3552, ""original_height"": 1199}, {""x"": 0.0, ""y"": 47.565312794023434, ""width"": 25.124745593941878, ""height"": 52.47601679601941, ""rotation"": 0, ""rectanglelabels"": [""B""], ""original_width"": 3552, ""original_height"": 1199}, {""x"": 24.299990051492543, ""y"": 48.61451337802321, ""width"": 23.99855406192647, ""height"": 51.52206556079779, ""rotation"": 0, ""rectanglelabels"": [""C""], ""original_width"": 3552, ""original_height"": 1199}, {""x"": 49.89910039394716, ""y"": 47.48694789220962, ""width"": 25.287519548588048, ""height"": 50.1926022381643, ""rotation"": 0, ""rectanglelabels"": [""D""], ""original_width"": 3552, ""original_height"": 1199}]",131.454,2026-05-22T21:59:15.983949Z
2,,2026-05-24T07:42:25.578202Z,3090,/data/local-files/?d=alloy_elsevier_contents/img1497.jpg,"[{""x"": 48.904398895829566, ""y"": 49.17908792188236, ""width"": 50.603429965190294, ""height"": 48.68704773119534, ""rotation"": 0, ""rectanglelabels"": [""D""], ""original_width"": 3159, ""original_height"": 3155}, {""x"": 49.99046275963582, ""y"": 0.0, ""width"": 48.77455216151772, ""height"": 50.71407786667098, ""rotation"": 0, ""rectanglelabels"": [""B""], ""original_width"": 3159, ""original_height"": 3155}, {""x"": 0.083145058883348, ""y"": 50.79115753269929, ""width"": 49.778404463009615, ""height"": 49.96009348771607, ""rotation"": 0, ""rectanglelabels"": [""C""], ""original_width"": 3159, ""original_height"": 3155}, {""x"": 0.26101414369565057, ""y"": 0.0, ""width"": 50.524045383169316, ""height"": 49.97825626230834, ""rotation"": 0, ""rectanglelabels"": [""A""], ""original_width"": 3159, ""original_height"": 3155}]",61.379,2026-05-23T18:33:30.578223Z
2,,2026-05-23T15:22:02.940579Z,3091,/data/local-files/?d=alloy_elsevier_contents/img1503.jpg,"[{""x"": 85.45029377647563, ""y"": 0.0, ""width"": 10.951776610993456, ""height"": 43.90781405035426, ""rotation"": 0, ""rectanglelabels"": [""I""], ""original_width"": 3354, ""original_height"": 1775}, {""x"": 27.87280503585938, ""y"": 48.20421611442128, ""width"": 13.240141445151671, ""height"": 25.11152579859237, ""rotation"": 0, ""rectanglelabels"": [""D""], ""original_width"": 3354, ""original_height"": 1775}, {""x"": 42.0754501221436, ""y"": 1.2574829901440459, ""width"": 45.500567975087236, ""height"": 43.26212864886999, ""rotation"": 0, ""rectanglelabels"": [""H""], ""original_width"": 3354, ""original_height"": 1775}, {""x"": 0.0, ""y"": 0.0, ""width"": 40.38313066637326, ""height"": 45.26837988483386, ""rotation"": 0, ""rectanglelabels"": [""A""], ""original_width"": 3354, ""original_height"": 1775}, {""x"": 1.480815361278531, ""y"": 74.53091012691272, ""width"": 13.917791320706076, ""height"": 25.105341909852264, ""rotation"": 0, ""rectanglelabels"": [""E""], ""original_width"": 3354, ""original_height"": 1775}, {""x"": 26.829282404846186, ""y"": 72.98516586093726, ""width"": 13.655771330937348, ""height"": 25.610724433353976, ""rotation"": 0, ""rectanglelabels"": [""G""], ""original_width"": 3354, ""original_height"": 1775}, {""x"": 1.2241836116516323, ""y"": 48.258005922900516, ""width"": 13.192692587779565, ""height"": 24.983070379943, ""rotation"": 0, ""rectanglelabels"": [""B""], ""original_width"": 3354, ""original_height"": 1775}, {""x"": 12.900437151658544, ""y"": 48.58003178157336, ""width"": 14.358667767739316, ""height"": 24.31310367040499, ""rotation"": 0, ""rectanglelabels"": [""C""], ""original_width"": 3354, ""original_height"": 1775}, {""x"": 12.49676194994858, ""y"": 72.2048332802327, ""width"": 12.837036029355675, ""height"": 25.993735743805114, ""rotation"": 0, ""rectanglelabels"": [""F""], ""original_width"": 3354, ""original_height"": 1775}, {""x"": 42.196704429822226, ""y"": 46.27218836903266, ""width"": 57.98618698282881, ""height"": 54.57787248609811, ""rotation"": 0, ""rectanglelabels"": [""J""], ""original_width"": 3354, ""original_height"": 1775}]",329.311,2026-05-22T23:02:14.437461Z
2,,2026-05-21T04:46:22.430782Z,3092,/data/local-files/?d=alloy_elsevier_contents/img1504.jpg,"[{""x"": 17.139420426227147, ""y"": 4.325621846745976, ""width"": 17.5395903281447, ""height"": 32.775406102933246, ""rotation"": 0, ""rectanglelabels"": [""B""], ""original_width"": 3354, ""original_height"": 1455}, {""x"": 0.0, ""y"": 4.536603902204938, ""width"": 18.260667783965754, ""height"": 30.332337612276326, ""rotation"": 0, ""rectanglelabels"": [""A""], ""original_width"": 3354, ""original_height"": 1455}, {""x"": 2.1875931802505066, ""y"": 35.43540392504304, ""width"": 17.105412628079684, ""height"": 31.76710719153845, ""rotation"": 0, ""rectanglelabels"": [""D""], ""original_width"": 3354, ""original_height"": 1455}, {""x"": 18.38484896744443, ""y"": 36.823501207950486, ""width"": 18.174375055743095, ""height"": 30.027759602289148, ""rotation"": 0, ""rectanglelabels"": [""E""], ""original_width"": 3354, ""original_height"": 1455}, {""x"": 37.165529901181344, ""y"": 35.48311047514657, ""width"": 12.867542390715977, ""height"": 31.204604573113464, ""rotation"": 0, ""rectanglelabels"": [""F""], ""original_width"": 3354, ""original_height"": 1455}, {""x"": 36.472582449810574, ""y"": 2.9112047179836904, ""width"": 12.233354765154273, ""height"": 29.692201663192385, ""rotation"": 0, ""rectanglelabels"": [""C""], ""original_width"": 3354, ""original_height"": 1455}, {""x"": 0.12878572193699567, ""y"": 65.69264868755141, ""width"": 16.793825747203314, ""height"": 29.79330838022411, ""rotation"": 0, ""rectanglelabels"": [""G""], ""original_width"": 3354, ""original_height"": 1455}, {""x"": 18.8430960890713, ""y"": 66.2409572926405, ""width"": 17.80049019773243, ""height"": 30.184921166583862, ""rotation"": 0, ""rectanglelabels"": [""H""], ""original_width"": 3354, ""original_height"": 1455}, {""x"": 35.48240055161938, ""y"": 67.96633635069372, ""width"": 14.666013978403416, ""height"": 30.74337253006637, ""rotation"": 0, ""rectanglelabels"": [""I""], ""original_width"": 3354, ""original_height"": 1455}, {""x"": 48.069495120090245, ""y"": 6.035312074565448, ""width"": 17.461847680682922, ""height"": 31.461780717785963, ""rotation"": 0, ""rectanglelabels"": [""J""], ""original_width"": 3354, ""original_height"": 1455}, {""x"": 67.5782544329021, ""y"": 4.03608766998601, ""width"": 14.318330288334787, ""height"": 33.62720901206199, ""rotation"": 0, ""rectanglelabels"": [""K""], ""original_width"": 3354, ""original_height"": 1455}, {""x"": 81.10579565154387, ""y"": 3.813708186759241, ""width"": 18.173774320562785, ""height"": 32.57965716485689, ""rotation"": 0, ""rectanglelabels"": [""L""], ""original_width"": 3354, ""original_height"": 1455}, {""x"": 50.18387607489294, ""y"": 36.65518741130539, ""width"": 27.977634678098152, ""height"": 62.04059866564748, ""rotation"": 0, ""rectanglelabels"": [""M""], ""original_width"": 3354, ""original_height"": 1455}, {""x"": 77.99201213812155, ""y"": 37.398811996659234, ""width"": 22.15154642002436, ""height"": 62.8965074870787, ""rotation"": 0, ""rectanglelabels"": [""N""], ""original_width"": 3354, ""original_height"": 1455}]",686.05,2026-05-23T13:49:36.430804Z
2,,2026-05-24T12:48:26.438022Z,3093,/data/local-files/?d=alloy_elsevier_contents/img1507.jpg,"[{""x"": 1.22441644759262, ""y"": 27.835695251230415, ""width"": 20.06885946441425, ""height"": 23.17194833875462, ""rotation"": 0, ""rectanglelabels"": [""C""], ""original_width"": 3354, ""original_height"": 1951}, {""x"": 2.612456203529695, ""y"": 2.367138459038384, ""width"": 19.29304114855858, ""height"": 25.44284208385807, ""rotation"": 0, ""rectanglelabels"": [""A""], ""original_width"": 3354, ""original_height"": 1951}, {""x"": 77.15955536109367, ""y"": 2.2165120905472997, ""width"": 20.10555995542038, ""height"": 25.367066307394044, ""rotation"": 0, ""rectanglelabels"": [""G""], ""original_width"": 3354, ""original_height"": 1951}, {""x"": 0.9626946562521442, ""y"": 26.104109467461445, ""width"": 18.37813671439939, ""height"": 24.534454970821923, ""rotation"": 0, ""rectanglelabels"": [""A""], ""original_width"": 3354, ""original_height"": 1951}, {""x"": 18.897690050896443, ""y"": 3.3937163269960897, ""width"": 19.566085175622955, ""height"": 25.574987338601645, ""rotation"": 0, ""rectanglelabels"": [""B""], ""original_width"": 3354, ""original_height"": 1951}, {""x"": 39.98311848922705, ""y"": 0.6939035433310417, ""width"": 19.07971278166059, ""height"": 25.402629901073645, ""rotation"": 0, ""rectanglelabels"": [""E""], ""original_width"": 3354, ""original_height"": 1951}, {""x"": 56.174555301607995, ""y"": 3.4378313363229394, ""width"": 17.67512476011539, ""height"": 24.2620777723957, ""rotation"": 0, ""rectanglelabels"": [""F""], ""original_width"": 3354, ""original_height"": 1951}, {""x"": 21.590149773500897, ""y"": 26.60582780914218, ""width"": 20.51443969259099, ""height"": 25.62074500742527, ""rotation"": 0, ""rectanglelabels"": [""D""], ""original_width"": 3354, ""original_height"": 1951}, {""x"": 40.070980321422844, ""y"": 25.573820812194686, ""width"": 20.150627594180275, ""height"": 26.26997202759872, ""rotation"": 0, ""rectanglelabels"": [""H""], ""original_width"": 3354, ""original_height"": 1951}, {""x"": 56.78627834779448, ""y"": 26.310278112808593, ""width"": 16.796069264918874, ""height"": 24.88604979872425, ""rotation"": 0, ""rectanglelabels"": [""I""], ""original_width"": 3354, ""original_height"": 1951}, {""x"": 76.7736190871255, ""y"": 25.477791731688008, ""width"": 18.425620495297295, ""height"": 25.070488454897323, ""rotation"": 0, ""rectanglelabels"": [""J""], ""original_width"": 3354, ""original_height"": 1951}, {""x"": 1.3636991350605205, ""y"": 51.002646093293926, ""width"": 36.82831253442691, ""height"": 47.570597762910474, ""rotation"": 0, ""rectanglelabels"": [""K""], ""original_width"": 3354, ""original_height"": 1951}, {""x"": 68.96831094528038, ""y"": 50.22914326752149, ""width"": 30.45299107608142, ""height"": 48.28263182933054, ""rotation"": 0, ""rectanglelabels"": [""M""], ""original_width"": 3354, ""original_height"": 1951}, {""x"": 39.03155705229548, ""y"": 50.29988864163678, ""width"": 29.213400128867754, ""height"": 47.08608042387476, ""rotation"": 0, ""rectanglelabels"": [""L""], ""original_width"": 3354, ""original_height"": 1951}]",251.242,2026-05-23T10:32:29.438045Z
2,,2026-05-22T22:11:51.095700Z,3094,/data/local-files/?d=alloy_elsevier_contents/img1514.jpg,"[{""x"": 42.41256633268157, ""y"": 51.47060775001546, ""width"": 43.461104618349424, ""height"": 49.89422446677109, ""rotation"": 0, ""rectanglelabels"": [""D""], ""original_width"": 2500, ""original_height"": 1609}, {""x"": 0.5314112337571322, ""y"": 0.0, ""width"": 42.527486375504374, ""height"": 49.80045373904159, ""rotation"": 0, ""rectanglelabels"": [""B""], ""original_width"": 2500, ""original_height"": 1609}, {""x"": 41.586036652024454, ""y"": 0.0, ""width"": 41.47677908636606, ""height"": 50.2143025303433, ""rotation"": 0, ""rectanglelabels"": [""B""], ""original_width"": 2500, ""original_height"": 1609}, {""x"": 1.4303985543356152, ""y"": 50.87873201658198, ""width"": 42.16476434041273, ""height"": 48.62123005489462, ""rotation"": 0, ""rectanglelabels"": [""C""], ""original_width"": 2500, ""original_height"": 1609}, {""x"": 86.88930138324602, ""y"": 0.0, ""width"": 13.169949121054763, ""height"": 90.74307784456596, ""rotation"": 0, ""rectanglelabels"": [""COMMON_ALL""], ""original_width"": 2500, ""original_height"": 1609}]",80.003,2026-05-21T10:28:00.095719Z
2,,2026-05-24T17:26:00.962204Z,3095,/data/local-files/?d=alloy_elsevier_contents/img1522.jpg,"[{""x"": 0.30002360167756176, ""y"": 50.801211821173574, ""width"": 40.093774870302276, ""height"": 50.092995700616946, ""rotation"": 0, ""rectanglelabels"": [""C""], ""original_width"": 3167, ""original_height"": 1870}, {""x"": 40.542868558877196, ""y"": 50.13358349598194, ""width"": 38.74258935775897, ""height"": 49.71161476911825, ""rotation"": 0, ""rectanglelabels"": [""D""], ""original_width"": 3167, ""original_height"": 1870}, {""x"": 0.02856769834413786, ""y"": 0.7435309229437488, ""width"": 38.6434920664887, ""height"": 48.18527486861875, ""rotation"": 0, ""rectanglelabels"": [""A""], ""original_width"": 3167, ""original_height"": 1870}, {""x"": 40.77370537089323, ""y"": 1.3640145340414582, ""width"": 39.32230451685718, ""height"": 48.496598373537964, ""rotation"": 0, ""rectanglelabels"": [""B""], ""original_width"": 3167, ""original_height"": 1870}]",63.508,2026-05-21T14:11:30.962223Z
2,,2026-05-25T09:44:13.788465Z,3096,/data/local-files/?d=alloy_elsevier_contents/img1542.jpg,"[{""x"": 1.1900159245453419, ""y"": 83.62689182944887, ""width"": 49.29538507215879, ""height"": 17.127075483877302, ""rotation"": 0, ""rectanglelabels"": [""F""], ""original_width"": 2917, ""original_height"": 2366}, {""x"": 51.08903013007226, ""y"": 84.78510961495265, ""width"": 50.51024883128833, ""height"": 15.128317542182591, ""rotation"": 0, ""rectanglelabels"": [""L""], ""original_width"": 2917, ""original_height"": 2366}, {""x"": 0.0, ""y"": 15.864805168356227, ""width"": 48.31862826942606, ""height"": 15.25965591563464, ""rotation"": 0, ""rectanglelabels"": [""B""], ""original_width"": 2917, ""original_height"": 2366}, {""x"": 0.8678699969792723, ""y"": 33.17633048656484, ""width"": 50.08485977179622, ""height"": 16.58139623339125, ""rotation"": 0, ""rectanglelabels"": [""C""], ""original_width"": 2917, ""original_height"": 2366}, {""x"": 0.0, ""y"": 50.87068390526047, ""width"": 48.44643111938843, ""height"": 16.68794378508007, ""rotation"": 0, ""rectanglelabels"": [""D""], ""original_width"": 2917, ""original_height"": 2366}, {""x"": 0.34814116700024655, ""y"": 66.17590453346364, ""width"": 49.128868340464415, ""height"": 16.612163431756017, ""rotation"": 0, ""rectanglelabels"": [""E""], ""original_width"": 2917, ""original_height"": 2366}, {""x"": 0.0, ""y"": 0.9241802429119597, ""width"": 49.80831820228287, ""height"": 16.250443845775074, ""rotation"": 0, ""rectanglelabels"": [""A""], ""original_width"": 2917, ""original_height"": 2366}, {""x"": 50.70373505844529, ""y"": 1.0035794075542577, ""width"": 50.24231473774212, ""height"": 15.276594587733667, ""rotation"": 0, ""rectanglelabels"": [""G""], ""original_width"": 2917, ""original_height"": 2366}, {""x"": 50.5741582229967, ""y"": 17.26812446916465, ""width"": 50.73855202903682, ""height"": 15.251967168939414, ""rotation"": 0, ""rectanglelabels"": [""H""], ""original_width"": 2917, ""original_height"": 2366}, {""x"": 49.05949071155997, ""y"": 33.357827423642995, ""width"": 49.55926321050592, ""height"": 16.904746550152353, ""rotation"": 0, ""rectanglelabels"": [""I""], ""original_width"": 2917, ""original_height"": 2366}, {""x"": 49.72872250800608, ""y"": 50.99033251656259, ""width"": 50.421122224317024, ""height"": 15.436578357593685, ""rotation"": 0, ""rectanglelabels"": [""J""], ""original_width"": 2917, ""original_height"": 2366}, {""x"": 50.9245541377398, ""y"": 67.44800015993155, ""width"": 48.690645576420714, ""height"": 17.937297942134116, ""rotation"": 0, ""rectanglelabels"": [""K""], ""original_width"": 2917, ""original_height"": 2366}]",191.693,2026-05-23T17:18:41.788510Z
2,,2026-05-26T05:54:05.119237Z,3097,/data/local-files/?d=alloy_elsevier_contents/img1555.jpg,"[{""x"": 75.93245764117829, ""y"": 0.0, ""width"": 25.525244829760982, ""height"": 23.05599483546192, ""rotation"": 0, ""rectanglelabels"": [""D""], ""original_width"": 3059, ""original_height"": 2511}, {""x"": 74.08769467758056, ""y"": 76.49903871011873, ""width"": 24.833876313931423, ""height"": 22.471263144257016, ""rotation"": 0, ""rectanglelabels"": [""P""], ""original_width"": 3059, ""original_height"": 2511}, {""x"": 25.34044988972235, ""y"": 25.04456266799762, ""width"": 24.60275130707302, ""height"": 23.940711435113208, ""rotation"": 0, ""rectanglelabels"": [""F""], ""original_width"": 3059, ""original_height"": 2511}, {""x"": 74.99914204378155, ""y"": 24.72953922454959, ""width"": 23.41263603485448, ""height"": 23.961789965974027, ""rotation"": 0, ""rectanglelabels"": [""H""], ""original_width"": 3059, ""original_height"": 2511}, {""x"": 1.1038027534251902, ""y"": 0.0, ""width"": 24.630395944520814, ""height"": 22.372166772186286, ""rotation"": 0, ""rectanglelabels"": [""A""], ""original_width"": 3059, ""original_height"": 2511}, {""x"": 26.237041316306204, ""y"": 0.0, ""width"": 24.519215058522086, ""height"": 23.388991473500056, ""rotation"": 0, ""rectanglelabels"": [""B""], ""original_width"": 3059, ""original_height"": 2511}, {""x"": 49.79110020972968, ""y"": 1.2934802314715579, ""width"": 25.676376883032788, ""height"": 23.898647415885453, ""rotation"": 0, ""rectanglelabels"": [""C""], ""original_width"": 3059, ""original_height"": 2511}, {""x"": 51.756088488483925, ""y"": 26.053562471057127, ""width"": 24.362029202877267, ""height"": 23.205459093814042, ""rotation"": 0, ""rectanglelabels"": [""G""], ""original_width"": 3059, ""original_height"": 2511}, {""x"": 0.0, ""y"": 26.12505474571695, ""width"": 23.917695163818323, ""height"": 22.473714260298593, ""rotation"": 0, ""rectanglelabels"": [""E""], ""original_width"": 3059, ""original_height"": 2511}, {""x"": 0.0, ""y"": 75.4703138091111, ""width"": 25.809744317563684, ""height"": 22.778086101214775, ""rotation"": 0, ""rectanglelabels"": [""M""], ""original_width"": 3059, ""original_height"": 2511}, {""x"": 25.952402981612742, ""y"": 76.90843257325683, ""width"": 25.966159512170154, ""height"": 22.446832363716094, ""rotation"": 0, ""rectanglelabels"": [""N""], ""original_width"": 3059, ""original_height"": 2511}, {""x"": 50.62726183039499, ""y"": 74.81111159329507, ""width"": 25.638460802572855, ""height"": 23.221955815576216, ""rotation"": 0, ""rectanglelabels"": [""O""], ""original_width"": 3059, ""original_height"": 2511}, {""x"": 0.3770080026959983, ""y"": 48.92178550475725, ""width"": 23.70593475014774, ""height"": 23.93147327287042, ""rotation"": 0, ""rectanglelabels"": [""I""], ""original_width"": 3059, ""original_height"": 2511}, {""x"": 24.99545138685021, ""y"": 50.7660305557612, ""width"": 24.49570136153037, ""height"": 24.015125855352306, ""rotation"": 0, ""rectanglelabels"": [""J""], ""original_width"": 3059, ""original_height"": 2511}, {""x"": 50.494327507485195, ""y"": 51.34834376763141, ""width"": 23.690188561407343, ""height"": 24.941382942077126, ""rotation"": 0, ""rectanglelabels"": [""K""], ""original_width"": 3059, ""original_height"": 2511}, {""x"": 76.1775253711762, ""y"": 49.368006617824705, ""width"": 23.123054938044284, ""height"": 23.470161379095916, ""rotation"": 0, ""rectanglelabels"": [""L""], ""original_width"": 3059, ""original_height"": 2511}]",110.103,2026-05-24T06:34:02.119260Z
2,,2026-05-25T18:20:28.700344Z,3098,/data/local-files/?d=alloy_elsevier_contents/img1556.jpg,"[{""x"": 68.11611923027503, ""y"": 2.505903904981328, ""width"": 33.03743743737589, ""height"": 34.62086562569396, ""rotation"": 0, ""rectanglelabels"": [""C""], ""original_width"": 3590, ""original_height"": 2979}, {""x"": 66.963275139302, ""y"": 37.14553726632123, ""width"": 33.102254958427714, ""height"": 28.918412017410468, ""rotation"": 0, ""rectanglelabels"": [""F""], ""original_width"": 3590, ""original_height"": 2979}, {""x"": 35.167314715075754, ""y"": 1.9612173710499106, ""width"": 32.45551681982737, ""height"": 37.07284177655559, ""rotation"": 0, ""rectanglelabels"": [""B""], ""original_width"": 3590, ""original_height"": 2979}, {""x"": 1.1918624157943776, ""y"": 0.7224076289509127, ""width"": 34.27897763384915, ""height"": 35.42649448986151, ""rotation"": 0, ""rectanglelabels"": [""A""], ""original_width"": 3590, ""original_height"": 2979}, {""x"": 68.40754975800174, ""y"": 67.98547648331878, ""width"": 31.802845628515186, ""height"": 28.608764362423905, ""rotation"": 0, ""rectanglelabels"": [""I""], ""original_width"": 3590, ""original_height"": 2979}, {""x"": 34.41621814968574, ""y"": 36.257647951663394, ""width"": 33.87989908962072, ""height"": 31.36993537270548, ""rotation"": 0, ""rectanglelabels"": [""E""], ""original_width"": 3590, ""original_height"": 2979}, {""x"": 1.3926548241982233, ""y"": 36.34559371881457, ""width"": 32.959409721523926, ""height"": 31.0100134836298, ""rotation"": 0, ""rectanglelabels"": [""D""], ""original_width"": 3590, ""original_height"": 2979}, {""x"": 0.902450465998484, ""y"": 70.23082403381879, ""width"": 34.3824955111002, ""height"": 29.162395969469337, ""rotation"": 0, ""rectanglelabels"": [""G""], ""original_width"": 3590, ""original_height"": 2979}, {""x"": 32.99230452025048, ""y"": 68.22008352756667, ""width"": 32.344359922090746, ""height"": 30.548033759077626, ""rotation"": 0, ""rectanglelabels"": [""H""], ""original_width"": 3590, ""original_height"": 2979}]",106.036,2026-05-21T16:40:23.700363Z
2,,2026-05-21T11:16:58.569795Z,3099,/data/local-files/?d=alloy_elsevier_contents/img1590.jpg,"[{""x"": 50.055631568581305, ""y"": 0.8110102461495221, ""width"": 49.37498199998414, ""height"": 99.6640739425964, ""rotation"": 0, ""rectanglelabels"": [""B""], ""original_width"": 3150, ""original_height"": 1117}, {""x"": 1.0574465569834457, ""y"": 0.0, ""width"": 50.442021483272384, ""height"": 99.18667910608224, ""rotation"": 0, ""rectanglelabels"": [""A""], ""original_width"": 3150, ""original_height"": 1117}]",20.003,2026-05-23T20:18:22.569814Z
2,,2026-05-25T08:26:59.449600Z,3100,/data/local-files/?d=alloy_elsevier_contents/img016.jpg,"[{""x"": 1.405200012529106, ""y"": 48.677846918365894, ""width"": 31.62692271903921, ""height"": 48.23011466789925, ""rotation"": 0, ""rectanglelabels"": [""D""], ""original_width"": 3492, ""original_height"": 1815}, {""x"": 67.8185309671176, ""y"": 0.0, ""width"": 34.49802770078957, ""height"": 48.186665500180126, ""rotation"": 0, ""rectanglelabels"": [""C""], ""original_width"": 3492, ""original_height"": 1815}, {""x"": 66.86445639027647, ""y"": 48.05082923899225, ""width"": 32.08758072534482, ""height"": 50.28317150166194, ""rotation"": 0, ""rectanglelabels"": [""F""], ""original_width"": 3492, ""original_height"": 1815}, {""x"": 0.8814292283309919, ""y"": 0.0, ""width"": 31.66507841974938, ""height"": 49.67647251540507, ""rotation"": 0, ""rectanglelabels"": [""A""], ""original_width"": 3492, ""original_height"": 1815}, {""x"": 32.631936306482274, ""y"": 0.0, ""width"": 32.843483309332896, ""height"": 47.6817173724208, ""rotation"": 0, ""rectanglelabels"": [""B""], ""original_width"": 3492, ""original_height"": 1815}, {""x"": 34.85863010956246, ""y"": 46.80810583100466, ""width"": 33.40009413692597, ""height"": 50.55244126553, ""rotation"": 0, ""rectanglelabels"": [""E""], ""original_width"": 3492, ""original_height"": 1815}]",158.745,2026-05-22T09:58:21.449620Z
2,,2026-05-21T08:53:25.577051Z,3101,/data/local-files/?d=alloy_elsevier_contents/img1669.jpg,"[{""x"": 51.84097266161699, ""y"": 0.0, ""width"": 47.77518482730656, ""height"": 99.88298476600582, ""rotation"": 0, ""rectanglelabels"": [""B""], ""original_width"": 2332, ""original_height"": 746}, {""x"": 0.0, ""y"": 0.22165259942016835, ""width"": 50.112152074632114, ""height"": 99.68499606466575, ""rotation"": 0, ""rectanglelabels"": [""A""], ""original_width"": 2332, ""original_height"": 746}]",27.939,2026-05-22T09:38:22.577073Z
