image_name,caption,reference,img_path,label
img100,"A) Temperature as a function of time (seconds) showing the total layers monitored, and B) profile of temperature vs time for a single layer.","Using the setup described in the experimental section , the FMPI was used to capture measurements during the deposition of consecutive layers. Fig. 1 shows the plot of temperature (in degrees °C) versus time (seconds) for the entire duration of the experiment. || Also, as shown in Fig. 1 B) the preheat phase is characterized by two sub-phases, one of them with values that oscillate in an approximate range from ∼930 to ∼1050 °C and spans for about 5 s while the second sub-phase raises temperature in the range from ∼960 to 1085 °C and lasts ∼7 s.",selected_images/img100.jpg,"[{""x"":2.547531828595703,""y"":49.50099800399202,""width"":89.39520780344921,""height"":46.90618762475048,""rotation"":0,""rectanglelabels"":[""B""],""original_width"":2246,""original_height"":2606},{""x"":3.242313236394538,""y"":1.3972055888223553,""width"":89.39520780344925,""height"":47.50499001996006,""rotation"":0,""rectanglelabels"":[""A""],""original_width"":2246,""original_height"":2606}]"
img1004,"Thermal analysis: results from TGA characterization relevant to a) thermograms of weight variation ( %) vs temperature ( °C), b) onset degradation temperature (T onset , °C), and residual weight at 700 °C (Residue, %) of the developed scaffolds (data reported as mean ± standard deviation indicated with error bars, n = 3; * the pairs of values marked with this symbol are significantly different, p < 0.05; ° ,+ the values marked with these symbols are significantly different from all the others relevant to the same parameters, p < 0.05); results from DSC characterization relevant to c) thermograms of heat flow (W/g) vs temperature ( °C) and d) glass transition temperature (T g , °C) values obtained from 1st and 2nd heating scans of the developed scaffolds (data reported as mean ± standard deviation indicated with error bars, n = 3).","Two weight loss phenomena were observed in the TGA thermograms of the polymeric scaffolds investigated ( Fig. 5 a) . || However, when the scaffold was loaded with HA, the onset temperature (T onset ) ( Fig. 5 b ) and the temperature of maximum rate of degradation (T peak ) ( Fig. S7b , Supplementary Material) were significantly reduced. || In addition, a significant increase in residual weight was observed at the end of the analysis in the case of HA loading or a 10 % β-TCP concentration ( Fig. 5 b ). || The DSC thermograms of all the tested polymeric samples showed an inflection point in the range of 170–190 °C due to the polymer glass transition ( Fig. 5 c ).",selected_images/img1004.jpg,"[{""x"":0.510002916302129,""y"":0.5925925925925926,""width"":48.96027996500438,""height"":48.888888888888886,""rotation"":0,""rectanglelabels"":[""A""],""original_width"":3175,""original_height"":2186},{""x"":50.18428696412948,""y"":0.7407407407407403,""width"":49.674284047827385,""height"":49.77777777777778,""rotation"":0,""rectanglelabels"":[""B""],""original_width"":3175,""original_height"":2186},{""x"":0.30600174978127737,""y"":50.8148148148148,""width"":48.858279381743955,""height"":48.59259259259257,""rotation"":0,""rectanglelabels"":[""C""],""original_width"":3175,""original_height"":2186},{""x"":49.77628463108781,""y"":51.11111111111111,""width"":49.917713619130936,""height"":48.88888888888888,""rotation"":0,""rectanglelabels"":[""D""],""original_width"":3175,""original_height"":2186}]"
img1005,"Mechanical characterization: tensile a) stress (MPa)-strain ( %) curves, b) modulus (E T , MPa), and strength (σ T-max , MPa) of the scaffolds (data reported as mean ± standard deviation indicated as error bars, n = 5; * pairs of values marked with this symbol are significantly different, p < 0.05); compression c) stress (MPa)-strain ( %) curves, b) modulus (E C , MPa), and stress at 30 % strain (σ C-30 , MPa) of the scaffolds (data reported as mean ± standard deviation indicated with error bars, n = 5; * pairs of values marked with this symbol are significantly different, p < 0.05; ° the value marked with this symbol is significantly different from all the others relevant to the same parameter, p < 0.05).","T g values recorded during the first or second heating scan were not significantly influenced by HA and β-TCP loading ( Fig. 6 d ). || The tensile stress-strain curves of PSU and composite scaffolds show three regions ( Fig. 6 a ). || In particular, the statistical analysis revealed that the PSU-TCP10 scaffold had a maximum tensile stress (σ T-max ) significantly lower than the PSU and PSU-TCP5 scaffolds ( Fig. 6 b ). || Compression curves of all tested samples were characterized by a first roughly linear region likely due to the elastic deformation of fiber-fiber contact points and micropore walls ( Fig. 6 c ). || HA loading at a concentration of 10 % wt caused a significant increase in compressive modulus (E C ) compared to the case of β-TCP loading ( Fig. 6 d ).",selected_images/img1005.jpg,"[{""x"":0.8171245261009041,""y"":0.8888888888888888,""width"":48.41462817147857,""height"":48.44444444444445,""rotation"":0,""rectanglelabels"":[""A""],""original_width"":3175,""original_height"":2189},{""x"":50.04887722368038,""y"":0.8888888888888888,""width"":49.23175269757948,""height"":48.44444444444445,""rotation"":0,""rectanglelabels"":[""B""],""original_width"":3175,""original_height"":2189},{""x"":0.510702828813065,""y"":50.2222222222222,""width"":48.823190434529025,""height"":48.592592592592545,""rotation"":0,""rectanglelabels"":[""C""],""original_width"":3175,""original_height"":2189},{""x"":50.45743948673083,""y"":50.81481481481481,""width"":48.72104986876641,""height"":48.14814814814815,""rotation"":0,""rectanglelabels"":[""D""],""original_width"":3175,""original_height"":2189}]"
img1026,"Graphic illustration of FDM methodology, inkjet-based 3D printing process [ 167 ], SLA technique, and DLP methodology [ 168 ]. With permission, Copyright 2020, Elsevier and under the Licence CC BY 4.0, 2021, Wiley.","( Fig. 3 ) These can be broadly classified into extrusion-based processes, which include FDM and DIW, and vat-photopolymerization (VP)-based technologies, which include DLP and SLA [ 140 , 141 ].",selected_images/img1026.jpg,"[{""x"":0,""y"":0,""width"":49.55967817009112,""height"":41.77777777777775,""rotation"":0,""rectanglelabels"":[""A""],""original_width"":3342,""original_height"":2518},{""x"":51.0107498282244,""y"":0.2962962962962963,""width"":48.9892501717756,""height"":42.370370370370374,""rotation"":0,""rectanglelabels"":[""B""],""original_width"":3342,""original_height"":2518},{""x"":0.2232417935589689,""y"":44.148148148148145,""width"":50.34102444754749,""height"":55.851851851851855,""rotation"":0,""rectanglelabels"":[""C""],""original_width"":3342,""original_height"":2518},{""x"":51.345612518562845,""y"":44,""width"":48.65438748143715,""height"":56.00000000000001,""rotation"":0,""rectanglelabels"":[""D""],""original_width"":3342,""original_height"":2518}]"
img1029,"(a) Stress–strain curves; (b) Tensile ductility; (c) Dimensional stability; (d–f) SEM images of fracture surfaces for PLLA and PCP composites [ 171 ], with permission, Copyright 2022, Elsevier .","Shariatnia et al.’s CNC spraying technique improved interlayer shear strength by 44 % [ 170 ], while Wu et al.’s modified CNCs enhanced fusion bonding strength by 103 % [ 171 ] ( Fig. 6 ).",selected_images/img1029.jpg,"[{""x"":0.07836990595611175,""y"":0.4847234282023342,""width"":32.445141065830725,""height"":48.63391729630116,""rotation"":0,""rectanglelabels"":[""A""],""original_width"":3342,""original_height"":1621},{""x"":32.83699059561129,""y"":0.48472342820233644,""width"":32.75862068965517,""height"":47.82604491596386,""rotation"":0,""rectanglelabels"":[""B""],""original_width"":3342,""original_height"":1621},{""x"":66.06583072100314,""y"":0.1615744760674455,""width"":33.69905956112852,""height"":48.310768344166206,""rotation"":0,""rectanglelabels"":[""C""],""original_width"":3342,""original_height"":1621},{""x"":3.2915360501567394,""y"":50.73438548517778,""width"":30.250783699059525,""height"":49.26561451482206,""rotation"":0,""rectanglelabels"":[""D""],""original_width"":3342,""original_height"":1621},{""x"":34.95297805642633,""y"":49.764938628773216,""width"":29.623824451410655,""height"":48.95706624843597,""rotation"":0,""rectanglelabels"":[""E""],""original_width"":3342,""original_height"":1621},{""x"":66.22257053291536,""y"":49.44178967663832,""width"":31.42633228840127,""height"":50.55821032336168,""rotation"":0,""rectanglelabels"":[""F""],""original_width"":3342,""original_height"":1621}]"
img1034,"Rheological behavior of aqueous inks with varying CNC and CCNC concentrations: (a,d) Shear viscosity; (b,e) Oscillatory shear measurements; (c) Initial storage modulus (G’₀) vs. filler content; (f) Yield stress vs. filler content [ 157 ], under the Licence CC BY 4.0, 2021, MDPI .","As CNC concentration increases, viscosity, storage modulus, and yield stress all rise, thereby improving shape fidelity ( Fig. 11 ).",selected_images/img1034.jpg,"[{""x"":0.3134796238244514,""y"":0,""width"":32.60188087774295,""height"":49.57937115358405,""rotation"":0,""rectanglelabels"":[""A""],""original_width"":3342,""original_height"":1495},{""x"":33.69905956112852,""y"":0.8759606210880573,""width"":32.915360501567406,""height"":49.40417902936644,""rotation"":0,""rectanglelabels"":[""B""],""original_width"":3342,""original_height"":1495},{""x"":67.0846394984326,""y"":1.0511527453056693,""width"":32.91536050156738,""height"":49.404179029366446,""rotation"":0,""rectanglelabels"":[""C""],""original_width"":3342,""original_height"":1495},{""x"":0.3134796238244514,""y"":50.10494752623684,""width"":33.22884012539185,""height"":49.89505247376313,""rotation"":0,""rectanglelabels"":[""D""],""original_width"":3342,""original_height"":1495},{""x"":33.855799373040746,""y"":50.80571602310734,""width"":32.680250783699066,""height"":49.19428397689264,""rotation"":0,""rectanglelabels"":[""E""],""original_width"":3342,""original_height"":1495},{""x"":66.69278996865204,""y"":50.280139650454494,""width"":33.307210031347964,""height"":49.719860349545506,""rotation"":0,""rectanglelabels"":[""F""],""original_width"":3342,""original_height"":1495}]"
img1035,"CNC alignment in solution-cast films and 3D-printed structures: (a) SEM image of filaments; (b) AFM image showing CNC alignment; (c,e,f) 2D-WAXS azimuthal intensity plots for (c) solution-cast film, (e) printed axial section, and (f) printed cross-section; (d) Optical micrograph displaying beam spots (scale bar: 200 μm) [ 154 ], with permission, Copyright 2017, Elsevier .","Notably, it has been reported that during the DIW process, shear stresses align CNC particles along the printing direction [ 154 , 180–182 ], resulting in final structures that exhibit mechanical anisotropy, with greater stiffness along the printing axis ( Fig. 12 ) [ 154 ].",selected_images/img1035.jpg,"[{""x"":3.95956377027123,""y"":1.1851851851851851,""width"":46.13752567098646,""height"":30.666666666666664,""rotation"":0,""rectanglelabels"":[""A""],""original_width"":2092,""original_height"":2431},{""x"":51.13001912045889,""y"":0.5925925925925926,""width"":48.86998087954109,""height"":32.000000000000014,""rotation"":0,""rectanglelabels"":[""B""],""original_width"":2092,""original_height"":2431},{""x"":0.3443098930670633,""y"":32.44444444444447,""width"":46.826145457120596,""height"":33.48148148148146,""rotation"":0,""rectanglelabels"":[""C""],""original_width"":2092,""original_height"":2431},{""x"":49.580624601657114,""y"":33.48148148148148,""width"":50.419375398342886,""height"":33.03703703703704,""rotation"":0,""rectanglelabels"":[""D""],""original_width"":2092,""original_height"":2431},{""x"":0.516464839600595,""y"":67.11111111111111,""width"":47.8590751363218,""height"":32.888888888888886,""rotation"":0,""rectanglelabels"":[""E""],""original_width"":2092,""original_height"":2431},{""x"":52.85156858579422,""y"":67.11111111111109,""width"":47.14843141420575,""height"":32.740740740740726,""rotation"":0,""rectanglelabels"":[""F""],""original_width"":2092,""original_height"":2431}]"
img1037,"3D-printed cellular structures of PUA–HEMA with 15 wt % CNC–DR1: (a) Compression tests of hexagonal honeycombs in the dark and under selective illumination; (b) Deformation images at various strains; (c,d) Compression tests of negative stiffness structures with different illumination profiles; (e) Deformation under compression; (f) Shape memory effect after 5 min illumination [ 156 ], under the Licence CC BY 4.0, 2022, American Chemical Society .",Muller et al. presented a representative example of imparting dynamic functionality to CNC-based 3D printing ( Fig. 14 ) [ 156 ].,selected_images/img1037.jpg,"[{""x"":1.6789069171648165,""y"":0.2962962962962963,""width"":48.87484581079799,""height"":32.74074074074074,""rotation"":0,""rectanglelabels"":[""A""],""original_width"":2342,""original_height"":2949},{""x"":51.29993358003606,""y"":1.037037037037037,""width"":47.382484106651496,""height"":31.407407407407405,""rotation"":0,""rectanglelabels"":[""B""],""original_width"":2342,""original_height"":2949},{""x"":1.1192712781098777,""y"":34.66666666666667,""width"":48.68830059777968,""height"":31.555555555555557,""rotation"":0,""rectanglelabels"":[""C""],""original_width"":2342,""original_height"":2949},{""x"":50.740297940981115,""y"":33.48148148148148,""width"":49.06139102381632,""height"":33.48148148148148,""rotation"":0,""rectanglelabels"":[""D""],""original_width"":2342,""original_height"":2949},{""x"":2.2385425562197554,""y"":66.81481481481481,""width"":96.25732991744948,""height"":14.370370370370367,""rotation"":0,""rectanglelabels"":[""E""],""original_width"":2342,""original_height"":2949},{""x"":1.3058164911281906,""y"":82.96296296296296,""width"":98.69418350887182,""height"":17.037037037037038,""rotation"":0,""rectanglelabels"":[""F""],""original_width"":2342,""original_height"":2949}]"
img1040,"Mechanical and thermal properties of DLP-printed CNC composites: (a) DMA tensile data for varying CNC contents, Young’s modulus (black), strain at break (blue), ultimate strength (red); (b) Storage modulus (dashed) and tan δ (solid) as a function of temperature; (c) Tg vs. CNC content; (d) Halpin–Tsai model fitting of Young’s modulus for all (black) and low (red) CNC contents [ 28 ], with permission, Copyright 2019, Elsevier .","As with other printing methods, the use of VP has shown that CNCs can induce significant changes in the mechanical, thermal, and optical properties of 3D‐printed composites ( Fig. 17 ). || Due to their high intrinsic stiffness, CNC particles substantially increase the Young’s modulus of polymer matrices [ 28 ] ( Fig. 17 ).",selected_images/img1040.jpg,"[{""x"":0.24524216524216524,""y"":0.2962962962962963,""width"":50.27464387464387,""height"":49.925925925925924,""rotation"":0,""rectanglelabels"":[""A""],""original_width"":2925,""original_height"":2421},{""x"":51.255612535612535,""y"":0.4444444444444444,""width"":48.744387464387465,""height"":50.51851851851852,""rotation"":0,""rectanglelabels"":[""B""],""original_width"":2925,""original_height"":2421},{""x"":0.6131054131054131,""y"":51.55555555555556,""width"":48.80319088319088,""height"":48.44444444444444,""rotation"":0,""rectanglelabels"":[""C""],""original_width"":2925,""original_height"":2421},{""x"":51.378233618233615,""y"":52,""width"":48.62176638176635,""height"":47.99999999999999,""rotation"":0,""rectanglelabels"":[""D""],""original_width"":2925,""original_height"":2421}]"
img1041,"Thermally induced shape memory behavior of CTFA and A-CNC/CTFA composites: (a) Shape recovery at 40 °C; (b) Recovery ratio as a function of time; (c) Recovery ratio over multiple cycles; (d) Stent model, original, deformed, and recovered states; (e) Stent expansion in a constricted vessel; (f) Gripper model, original, deformed, and recovered states; (g) Gripper lifting an object [ 166 ], under the Licence CC BY 4.0, 2018, Elsevier .",This functionality suggests potential applications in self‐expanding stents and temperature‐responsive sensors.( Fig. 18 ).,selected_images/img1041.jpg,"[{""x"":0.5264105226722049,""y"":0.14814814814814814,""width"":55.694233298719276,""height"":29.77777777777778,""rotation"":0,""rectanglelabels"":[""A""],""original_width"":2675,""original_height"":1901},{""x"":56.641772239529246,""y"":1.0370370370370365,""width"":20.00359986154378,""height"":29.037037037037038,""rotation"":0,""rectanglelabels"":[""B""],""original_width"":2675,""original_height"":1901},{""x"":77.592911041883,""y"":1.4814814814814816,""width"":22.407088958117,""height"":30.074074074074073,""rotation"":0,""rectanglelabels"":[""C""],""original_width"":2675,""original_height"":1901},{""x"":0,""y"":31.25925925925927,""width"":69.59147109726548,""height"":34.37037037037038,""rotation"":0,""rectanglelabels"":[""D""],""original_width"":2675,""original_height"":1901},{""x"":70.01259951540325,""y"":31.851851851851855,""width"":29.987400484596748,""height"":33.18518518518518,""rotation"":0,""rectanglelabels"":[""E""],""original_width"":2675,""original_height"":1901},{""x"":0.5264105226722048,""y"":66.22222222222224,""width"":68.22280373831775,""height"":32.888888888888864,""rotation"":0,""rectanglelabels"":[""F""],""original_width"":2675,""original_height"":1901},{""x"":69.27562478366217,""y"":66.22222222222223,""width"":30.724375216337833,""height"":33.77777777777777,""rotation"":0,""rectanglelabels"":[""G""],""original_width"":2675,""original_height"":1901}]"
img1053,"Representative microscopic image of the printed holes (A), side structure (B and D) and front column (D). Length 1 = 1021 µm; length 2 = 891 µm; diameter 3 = 998 µm; length 4 = 473 µm.","The shot peening of the samples improved the dimensional accuracy of the holes, internal surfaces and other dimensions as loosely fused powder was ejected ( Fig. 10 ). || Holes were modelled to be 1 mm and the prints had mostly circular holes with diameters ranging from 850 µm to 1100 µm ( Fig. 10A ). || Columns also had a similar accuracy ( Fig. 10C ) with no observable difference between the left and right columns. || Side structures had some inaccuracies particularly in the bottom hole ( Fig. 10D ). || The top hole was representative of the STL structure with no observable inaccuracies ( Fig. 10B ).",selected_images/img1053.jpg,"[{""x"":0.8731851851851852,""y"":0.2962962962962963,""width"":47.52622222222222,""height"":48.74074074074074,""rotation"":0,""rectanglelabels"":[""A""],""original_width"":2500,""original_height"":2105},{""x"":50.89422222222222,""y"":0.8888888888888888,""width"":49.10577777777778,""height"":48.296296296296305,""rotation"":0,""rectanglelabels"":[""B""],""original_width"":2500,""original_height"":2105},{""x"":0.8731851851851852,""y"":51.25925925925926,""width"":48.02518518518519,""height"":47.7037037037037,""rotation"":0,""rectanglelabels"":[""C""],""original_width"":2500,""original_height"":2105},{""x"":50.89422222222222,""y"":50.96296296296296,""width"":49.10577777777778,""height"":48.888888888888886,""rotation"":0,""rectanglelabels"":[""D""],""original_width"":2500,""original_height"":2105}]"
img1056,Mechanical properties of both Ti64-CP cage and Ti64 cage: A) stiffness in compression (p>0.05); B) Stiffness in shear-compression (p>0.05); C) stiffness in torsion (p=0.008); D) maximum strength in compression (p>0.05); E) maximum strength in shear-compression (p>0.05); F) maximum strength in torsion (p=0.017). * indicates a statistically significant difference between groups.,The results are shown in Fig. 13 . || A statistically significant increase in maximum strength and torsional stiffness was observed when MCP was introduced into the Ti64 cage ( Fig. 13F ).,selected_images/img1056.jpg,"[{""x"":0,""y"":0.1481481481481484,""width"":32.45631229789645,""height"":44.44444444444442,""rotation"":0,""rectanglelabels"":[""A""],""original_width"":3333,""original_height"":1858},{""x"":33.44734473447347,""y"":0.44444444444444464,""width"":33.19958662532919,""height"":45.18518518518518,""rotation"":0,""rectanglelabels"":[""B""],""original_width"":3333,""original_height"":1858},{""x"":67.30761965085397,""y"":0.14814814814814814,""width"":32.692380349146035,""height"":44.14814814814815,""rotation"":0,""rectanglelabels"":[""C""],""original_width"":3333,""original_height"":1858},{""x"":0.49551621828849546,""y"":48.148148148148145,""width"":32.78665644342212,""height"":45.62962962962964,""rotation"":0,""rectanglelabels"":[""D""],""original_width"":3333,""original_height"":1858},{""x"":33.44734473447345,""y"":48.148148148148145,""width"":34.02544698914335,""height"":45.77777777777778,""rotation"":0,""rectanglelabels"":[""E""],""original_width"":3333,""original_height"":1858},{""x"":67.80313586914247,""y"":47.85185185185185,""width"":32.196864130857534,""height"":46.66666666666667,""rotation"":0,""rectanglelabels"":[""F""],""original_width"":3333,""original_height"":1858}]"
img1061,"Design and calculations of solid solution interlayer at W/steel heterogeneous Interface. (a, b) Solid solubility calculations of W-CoCrNi-Fe alloy system. (c, d) Phase structure prediction of solid solutions. (e, f) Gibbs free energy calculations of the alloy system. (g, h) Phase diagram calculations of WCoCrNi alloy (g) and W x (CoCrNi) 1-x alloy system (h) under equilibrium conditions.","As shown in Fig. 3 (a, b), the solid solution ranges of the W-CoCrNi-Fe alloy system were determined through thermodynamic modeling using mixing entropy and enthalpy calculations. || Valence electron concentration (VEC) analysis in Fig. 3 (c, d) indicated that CoCrNi forms a stable FCC solid solution with Fe, whereas its phase stability with W is highly sensitive to W content. || Gibbs free energy calculations in Fig. 3 (e, f) revealed that the steel/CoCrNi interface possesses relatively low free energy, favoring the formation of stable solid solutions [ 39 ]. || Further phase-diagram analysis confirms that μ-phase and R-phase IMCs are expected to form under equilibrium conditions at the W/CoCrNi interface, and their fraction decreases as the W content is reduced, as depicted in Fig. 3 (g, h).",selected_images/img1061.jpg,"[{""x"":0.39191783364799965,""y"":0.988142292490119,""width"":24.847590653283174,""height"":49.40711462450594,""rotation"":0,""rectanglelabels"":[""A""],""original_width"":3492,""original_height"":1385},{""x"":25.39627562039036,""y"":0.5928853754940712,""width"":25.00435778674237,""height"":49.60474308300397,""rotation"":0,""rectanglelabels"":[""B""],""original_width"":3492,""original_height"":1385},{""x"":50.87093480751034,""y"":0.790513833992095,""width"":24.29890568617597,""height"":48.02371541501977,""rotation"":0,""rectanglelabels"":[""C""],""original_width"":3492,""original_height"":1385},{""x"":75.64014189406392,""y"":0.3952569169960475,""width"":24.14213855271676,""height"":49.80237154150199,""rotation"":0,""rectanglelabels"":[""D""],""original_width"":3492,""original_height"":1385},{""x"":0.15676713345919982,""y"":53.16205533596838,""width"":24.142138552716773,""height"":46.83794466403162,""rotation"":0,""rectanglelabels"":[""E""],""original_width"":3492,""original_height"":1385},{""x"":25.23950848693117,""y"":53.16205533596838,""width"":25.082741353471974,""height"":46.83794466403162,""rotation"":0,""rectanglelabels"":[""F""],""original_width"":3492,""original_height"":1385},{""x"":50.71416767405117,""y"":52.569169960474284,""width"":24.377289252905538,""height"":47.43083003952563,""rotation"":0,""rectanglelabels"":[""G""],""original_width"":3492,""original_height"":1385},{""x"":75.09145692695671,""y"":52.766798418972336,""width"":24.90854307304329,""height"":47.233201581027664,""rotation"":0,""rectanglelabels"":[""H""],""original_width"":3492,""original_height"":1385}]"
img1062,"SEM images of W/CoCrNi/steel heterogeneous interface. (a) The materials have achieved good metallurgical bonding. (b) Elemental line scanning results of the interface. (c, d) Microstructure characteristics and elemental distribution of steel/CoCrNi interface. (e, f) Microstructure characteristics and elemental distribution of W/CoCrNi interface.","Chemical compositions of each point in Fig. 4 (at. %). || The SEM image in Fig. 4 (a) illustrated the microstructure of the W/CoCrNi/steel heterogeneous interface fabricated by LDED. || EDS line scanning across the entire heterogeneous interface ( Fig. 4 (b)) revealed elemental interdiffusion and solid solution formation between the steel and the CoCrNi interlayer, whereas diffusion was relatively limited at the W/CoCrNi interface. || High-magnification SEM images of the steel/CoCrNi and W/CoCrNi interfaces are shown in Fig. 4 (c) and Fig. 4 (e), respectively. || EDS mapping of the steel/CoCrNi interface ( Fig. 4 (d)) showed that Fe exhibited limited diffusion into the CoCrNi layer, while Co, Cr, and Ni diffused significantly into the steel, facilitating solid-solution formation.",selected_images/img1062.jpg,"[{""x"":0.07836990595611285,""y"":0,""width"":32.288401253918494,""height"":51.37333056967447,""rotation"":0,""rectanglelabels"":[""A""],""original_width"":3490,""original_height"":1709},{""x"":0.4702194357366769,""y"":52.81370432396441,""width"":31.661442006269585,""height"":47.18629567603555,""rotation"":0,""rectanglelabels"":[""B""],""original_width"":3490,""original_height"":1709},{""x"":33.46394984326019,""y"":0.4801245847633129,""width"":33.07210031347963,""height"":49.93295681538454,""rotation"":0,""rectanglelabels"":[""C""],""original_width"":3490,""original_height"":1709},{""x"":33.38557993730408,""y"":52.49362126745554,""width"":32.68025078369905,""height"":46.572084722041325,""rotation"":0,""rectanglelabels"":[""D""],""original_width"":3490,""original_height"":1709},{""x"":67.16300940438872,""y"":0.8002076412721881,""width"":32.3667711598746,""height"":48.33254153284016,""rotation"":0,""rectanglelabels"":[""E""],""original_width"":3490,""original_height"":1709},{""x"":66.92789968652038,""y"":52.3335797392011,""width"":33.07210031347962,""height"":46.57208472204134,""rotation"":0,""rectanglelabels"":[""F""],""original_width"":3490,""original_height"":1709}]"
img1063,"SEM images of the samples after corrosion. (a-c) Microstructure of steel, CoCrNi, and W, respectively. (d, e) Microstructure characteristics and elemental distribution of steel/CoCrNi interface. (f, g) Microstructure characteristics and elemental distribution of W/CoCrNi interface.","The etched samples provided clearer microstructural details, as shown in Fig. 5 . Fig. 5 (a-c) depicted the grain morphologies of steel, CoCrNi, and W, respectively. || The steel layer primarily consisted of lath martensite, while the CoCrNi interlayer exhibited fine equiaxed grains, and the W substrate showed irregularly shaped grains. Fig. 5 (d) showed the steel/CoCrNi interface, epitaxial grain growth occurred across the transition zone, indicating excellent metallurgical compatibility. || EDS results in Fig. 5 (e) confirmed that CoCrNi elements diffused significantly into the steel to form FeCoCrNi solid solution. || The microstructure at the W/CoCrNi interface was presented in Fig. 5 (f), grains were distinctly separated, showing minimal grain interaction between the two materials. || EDS analysis ( Fig. 5 (g)) revealed significant W enrichment within the R-phase, confirming segregation at the interface.",selected_images/img1063.jpg,"[{""x"":0.1568210331096929,""y"":0.5952380952380952,""width"":24.22884961544755,""height"":32.291666666666664,""rotation"":0,""rectanglelabels"":[""A""],""original_width"":3492,""original_height"":1840},{""x"":0.3136420662193858,""y"":34.226190476190474,""width"":23.993618065783014,""height"":32.291666666666664,""rotation"":0,""rectanglelabels"":[""B""],""original_width"":3492,""original_height"":1840},{""x"":0.1568210331096929,""y"":67.41071428571425,""width"":23.99361806578301,""height"":32.440476190476176,""rotation"":0,""rectanglelabels"":[""C""],""original_width"":3492,""original_height"":1840},{""x"":25.40500736377025,""y"":0.2976190476190476,""width"":36.61771123111329,""height"":48.66071428571428,""rotation"":0,""rectanglelabels"":[""D""],""original_width"":3492,""original_height"":1840},{""x"":25.561828396879942,""y"":50.297619047619044,""width"":36.61771123111329,""height"":49.107142857142854,""rotation"":0,""rectanglelabels"":[""F""],""original_width"":3492,""original_height"":1840},{""x"":62.493181694212616,""y"":0.2976190476190476,""width"":37.480226913216605,""height"":48.51190476190476,""rotation"":0,""rectanglelabels"":[""E""],""original_width"":3492,""original_height"":1840},{""x"":62.57159221076747,""y"":50.297619047619044,""width"":37.42840778923253,""height"":49.702380952380956,""rotation"":0,""rectanglelabels"":[""G""],""original_width"":3492,""original_height"":1840}]"
img1064,"EBSD analysis results of W/CoCrNi/steel heterogeneous interface. (a) IPF map of the heterogeneous interface. (b, d, and f) IQ map, phase map, and KAM map of steel/CoCrNi interface, respectively. (c, e, and g) IQ map, phase map, and KAM map of W/CoCrNi interface, respectively.","EBSD analysis was conducted to further elucidate the grain orientation relationships and microstructural evolution across the W/CoCrNi/steel heterogeneous interface, as shown in Fig. 6 . || The inverse pole figure (IPF) map ( Fig. 6 (a)) revealed pronounced anisotropy at the interface, where epitaxially grown grains across adjacent layers shared similar orientation relationships, which is beneficial for enhancing interfacial bonding integrity. || The grain morphology of the steel/CoCrNi interface is shown in Fig. 6 (b). || The phase distribution map in Fig. 6 (d) indicated that CoCrNi diffused deeply into the steel region, leading to the formation of an FeCoCrNi solid-solution layer. || The kernel average misorientation (KAM) map in Fig. 6 (f) showed slightly increased local strain in the dual-phase region, however, the overall residual stress at the steel/CoCrNi interface remained low, demonstrating excellent strain accommodation.",selected_images/img1064.jpg,"[{""x"":0.07836990595611285,""y"":0.32330482788281684,""width"":24.529780564263323,""height"":99.57788698790758,""rotation"":0,""rectanglelabels"":[""A""],""original_width"":3488,""original_height"":1691},{""x"":25.313479623824453,""y"":0.32330482788281684,""width"":24.451410658307207,""height"":54.47686349825464,""rotation"":0,""rectanglelabels"":[""B""],""original_width"":3488,""original_height"":1691},{""x"":25.313479623824453,""y"":55.931735223727316,""width"":24.37304075235109,""height"":44.068264776272684,""rotation"":0,""rectanglelabels"":[""C""],""original_width"":3488,""original_height"":1691},{""x"":50.470219435736674,""y"":0.32330482788281684,""width"":24.451410658307218,""height"":53.830253842489014,""rotation"":0,""rectanglelabels"":[""D""],""original_width"":3488,""original_height"":1691},{""x"":50.313479623824456,""y"":56.09338763766873,""width"":24.529780564263326,""height"":43.90661236233127,""rotation"":0,""rectanglelabels"":[""E""],""original_width"":3488,""original_height"":1691},{""x"":75.70532915360494,""y"":0.6466096557656337,""width"":24.137931034482747,""height"":53.83025384248897,""rotation"":0,""rectanglelabels"":[""F""],""original_width"":3488,""original_height"":1691},{""x"":75.31347962382445,""y"":55.931735223727316,""width"":24.68652037617555,""height"":44.068264776272684,""rotation"":0,""rectanglelabels"":[""G""],""original_width"":3488,""original_height"":1691}]"
img1065,TEM characterization of W/CoCrNi/steel heterogeneous interface. (a) HAADF image of W/CoCrNi interface. (b-d) SAED patterns of different phases at the W/CoCrNi interface. (e) HRTEM image of W/R-phase interface. (f) IFFT image of W/R-phase interface. (g) HRTEM image of CoCrNi/R-phase interface. (h) IFFT image of CoCrNi/R-phase interface. (i) Bright-field image of CoCrNi/steel interface. (j) SAED pattern of steel region. (k) HRTEM image of CoCrNi/steel interface. (l) IFFT image of CoCrNi/steel interface.,"To further investigate the microstructural characteristics of the W/CoCrNi/steel heterogeneous interface, TEM and STEM analysis were performed, as shown in Fig. 7 . || The HAADF image in Fig. 7 (a) clearly showed the morphology of the W/CoCrNi interface. || Selected area electron diffraction (SAED) patterns were obtained from the three regions marked in Fig. 7 (a) to confirm the crystal structures of the constituent phases, as shown in Fig. 7 (b-d). || The high-resolution TEM (HRTEM) image in Fig. 7 (e) illustrated the atomic-scale interface between W and the R-phase, where a semi-coherent boundary was formed. || The lattice spacings measured along the interface direction were 0.225 nm for W and 0.231 nm for the R-phase, indicating a small but significant lattice misfit. Fig. 7 (f) showed the inverse fast Fourier transform (IFFT) result, it confirmed that such misfit was sufficient to generate localized strain fields and geometrically necessary dislocations at the interface.",selected_images/img1065.jpg,"[{""x"":0.11142948105698823,""y"":0.8888888888888891,""width"":24.403056351480423,""height"":31.40740740740741,""rotation"":0,""rectanglelabels"":[""A""],""original_width"":3490,""original_height"":2625},{""x"":25.071633237822354,""y"":0.7407407407407408,""width"":24.848774275708372,""height"":32.14814814814815,""rotation"":0,""rectanglelabels"":[""B""],""original_width"":3490,""original_height"":2625},{""x"":50.58898439987266,""y"":0.29629629629629634,""width"":24.18019738936644,""height"":32.14814814814815,""rotation"":0,""rectanglelabels"":[""C""],""original_width"":3490,""original_height"":2625},{""x"":75.32632919452405,""y"":0.5925925925925927,""width"":24.67367080547595,""height"":32.14814814814815,""rotation"":0,""rectanglelabels"":[""D""],""original_width"":3490,""original_height"":2625},{""x"":0,""y"":33.48148148148148,""width"":24.40305635148042,""height"":32.296296296296326,""rotation"":0,""rectanglelabels"":[""E""],""original_width"":3490,""original_height"":2625},{""x"":25.18306271887934,""y"":33.48148148148149,""width"":24.625915313594398,""height"":32.88888888888889,""rotation"":0,""rectanglelabels"":[""F""],""original_width"":3490,""original_height"":2625},{""x"":50.47755491881567,""y"":33.333333333333336,""width"":24.068767908309454,""height"":33.333333333333336,""rotation"":0,""rectanglelabels"":[""G""],""original_width"":3490,""original_height"":2625},{""x"":75.10347023241,""y"":33.48148148148149,""width"":24.737344794651374,""height"":33.185185185185176,""rotation"":0,""rectanglelabels"":[""H""],""original_width"":3490,""original_height"":2625},{""x"":0.22285896211397646,""y"":67.25925925925928,""width"":24.180197389366448,""height"":32.29629629629629,""rotation"":0,""rectanglelabels"":[""I""],""original_width"":3490,""original_height"":2625},{""x"":25.071633237822354,""y"":67.40740740740742,""width"":24.40305635148042,""height"":32.148148148148145,""rotation"":0,""rectanglelabels"":[""J""],""original_width"":3490,""original_height"":2625},{""x"":49.920407513530726,""y"":67.25925925925928,""width"":24.848774275708372,""height"":32.74074074074072,""rotation"":0,""rectanglelabels"":[""K""],""original_width"":3490,""original_height"":2625},{""x"":75.21489971346705,""y"":67.55555555555557,""width"":24.785100286532952,""height"":32.44444444444443,""rotation"":0,""rectanglelabels"":[""L""],""original_width"":3490,""original_height"":2625}]"
img1066,"Finite element simulation of W/steel dissimilar metals fabricated by laser-directed energy deposition. (a, c) Temperature field during the deposition process. (b, d) Morphologies of the molten pool.","The Von Mises equivalent stress method was employed to analyze the residual stress distribution at the heterogeneous interface. Fig. 8 (a, c) showed the temperature fields after depositing CoCrNi and RAFM steel, respectively. || It can be seen from Fig. 8 (b, d) that the molten pool center reached approximately 2545 °C for the CoCrNi sample and 2275 °C for the steel sample.",selected_images/img1066.jpg,"[{""x"":0.23510971786833748,""y"":0.6780381193030672,""width"":50.15673981191211,""height"":49.32727317929809,""rotation"":0,""rectanglelabels"":[""A""],""original_width"":3000,""original_height"":1387},{""x"":51.01880877742947,""y"":0,""width"":48.98119122257053,""height"":47.801687410866236,""rotation"":0,""rectanglelabels"":[""B""],""original_width"":3000,""original_height"":1387},{""x"":0.3134796238244514,""y"":53.22599236529078,""width"":50.86206896551724,""height"":46.77400763470922,""rotation"":0,""rectanglelabels"":[""C""],""original_width"":3000,""original_height"":1387},{""x"":51.410658307210035,""y"":53.05648283546501,""width"":48.589341692789965,""height"":46.94351716453499,""rotation"":0,""rectanglelabels"":[""D""],""original_width"":3000,""original_height"":1387}]"
img1067,Stress field during the LDED process. (a-c) Residual stress distribution of W/steel dissimilar metals without an interlayer. (d-f) Residual stress distribution of W/steel dissimilar metals with CoCrNi interlayer.,"A stable molten pool developed at the steel/CoCrNi interface, ensuring sufficient melting of the deposited steel and promoting robust metallurgical bonding. Fig. 9 displayed the stress field simulation results of W/steel dissimilar metals fabricated by LDED. || The residual stress distribution of W/steel dissimilar metals without an interlayer was shown in Fig. 9 (a-c). || With the incorporation of the CoCrNi interlayer ( Fig. 9 (d-f)), the residual stress in the W substrate became more uniform, with average values reduced to below 300 MPa.",selected_images/img1067.jpg,"[{""x"":0.12060873979964584,""y"":0.14814814814814814,""width"":49.20836583825551,""height"":29.629629629629633,""rotation"":0,""rectanglelabels"":[""A""],""original_width"":2991,""original_height"":2435},{""x"":0,""y"":30.074074074074076,""width"":49.20836583825551,""height"":28.296296296296298,""rotation"":0,""rectanglelabels"":[""B""],""original_width"":2991,""original_height"":2435},{""x"":0.7236524387978751,""y"":60.44444444444444,""width"":50.17323575665267,""height"":39.55555555555556,""rotation"":0,""rectanglelabels"":[""C""],""original_width"":2991,""original_height"":2435},{""x"":50.29384449645232,""y"":0.14814814814814814,""width"":49.70615550354768,""height"":29.481481481481477,""rotation"":0,""rectanglelabels"":[""D""],""original_width"":2991,""original_height"":2435},{""x"":51.86175811384771,""y"":60.29629629629629,""width"":48.13824188615229,""height"":39.70370370370371,""rotation"":0,""rectanglelabels"":[""F""],""original_width"":2991,""original_height"":2435},{""x"":50.17323575665268,""y"":30.814814814814817,""width"":49.82676424334732,""height"":27.25925925925926,""rotation"":0,""rectanglelabels"":[""E""],""original_width"":2991,""original_height"":2435}]"
img1070,,,selected_images/img1070.jpg,"[{""x"":0.11554512258737612,""y"":0.4444444444444444,""width"":49.10667709963485,""height"":47.407407407407405,""rotation"":0,""rectanglelabels"":[""A""],""original_width"":1136,""original_height"":886},{""x"":50.37767344809598,""y"":0,""width"":49.62232655190402,""height"":48.44444444444444,""rotation"":0,""rectanglelabels"":[""B""],""original_width"":1136,""original_height"":886},{""x"":0.23109024517475224,""y"":50.51851851851858,""width"":49.222222222222214,""height"":49.03703703703697,""rotation"":0,""rectanglelabels"":[""C""],""original_width"":1136,""original_height"":886},{""x"":50.7243088158581,""y"":49.77777777777777,""width"":49.275691184141884,""height"":50.22222222222222,""rotation"":0,""rectanglelabels"":[""D""],""original_width"":1136,""original_height"":886}]"
img1071,Schematic of mechanical vibration inducing phase transition of Ga. (a) Mechanism of mechanical vibration inducing the solidification of liquid Ga. (b) A heat dissipation module with tunable stiffness. (c) Comparison of state-of-the-art supercooling inhibition methods with our strategy [ 30–37 ]. (d) Magnetic-controlled deformation behaviour of a heat dissipation conduit. (e) Adaptable gripper based on fast phase transition for weightlifting.,"It facilitates the internal heat transfer, surface Ga renewal, and nucleation generation ( Fig. 1 a). || With the optimised frequency of 20 Hz, amplitude of 1 mm, this strategy significantly reduces the degree of supercooling and achieves rapid and repeatable crystallization of Ga, which overperformance other developed methods ( Fig. 1 b, c) [ 30–37 ]. || Harnessing the superior performance, we explore a heat dissipation module utilising Ga-based PCM with magnetic steering properties to achieve rapid thermal cycling and dynamic stiffness control ( Fig. 1 d), as well as an adaptable gripper capable of operating both in air and underwater ( Fig. 1 e). || We can see from Fig. 1 b the temperature changes of pure Ga with and without vibration. || By comparing the solidification process of Ga and Ga-Cu 0.015 with and without vibration ( Fig. 1 b), we observe that the combination of vibration and Cu microparticles yields the most pronounced acceleration, reducing both the supercooling degree (< 2 °C) and the solidification time (< 2 s) compared with either strategy alone.",selected_images/img1071.jpg,"[{""x"":0.5601899465457916,""y"":0.4444444444444444,""width"":57.69956449421653,""height"":60.74074074074075,""rotation"":0,""rectanglelabels"":[""A""],""original_width"":2917,""original_height"":2206},{""x"":0,""y"":61.62962962962961,""width"":59.04402036592644,""height"":37.925925925925924,""rotation"":0,""rectanglelabels"":[""C""],""original_width"":2917,""original_height"":2206},{""x"":58.595868408689796,""y"":0.4444444444444444,""width"":41.404131591310204,""height"":43.55555555555556,""rotation"":0,""rectanglelabels"":[""B""],""original_width"":2917,""original_height"":2206},{""x"":60.05236226970885,""y"":47.25925925925927,""width"":39.947637730291156,""height"":52.14814814814813,""rotation"":0,""rectanglelabels"":[""D""],""original_width"":2917,""original_height"":2206}]"
img1072,Vibration accelerating the phase transition of Ga. (a) Spontaneous formation of the oxide layer on the surface of Ga. (b) Mechanical vibration inducing the surface renewal of Ga. (c) Shape variation of the Ga with and without vibration during the phase transition process. (d) Thermal images of temperature distribution during the phase transition process. (e) Changes of temperature distribution variance during the phase transition process. The inserts are grey-scale maps of Ga with and without vibration. (f) Optical images of nucleation site distribution after solidification. (g) XRD patterns of Ga and Ga-Cu 0.015 with and without vibration.,"Under ambient conditions, Ga spontaneously forms a dense oxide shell that completely isolates the liquid core from the surrounding environment ( Fig. 2 a), effectively acting as a self-contained barrier to heterogeneous nucleation and thereby reducing potential nucleation sites [ 39 ]. || This results in dynamic surface renewal rather than a one-time oxide rupture ( Fig. 2 b). || We can see from Fig. 2 c that vibration effectively perturbs the surface of the Ga droplet and increases its contact area with the cooling plate, thereby enhancing heat transfer within the Ga. || The infrared thermal images show the temperature changes during the phase transition ( Fig. 2 d). || With vibration, the Ga exhibits a more uniform internal temperature distribution with significantly reduced hot-spot localisation compared with the non-vibration one. Fig. 2 e shows that the temperature distribution variance of Ga with vibration is lower than that without vibration during the solidification process, indicating that vibration reduces local heat accumulation and consequently accelerates the overall cooling rate and phase transition of the Ga droplet.",selected_images/img1072.jpg,"[{""x"":0.5647231389805648,""y"":0.7407407407407408,""width"":34.67400073340667,""height"":22.074074074074076,""rotation"":0,""rectanglelabels"":[""A""],""original_width"":3333,""original_height"":2541},{""x"":36.5940594059406,""y"":0.5925925925925926,""width"":63.40594059405941,""height"":24.88888888888888,""rotation"":0,""rectanglelabels"":[""B""],""original_width"":3333,""original_height"":2541},{""x"":0.3388338833883386,""y"":26.222222222222218,""width"":61.21598826549322,""height"":31.111111111111097,""rotation"":0,""rectanglelabels"":[""C""],""original_width"":3333,""original_height"":2541},{""x"":63.24899156582325,""y"":27.703703703703702,""width"":36.75100843417675,""height"":30.962962962962962,""rotation"":0,""rectanglelabels"":[""D""],""original_width"":3333,""original_height"":2541},{""x"":0.3388338833883385,""y"":58.81481481481475,""width"":37.610561056105595,""height"":41.18518518518523,""rotation"":0,""rectanglelabels"":[""E""],""original_width"":3333,""original_height"":2541},{""x"":38.74000733406675,""y"":58.22222222222222,""width"":27.10671067106711,""height"":41.03703703703701,""rotation"":0,""rectanglelabels"":[""F""],""original_width"":3333,""original_height"":2541},{""x"":66.18555188852218,""y"":58.96296296296296,""width"":33.814448111477816,""height"":40.74074074074075,""rotation"":0,""rectanglelabels"":[""G""],""original_width"":3333,""original_height"":2541}]"
img1073,Optimisation of phase transition performance under different vibration parameters. (a) Impact of vibration transmission materials. (b) Impact of Cu needle diameter. (c) Impact of the number of Cu needles. (d) Constant total output power for vibration under different frequencies. The impact of different vibration amplitude of Cu needle with different frequencies on (e) phase transition time and (f) supercooling temperature.,"As the liquid-solid contact affects the interfacial energy, we examine vibration needles fabricated from different conductive materials, including Cu, Ni, Fe, and Ti ( Fig. 3 a). || In addition, we investigate the effect of the Cu needle diameter on the supercooling behaviour and phase transition time of Ga ( Fig. 3 b). || We further investigate the effect of vibration frequency on the phase transition of Ga. Fig. 3 d illustrates that increasing the vibration frequency accelerates the solidification of Ga under the constant input power. || As shown in Fig. 3 e and f, at a constant frequency, increasing the vibration amplitude accelerates the solidification of Ga.",selected_images/img1073.jpg,"[{""x"":0.07838169835220604,""y"":0,""width"":32.9203133079265,""height"":47.87234042553192,""rotation"":0,""rectanglelabels"":[""A""],""original_width"":3333,""original_height"":1719},{""x"":33.23384010133536,""y"":0.60790273556231,""width"":33.782511989800796,""height"":48.93617021276595,""rotation"":0,""rectanglelabels"":[""B""],""original_width"":3333,""original_height"":1719},{""x"":67.4082605828972,""y"":0,""width"":32.5917394171028,""height"":49.544072948328264,""rotation"":0,""rectanglelabels"":[""C""],""original_width"":3333,""original_height"":1719},{""x"":0.39190849176103,""y"":49.54407294832822,""width"":32.606786514517694,""height"":49.69604863221888,""rotation"":0,""rectanglelabels"":[""D""],""original_width"":3333,""original_height"":1719},{""x"":33.07707670463095,""y"":49.69604863221885,""width"":33.31222179968756,""height"":49.544072948328264,""rotation"":0,""rectanglelabels"":[""E""],""original_width"":3333,""original_height"":1719},{""x"":66.54606190102295,""y"":48.63221884498479,""width"":33.45393809897705,""height"":51.3677811550152,""rotation"":0,""rectanglelabels"":[""F""],""original_width"":3333,""original_height"":1719}]"
img1074,"Applications of Ga-based phase change materials. (a) Prototype design of magnetic-controlled heat dissipation. conduit: shell, gallium-based PCM, copper needle array, permanent magnets, and vibration source. (b) Thermal cycling performance of the conduit. (c) dynamic heating-cooling cycle of the conduit. (d) Lifting force of the conduit with solidified Ga. (e) Magnetic-controlled deformation of the conduit to go through the path and lift the rings. (f) Schematic of the adaptable gripper based on fast phase transitions of Ga. (g) Lifting force of the gripper when Ga passes through a hole of an object and attaches to the surface of the object. (h) Performance of the gripper to grasp objects in air and underwater.","This module consists of liquid Ga, a rubber shell, cooling plates, Cu needles, a permanent magnet and a vibration source ( Fig. 4 a). || As shown in Fig. 4 b and c, under vibration, it enables simultaneous heating and cooling on both sides, completing multiple thermal cycles within a short period and thereby realising continuous and durable control of phase change and heat dissipation. Fig. 4 d exhibits the lifting force of the module with solidified Ga. || For example, the module can navigate through a series of circular paths guided by the magnetic field while dynamically tuning its stiffness and subsequently lift the objects collectively ( Fig. 4 e, Movie S1). || Moreover, a Ga-based gripper with tunable stiffness is developed ( Fig. 4 f). || Notably, when the Ga droplet passes through a hole in an object, the lifting force can reach up to 34 N, whereas attachment to a surface produces a maximum lift force of 4.6 N ( Fig. 4 g). Fig. 4 h, Movie S2 and S3 present the gripper’s superior grasping performance both in air and underwater, highlighting its practical application in intelligent robotics.",selected_images/img1074.jpg,"[{""x"":0.5180518051805181,""y"":0.7407407407407408,""width"":99.48194819481948,""height"":22.37037037037037,""rotation"":0,""rectanglelabels"":[""A""],""original_width"":3333,""original_height"":3885},{""x"":0.17268393506017268,""y"":24.296296296296298,""width"":34.70947094709471,""height"":30.22222222222222,""rotation"":0,""rectanglelabels"":[""B""],""original_width"":3333,""original_height"":3885},{""x"":35.745574557455754,""y"":24.000000000000007,""width"":31.255792245891246,""height"":32.148148148148145,""rotation"":0,""rectanglelabels"":[""C""],""original_width"":3333,""original_height"":3885},{""x"":67.51941860852752,""y"":24.14814814814815,""width"":32.480581391472484,""height"":32.59259259259258,""rotation"":0,""rectanglelabels"":[""D""],""original_width"":3333,""original_height"":3885},{""x"":0,""y"":55.25925925925927,""width"":99.99999999999997,""height"":15.259259259259265,""rotation"":0,""rectanglelabels"":[""E""],""original_width"":3333,""original_height"":3885},{""x"":0,""y"":70.5185185185185,""width"":28.32016534986832,""height"":28.888888888888886,""rotation"":0,""rectanglelabels"":[""F""],""original_width"":3333,""original_height"":3885},{""x"":28.49284928492849,""y"":70.81481481481482,""width"":39.54462112877955,""height"":29.037037037037038,""rotation"":0,""rectanglelabels"":[""G""],""original_width"":3333,""original_height"":3885},{""x"":69.07357402406907,""y"":70.81481481481482,""width"":30.910424375770894,""height"":29.185185185185187,""rotation"":0,""rectanglelabels"":[""H""],""original_width"":3333,""original_height"":3885}]"
img1097,"Cross-section area curves of block support structures and cube samples along build direction z at increasing wall thicknesses (a) 0.1 mm or 12%, (b) 0.2 mm or 26%, (c) 0.3 mm or 38%, (d) 0.4 mm or 49%, (e) 0.5 mm or 58%.",The curves in Fig. 4 contain information about support structures and cube samples.,selected_images/img1097.jpg,"[{""x"":0,""y"":0,""width"":49.71908833088368,""height"":32.73231622746186,""rotation"":0,""rectanglelabels"":[""A""],""original_width"":2680,""original_height"":2929},{""x"":50.325418676382306,""y"":0.13869625520110956,""width"":49.674581323617694,""height"":32.73231622746186,""rotation"":0,""rectanglelabels"":[""B""],""original_width"":2680,""original_height"":2929},{""x"":0.15158258637464553,""y"":34.11927877947296,""width"":49.87067091725837,""height"":32.316227461858524,""rotation"":0,""rectanglelabels"":[""C""],""original_width"":2680,""original_height"":2929},{""x"":50.6285838491316,""y"":34.11927877947296,""width"":49.3714161508684,""height"":33.00970873786408,""rotation"":0,""rectanglelabels"":[""D""],""original_width"":2680,""original_height"":2929},{""x"":25.3142919245658,""y"":68.0998613037448,""width"":54.87289626762168,""height"":31.900138696255198,""rotation"":0,""rectanglelabels"":[""E""],""original_width"":2680,""original_height"":2929}]"
img1098,"Properties of cube samples (a) relative density ρ r with an error ≤ 0 . 01 % ; mean of 3 weighings in air and in water, (b) mean roughness depth R z ; mean of 5 measuring tracks per point, (c) warping of downskin corners which had contact with support structures; mean of 8 corners in total and (d) height of visible tarnish color on the part from the interface with support structures on; mean of 4–6 values depending on the visibility.","Fit functions of the properties presented in Fig. 5 depending on the supported area portion of cube samples including statistical measures; it should result in from fitting and from ANOVA to assure proper fits of significant effects. || Physical properties of cube samples are summarized in Fig. 5 . || With respect to the narrow scale and the absence of a clear trend in Fig. 5 (a), the wall thickness of support structures or the supported surface area portion does not seem to significantly influence on the relative density. || The mean roughness depth , measured across the laser scan pattern, see Fig. 5 (b), depends on and decreases as increases. || As indicated by Fig. 5 (c), mean warping decreases as increases.",selected_images/img1098.jpg,"[{""x"":0,""y"":0.27739251040221913,""width"":50.310195439386305,""height"":47.43411927877945,""rotation"":0,""rectanglelabels"":[""A""],""original_width"":2687,""original_height"":1719},{""x"":50.39892594280677,""y"":0.13869625520110956,""width"":49.60107405719323,""height"":47.8502080443828,""rotation"":0,""rectanglelabels"":[""B""],""original_width"":2687,""original_height"":1719},{""x"":0.3549220136817378,""y"":47.988904299583915,""width"":49.68908191544329,""height"":52.011095700416085,""rotation"":0,""rectanglelabels"":[""C""],""original_width"":2687,""original_height"":1719},{""x"":50.66511745306808,""y"":48.95977808599168,""width"":49.33488254693192,""height"":51.04022191400832,""rotation"":0,""rectanglelabels"":[""D""],""original_width"":2687,""original_height"":1719}]"
img1099,"Cross-sectional area curves of support structures of different wall thicknesses applied to oxygenator accessory in different build orientation (a) 0.4 mm, 0°, (b) 0.5 mm, 0°, (c) 0.4 mm, 15°, (d) 0.5 mm, 15°, (e) 0.4 mm, 30°and (f) 0.5 mm, 30°.","Therefore, the curves in Fig. 6 represent the cross-sectional areas of the support structures only. || At an inclination of 0°, as shown in Fig. 6 (a)–(b), the block support structures under the base plate provide the largest cross-section, while support structures of the inlet, outlet and socket B contribute far less. || With inclinations of 15°and 30°, as seen in Fig. 6 (c)–(f), curves contain large oscillations due to the lattice character of the block support structures.",selected_images/img1099.jpg,"[{""x"":0.15487748497457235,""y"":0,""width"":48.4766527970411,""height"":32.31622746185853,""rotation"":0,""rectanglelabels"":[""A""],""original_width"":2700,""original_height"":3015},{""x"":51.10957004160889,""y"":0.5547850208044383,""width"":48.8904299583911,""height"":33.00970873786408,""rotation"":0,""rectanglelabels"":[""B""],""original_width"":2700,""original_height"":3015},{""x"":0.15487748497457235,""y"":33.00970873786408,""width"":48.786407766990294,""height"":32.73231622746186,""rotation"":0,""rectanglelabels"":[""C""],""original_width"":2700,""original_height"":3015},{""x"":49.71567267683773,""y"":33.980582524271846,""width"":50.28432732316228,""height"":32.17753120665742,""rotation"":0,""rectanglelabels"":[""D""],""original_width"":2700,""original_height"":3015},{""x"":0.15487748497457235,""y"":67.26768377253815,""width"":49.25104022191401,""height"":32.73231622746185,""rotation"":0,""rectanglelabels"":[""E""],""original_width"":2700,""original_height"":3015},{""x"":50.49006010171059,""y"":67.26768377253815,""width"":49.50993989828941,""height"":32.73231622746185,""rotation"":0,""rectanglelabels"":[""F""],""original_width"":2700,""original_height"":3015}]"
img1101,"Evolution of shape deviations and downskin-related particle adhesion on inlet front sides depending on the support structure wall thickness and the inclination during build jobs (a) 0.4 mm, 0°, (b) 0.4 mm, 15°, (c) 0.4 mm, 30°, (d) 0.5 mm, 0°, (e) 0.5 mm, 15°and (f) 0.5 mm, 30°.","Depending on the inclination with respect to the substrate, shape deviations and downskin-related particle adhesion form on the front sides of the inlet of the oxygenator accessory, as depicted in Fig. 8 . || At 15°, see Fig. 8 (b) and (e), tarnished chamfer-like shape deviations form and point toward the mounting plate. || At 30°, see Fig. 8 (c) and (f), the same effect leads to strong surface topographies and severely damaged front sides that cannot serve as sealing surfaces without laborious post-processing. || Measurements of surface roughness and geometrical accuracy clarify whether the perceptions from Fig. 8 can be quantified.",selected_images/img1101.jpg,"[{""x"":68.79468363688504,""y"":0.27739251040222307,""width"":30.907756416571463,""height"":42.71844660194177,""rotation"":0,""rectanglelabels"":[""C""],""original_width"":2689,""original_height"":1933},{""x"":68.7931362632681,""y"":48.68238557558943,""width"":30.808053976518057,""height"":39.52843273231629,""rotation"":0,""rectanglelabels"":[""F""],""original_width"":2689,""original_height"":1933},{""x"":34.49704425849598,""y"":0.27739251040221913,""width"":30.808053976518067,""height"":42.71844660194177,""rotation"":0,""rectanglelabels"":[""B""],""original_width"":2689,""original_height"":1933},{""x"":0,""y"":-2.1094237467877974e-15,""width"":30.808053976518067,""height"":42.71844660194177,""rotation"":0,""rectanglelabels"":[""A""],""original_width"":2689,""original_height"":1933},{""x"":1.6098233857064768e-15,""y"":47.71151178918169,""width"":30.808053976518067,""height"":42.71844660194177,""rotation"":0,""rectanglelabels"":[""D""],""original_width"":2689,""original_height"":1933},{""x"":34.497044258496004,""y"":47.295423023578344,""width"":31.007458856624996,""height"":43.273231622746266,""rotation"":0,""rectanglelabels"":[""E""],""original_width"":2689,""original_height"":1933}]"
img1106,All possible types of contours.,"Based on all complex geometries, they can be broadly classified into the following contours below (see Fig. 4 ).",selected_images/img1106.jpg,"[{""x"":0.3949447077409162,""y"":0.16299043099098623,""width"":35.38704581358609,""height"":49.22311015927784,""rotation"":0,""rectanglelabels"":[""A""],""original_width"":2959,""original_height"":1434},{""x"":64.45497630331754,""y"":2.770837326846766,""width"":35.54502369668246,""height"":45.148349384503184,""rotation"":0,""rectanglelabels"":[""B""],""original_width"":2959,""original_height"":1434},{""x"":0,""y"":52.80889964107954,""width"":38.309636650868875,""height"":47.19110035892046,""rotation"":0,""rectanglelabels"":[""C""],""original_width"":2959,""original_height"":1434},{""x"":64.13902053712481,""y"":52.31992834810658,""width"":35.86097946287519,""height"":47.26722498738601,""rotation"":0,""rectanglelabels"":[""D""],""original_width"":2959,""original_height"":1434}]"
img1112,STL models of different geometries.,"To demonstrate the robustness of our methodology, we applied it to a series of geometries featuring a range of surface complexities and topologies. Fig. 10 presents six distinct STL models that were used for this evaluation.",selected_images/img1112.jpg,"[{""x"":0.15697141180701826,""y"":0.27739251040221913,""width"":40.027710010789654,""height"":29.126213592233007,""rotation"":0,""rectanglelabels"":[""A""],""original_width"":2846,""original_height"":3221},{""x"":56.980622485947585,""y"":0,""width"":43.01937751405235,""height"":28.71012482662969,""rotation"":0,""rectanglelabels"":[""B""],""original_width"":2846,""original_height"":3221},{""x"":1.6653345369377344e-15,""y"":33.2871012482663,""width"":42.539252599701946,""height"":31.622746185852986,""rotation"":0,""rectanglelabels"":[""C""],""original_width"":2846,""original_height"":3221},{""x"":53.52725142619321,""y"":31.067961165048548,""width"":46.47274857380678,""height"":34.119278779472914,""rotation"":0,""rectanglelabels"":[""D""],""original_width"":2846,""original_height"":3221},{""x"":0.7848570590350913,""y"":66.57420249653259,""width"":45.050795188614245,""height"":33.42579750346741,""rotation"":0,""rectanglelabels"":[""E""],""original_width"":2846,""original_height"":3221},{""x"":53.841194249807266,""y"":66.99029126213593,""width"":46.15880575019273,""height"":33.00970873786408,""rotation"":0,""rectanglelabels"":[""F""],""original_width"":2846,""original_height"":3221}]"
img1113,Sliced models.,"Next, as an example, we present a slice plane and its intersection with the facets as shown in Fig. 11 .",selected_images/img1113.jpg,"[{""x"":0,""y"":0.27739251040221913,""width"":41.02550342642683,""height"":28.71012482662968,""rotation"":0,""rectanglelabels"":[""A""],""original_width"":2843,""original_height"":3222},{""x"":61.14529054743315,""y"":0,""width"":38.85470945256688,""height"":30.651872399445203,""rotation"":0,""rectanglelabels"":[""B""],""original_width"":2843,""original_height"":3222},{""x"":0,""y"":33.287101248266296,""width"":44.95514934849837,""height"":31.900138696255212,""rotation"":0,""rectanglelabels"":[""C""],""original_width"":2843,""original_height"":3222},{""x"":59.416246341721624,""y"":31.345353675450728,""width"":40.58375365827837,""height"":33.56449375866846,""rotation"":0,""rectanglelabels"":[""D""],""original_width"":2843,""original_height"":3222},{""x"":0.15718583688286142,""y"":66.43550624133148,""width"":45.42670685914695,""height"":33.56449375866852,""rotation"":0,""rectanglelabels"":[""E""],""original_width"":2843,""original_height"":3222},{""x"":58.78750299419016,""y"":65.74202496532594,""width"":40.71113175266112,""height"":34.25797503467406,""rotation"":0,""rectanglelabels"":[""F""],""original_width"":2843,""original_height"":3222}]"
img1115,3D Stencils for various models.,"Fig. 13 shows the results of our systematic implementation of obtaining the 3D stencil grid point data. || Another aspect is the shapes of the models, for example, in Fig. 13 are geometries with sharp-edged geometries, and in Fig. 13 are complex 3D space-defined structures that cannot be simplified to extruded forms, in contrast to the remainder of the models considered here. || (14) As an example, we consider the cuboid and hole models in Fig. 13 here we have the 3D stencil which had been generated using Section 2 . || The following thermal boundary conditions are applied on the boundary points denoted as ‘ ’ and the initial conditions on all the 3D stencil points denoted as ‘ ’ and ‘ ’ in Fig. 13 .",selected_images/img1115.jpg,"[{""x"":0,""y"":0,""width"":43.61852750809059,""height"":28.432732316227455,""rotation"":0,""rectanglelabels"":[""A""],""original_width"":2880,""original_height"":3178},{""x"":55.862324703344115,""y"":0,""width"":44.13767529665588,""height"":28.29403606102636,""rotation"":0,""rectanglelabels"":[""B""],""original_width"":2880,""original_height"":3178},{""x"":0,""y"":32.45492371705964,""width"":44.53681229773463,""height"":32.45492371705964,""rotation"":0,""rectanglelabels"":[""C""],""original_width"":2880,""original_height"":3178},{""x"":55.25013484358144,""y"":30.651872399445214,""width"":44.74986515641856,""height"":34.812760055478506,""rotation"":0,""rectanglelabels"":[""D""],""original_width"":2880,""original_height"":3178},{""x"":0,""y"":66.57420249653259,""width"":48.51604638619201,""height"":33.4257975034674,""rotation"":0,""rectanglelabels"":[""E""],""original_width"":2880,""original_height"":3178},{""x"":54.790992448759404,""y"":66.7128987517337,""width"":45.20900755124055,""height"":33.28710124826627,""rotation"":0,""rectanglelabels"":[""F""],""original_width"":2880,""original_height"":3178}]"
img1123,"Molecular weight, ( N ).","As seen in the Holes model ( Fig. 21 ), the presence of irregular internal shapes enhances the rate of fluid diffusion, as these features introduce more surface area exposed to the surrounding environment.",selected_images/img1123.jpg,"[{""x"":67.0525058571398,""y"":51.87239944521498,""width"":32.9474941428602,""height"":48.127600554785026,""rotation"":0,""rectanglelabels"":[""F""],""original_width"":2722,""original_height"":1637},{""x"":0.2502341327305837,""y"":0,""width"":32.9474941428602,""height"":48.127600554785026,""rotation"":0,""rectanglelabels"":[""A""],""original_width"":2722,""original_height"":1637},{""x"":33.69819654105195,""y"":-2.2204460492503136e-16,""width"":32.9474941428602,""height"":48.127600554785026,""rotation"":0,""rectanglelabels"":[""B""],""original_width"":2722,""original_height"":1637},{""x"":67.0525058571398,""y"":3.2196467714129536e-15,""width"":32.9474941428602,""height"":48.127600554785026,""rotation"":0,""rectanglelabels"":[""C""],""original_width"":2722,""original_height"":1637},{""x"":-2.370693936679268e-15,""y"":51.87239944521498,""width"":32.9474941428602,""height"":48.127600554785026,""rotation"":0,""rectanglelabels"":[""D""],""original_width"":2722,""original_height"":1637},{""x"":33.28113965316765,""y"":51.87239944521498,""width"":32.9474941428602,""height"":48.127600554785026,""rotation"":0,""rectanglelabels"":[""E""],""original_width"":2722,""original_height"":1637}]"
img1124,"Molecular weight, ( N ).","For instance, in the twisted sphere ( Fig. 22 ), the arms extending from the sphere erode significantly faster than the core where they converge.",selected_images/img1124.jpg,"[{""x"":67.19278559669064,""y"":50.762829403606105,""width"":32.807214403309366,""height"":49.237170596393895,""rotation"":0,""rectanglelabels"":[""F""],""original_width"":2524,""original_height"":1567},{""x"":0.6888653942952098,""y"":0,""width"":32.807214403309366,""height"":49.237170596393895,""rotation"":0,""rectanglelabels"":[""A""],""original_width"":2524,""original_height"":1567},{""x"":33.92662066903908,""y"":-1.942890293094024e-15,""width"":32.807214403309366,""height"":49.237170596393895,""rotation"":0,""rectanglelabels"":[""B""],""original_width"":2524,""original_height"":1567},{""x"":67.19278559669063,""y"":3.552713678800501e-15,""width"":32.807214403309366,""height"":49.237170596393895,""rotation"":0,""rectanglelabels"":[""C""],""original_width"":2524,""original_height"":1567},{""x"":-1.5543122344752194e-15,""y"":50.762829403606105,""width"":32.807214403309366,""height"":49.237170596393895,""rotation"":0,""rectanglelabels"":[""D""],""original_width"":2524,""original_height"":1567},{""x"":34.35716154047359,""y"":50.762829403606105,""width"":32.807214403309366,""height"":49.237170596393895,""rotation"":0,""rectanglelabels"":[""E""],""original_width"":2524,""original_height"":1567}]"
img1125,"Molecular weight, ( N ).","A similar trend is observed in the gyroid unit cell ( Fig. 23 ), where the central region — where multiple webs intersect — resists degradation longer, while the outer, thinner regions erode more quickly.",selected_images/img1125.jpg,"[{""x"":67.33364976969716,""y"":51.87239944521498,""width"":32.66635023030285,""height"":48.12760055478502,""rotation"":0,""rectanglelabels"":[""F""],""original_width"":2399,""original_height"":1483},{""x"":2.220446049250314e-16,""y"":1.3322676295501878e-15,""width"":32.66635023030285,""height"":48.12760055478502,""rotation"":0,""rectanglelabels"":[""A""],""original_width"":2399,""original_height"":1483},{""x"":34.03816546307146,""y"":0.4160887656033287,""width"":32.66635023030285,""height"":48.12760055478502,""rotation"":0,""rectanglelabels"":[""B""],""original_width"":2399,""original_height"":1483},{""x"":67.33364976969716,""y"":1.7763568394002505e-15,""width"":32.66635023030285,""height"":48.12760055478502,""rotation"":0,""rectanglelabels"":[""C""],""original_width"":2399,""original_height"":1483},{""x"":1.3322676295501878e-15,""y"":51.87239944521498,""width"":32.66635023030285,""height"":48.12760055478502,""rotation"":0,""rectanglelabels"":[""D""],""original_width"":2399,""original_height"":1483},{""x"":33.523734750783234,""y"":51.87239944521498,""width"":32.66635023030285,""height"":48.12760055478502,""rotation"":0,""rectanglelabels"":[""E""],""original_width"":2399,""original_height"":1483}]"
img1126,"Molecular weight, ( N ).","Over a simulated period of 30 days ( Fig. 24 ), the model demonstrated clear and realistic erosion patterns, providing strong evidence that the simulation effectively captures the influence of geometry on molecular weight reduction and material degradation.",selected_images/img1126.jpg,"[{""x"":68.26045137394327,""y"":1.3550572283913145e-15,""width"":31.739548626056735,""height"":48.8210818307905,""rotation"":0,""rectanglelabels"":[""C""],""original_width"":2610,""original_height"":1597},{""x"":68.3453164772214,""y"":51.17891816920949,""width"":31.654683522778537,""height"":48.82108183079052,""rotation"":0,""rectanglelabels"":[""F""],""original_width"":2610,""original_height"":1597},{""x"":34.11577151784718,""y"":1.1102230246251565e-15,""width"":33.776311104734255,""height"":48.82108183079055,""rotation"":0,""rectanglelabels"":[""B""],""original_width"":2610,""original_height"":1597},{""x"":0,""y"":0,""width"":33.776311104734255,""height"":48.82108183079055,""rotation"":0,""rectanglelabels"":[""A""],""original_width"":2610,""original_height"":1597},{""x"":-1.887379141862766e-15,""y"":51.17891816920945,""width"":33.776311104734255,""height"":48.82108183079055,""rotation"":0,""rectanglelabels"":[""D""],""original_width"":2610,""original_height"":1597},{""x"":34.11577151784718,""y"":51.17891816920945,""width"":33.776311104734255,""height"":48.82108183079055,""rotation"":0,""rectanglelabels"":[""E""],""original_width"":2610,""original_height"":1597}]"
img1128,"Molecular weight, ( N ).","For example, see ( Fig. 26 ) where we can clearly see the variations in the spatial locations at the same time stamp for different grid sizes and their influence on the physical process of erosion.",selected_images/img1128.jpg,"[{""x"":50.39340933247758,""y"":50.3467406380028,""width"":49.60659066752242,""height"":49.65325936199721,""rotation"":0,""rectanglelabels"":[""D""],""original_width"":2859,""original_height"":2905},{""x"":0,""y"":0,""width"":49.60659066752242,""height"":49.65325936199721,""rotation"":0,""rectanglelabels"":[""A""],""original_width"":2859,""original_height"":2905},{""x"":50.39340933247758,""y"":-1.3322676295501878e-15,""width"":49.60659066752242,""height"":49.65325936199721,""rotation"":0,""rectanglelabels"":[""B""],""original_width"":2859,""original_height"":2905},{""x"":0,""y"":50.3467406380028,""width"":49.60659066752242,""height"":49.65325936199721,""rotation"":0,""rectanglelabels"":[""C""],""original_width"":2859,""original_height"":2905}]"
img1168,"Transient temperature results of experimental comparison across the five heat sink designs tested under vacuum conditions. (a) Titanium heat sinks at 50% duty cycle, (b) Titanium heat sinks at 100% duty cycle, (c) Stainless steel heat sinks at 50% duty cycle, (d) Stainless steel heat sinks at 100% duty cycle.","The experimental results indicate that titanium heat sinks exhibited higher temperatures than stainless steel heat sinks for both power levels, as shown in Fig. 5 . Figs. 5(a) and 5(c) show that, at 50% duty cycle, the temperatures achieved at the end of the 60-minute heating phase ranged between 80 and 86 °C for titanium, whereas stainless steel heat sinks remained below 80 °C, except for the hollow design P1, which reached approximately 90 °C. || Under 100% duty cycle, the titanium heat sinks achieved the setpoint temperature of 100 °C more rapidly than the stainless steel heat sinks, as shown in Figs. 5(b) and 5(d) . || Under 50% duty cycle ( Figs. 5(a) and 5(c) ), the gyroid-cells heat sink (P2) exhibited the lowest temperatures, whereas the hollow heat sink (P1) stood out as the highest-temperature case among the stainless steel designs. || For 100% duty cycle, a similar trend was observed in the operating time to reach the set point temperature of 100 °C, as shown in Figs. 5(b) and 5(d) . || From Fig. 5(d) , the stainless steel P3 and P4 increased the operating time by 1207 s and 1332 s relative to the “No heat sink” case.",selected_images/img1168.jpg,"[{""x"":51.96664811684866,""y"":8.881784197001252e-16,""width"":48.03335188315135,""height"":50.20804438280157,""rotation"":0,""rectanglelabels"":[""B""],""original_width"":3083,""original_height"":2579},{""x"":51.85062552775879,""y"":51.31761442441061,""width"":48.149374472241206,""height"":48.6823855755894,""rotation"":0,""rectanglelabels"":[""D""],""original_width"":3083,""original_height"":2579},{""x"":0,""y"":0,""width"":51.1659617885744,""height"":50.20804438280162,""rotation"":0,""rectanglelabels"":[""A""],""original_width"":3083,""original_height"":2579},{""x"":2.885365275162728e-15,""y"":51.317614424410586,""width"":51.1659617885744,""height"":48.68238557558942,""rotation"":0,""rectanglelabels"":[""C""],""original_width"":3083,""original_height"":2579}]"
img117,The morphology of the feedstock powders and schematic plot of the horizontal (H) and vertical (V) samples for 4D printing. The low (a) and high magnification image (b) of the HESMA powders. The low (c) and high magnification image (d) of the uniformly blended TiN/HESMA powders. (e) Schematic plot of the 4D printed samples.,"The spherical HESMA powder was prepared using vacuum induction melting inert gas-atomization (VIGA) technique, the morphology of the powder at different magnifications is shown in Fig. 1 (a-b). || As shown in Fig. 1 (c-d), the nanoparticles were uniformly decorated on the surface of the HESMA powder after mechanical mixing. || To study the anisotropy in mechanical properties, vertical (V) and horizontal (H) samples were printed, schematic drawing is shown in Fig. 1 (e).",selected_images/img117.jpg,"[{""x"":22.511848341232206,""y"":50.506490830414144,""width"":21.642969984202193,""height"":48.9594065526479,""rotation"":0,""rectanglelabels"":[""D""],""original_width"":2592,""original_height"":1150},{""x"":0.315955766192733,""y"":0.8901710282299607,""width"":22.037914691943115,""height"":49.31547496393986,""rotation"":0,""rectanglelabels"":[""A""],""original_width"":2592,""original_height"":1150},{""x"":22.511848341232206,""y"":0.7121368225839687,""width"":21.56398104265401,""height"":48.95940655264788,""rotation"":0,""rectanglelabels"":[""B""],""original_width"":2592,""original_height"":1150},{""x"":0.4739336492890771,""y"":51.0405934473521,""width"":21.642969984202193,""height"":48.9594065526479,""rotation"":0,""rectanglelabels"":[""C""],""original_width"":2592,""original_height"":1150},{""x"":44.86571879936809,""y"":1.2462394395219452,""width"":54.81832543443918,""height"":98.45291572223368,""rotation"":0,""rectanglelabels"":[""E""],""original_width"":2592,""original_height"":1150}]"
img1185,"(a) Schematic of dog-bone specimens 3D printed in orientations parallel and perpendicular to the tensile force application, (b) Stress–strain curves, (c) tensile strength, and (d) Young's modulus of LLDPE-based composites.","The mechanical performance of various composites was evaluated to understand the influence of filler loading and print orientation, with results summarized in Fig. 6 . || Mechanical anisotropy induced by the printing direction was assessed using tensile tests on two sets of 3D-printed dog-bone specimens ( Fig. 6a ): (i) a horizontal set, in which the printing path is parallel to the direction of applied tensile force, and (ii) a vertical set, where the printing path is perpendicular to the tensile direction. || As shown in Fig. 6 b–d, the incorporation of EG leads to reduced tensile strength and increased Young's modulus, along with brittle fracture behavior at low strain levels. || This reinforcing effect becomes dominant at higher EG loadings, where an increase in tensile strength is observed ( Fig. 6c ). || The observed increase in brittleness with higher EG content is reflected in the elevated Young's modulus ( Fig. 6d ) and is attributed to the confinement of the LLDPE chains within the composite.",selected_images/img1185.jpg,"[{""x"":51.01370329316561,""y"":51.17891816920947,""width"":48.98629670683433,""height"":48.82108183079052,""rotation"":0,""rectanglelabels"":[""D""],""original_width"":3227,""original_height"":1887},{""x"":2.5141973475361965,""y"":1.8030513176144243,""width"":45.98548051783946,""height"":43.5506241331484,""rotation"":0,""rectanglelabels"":[""A""],""original_width"":3227,""original_height"":1887},{""x"":51.013703293165655,""y"":0.4160887656033287,""width"":48.98629670683434,""height"":50.06934812760051,""rotation"":0,""rectanglelabels"":[""B""],""original_width"":3227,""original_height"":1887},{""x"":0,""y"":49.65325936199723,""width"":48.98629670683434,""height"":50.06934812760051,""rotation"":0,""rectanglelabels"":[""C""],""original_width"":3227,""original_height"":1887}]"
img1186,"(a) Schematic illustration of the plate-fin heatsink design and its geometrical parameters, (b) 3D printing orientation of the heatsink: fin array printed vertically and base printed horizontally, (c, d) calculated heatsink efficiency (η) and thermal resistance (R) as functions of fin array density and fin height (L), and (e, f) calculated η and R as functions of material thermal conductivity and L.","To demonstrate the practical application of thermally conductive LLDPE-based composites in WHTDs, a plate-fin heatsink structure was selected as a proof-of-concept design ( Fig. 7a ). || In contrast, the base was printed parallel to the arm-wrapping direction to retain flexibility and conformability ( Fig. 7b ). || Fig. 7c and d present the variation in heatsink efficiency and thermal resistance for fin heights ranging from 2 to 8 mm and fin array densities from 5 % to 40 %. || Theoretical analysis of heatsink performance was extended to assess the influence of material thermal conductivity across various fin heights ( Fig. 7e, 7f ). || However, Voc gains plateaued for EG loadings above 30 wt%, confirming that heatsink performance becomes limited by geometric and environmental factors once material thermal conductivity exceeds ∼2 W/(m K), consistent with previous thermal resistance analysis ( Fig. 7f ).",selected_images/img1186.jpg,"[{""x"":51.56844807743383,""y"":70.18030513176143,""width"":48.43155192256615,""height"":29.81969486823853,""rotation"":0,""rectanglelabels"":[""F""],""original_width"":2820,""original_height"":2984},{""x"":62.7223812474794,""y"":1.7246182906798546e-15,""width"":29.939504824859032,""height"":34.53536754507626,""rotation"":0,""rectanglelabels"":[""B""],""original_width"":2820,""original_height"":2984},{""x"":2.2159685068289688e-15,""y"":36.33841886269067,""width"":48.43155192256618,""height"":32.45492371705968,""rotation"":0,""rectanglelabels"":[""C""],""original_width"":2820,""original_height"":2984},{""x"":49.75241242954526,""y"":37.03190013869622,""width"":48.43155192256618,""height"":32.45492371705968,""rotation"":0,""rectanglelabels"":[""D""],""original_width"":2820,""original_height"":2984},{""x"":0,""y"":69.62552011095698,""width"":48.43155192256618,""height"":30.374479889043005,""rotation"":0,""rectanglelabels"":[""E""],""original_width"":2820,""original_height"":2984},{""x"":1.0273359498726158,""y"":0.9708737864077669,""width"":56.35671496444064,""height"":34.535367545076284,""rotation"":0,""rectanglelabels"":[""A""],""original_width"":2820,""original_height"":2984}]"
img1187,"Performance comparison of a TE device using various heatsinks: (a, b) output voltage and (c, d) cooling performance for 3D-printed LLDPE/EG composites, PCM-integrated composites, and commercial aluminum heatsinks, with different fin heights.","As shown in Fig. 8a , all samples exhibited a sharp initial Voc peak, followed by a phase of stabilization. || Fig. 8b compares the Voc values of the 3D-printed heatsinks (20 wt% and 40 wt% EG) with a commercial aluminum plate-fin heatsink. || Interestingly, the PCM-integrated heatsink also showed Voc values ( Fig. 8b ) comparable to those of both the aluminum heatsink and the 8 mm fin height variants despite using shorter fins and lower EG loadings. || Fig. 8c and d illustrate the cooling performance of various 3D-printed heatsinks in comparison to a heatsink made of neat LLDPE and to a setup without any heatsink when current is applied to the TE device, as depicted in Fig. 2b . || Furthermore, as shown in Fig. 8d , the performance of 20 wt% and 40 wt.EG-based heatsinks, designed with geometries comparable to those of commercial heatsinks, closely approach the performance of commercial aluminum heatsinks.",selected_images/img1187.jpg,"[{""x"":1.1112864628749795e-15,""y"":49.09847434119281,""width"":47.44971234889078,""height"":50.6241331484049,""rotation"":0,""rectanglelabels"":[""C""],""original_width"":3549,""original_height"":2208},{""x"":0,""y"":0.13869625520110956,""width"":48.06323517515241,""height"":48.404993065187206,""rotation"":0,""rectanglelabels"":[""A""],""original_width"":3549,""original_height"":2208},{""x"":48.58097199930127,""y"":0,""width"":51.41902800069874,""height"":48.4049930651872,""rotation"":0,""rectanglelabels"":[""B""],""original_width"":3549,""original_height"":2208},{""x"":48.58097199930125,""y"":49.37586685159505,""width"":51.419028000698695,""height"":50.62413314840495,""rotation"":0,""rectanglelabels"":[""D""],""original_width"":3549,""original_height"":2208}]"
img119,"EBSD results of the 4D printed TiN/HESMAs. Inverse pole figure map of the (a) as-built HESMA matrix, (b) as-built TiN/HESMA, (c) the TiN/HESMA after heat treatment. (d) Grain size distribution of the as-built HESMA and TiN/HESMAs. (e) Effect of heat treatment on the grain size distribution of the TiN/HESMA. The inverse pole figures of the (f) as-built HESMA, (g) as-built TiN/HESMA, and (h) the TiN/HESMA after heat treatment, respectively.","Grain morphologies of the 4D printed HESMAs are shown in Fig. 3 . || Typical columnar grains are observed growing parallel along the building direction in the as-built HESMA matrix, which can be attributed to the rapid cooling during the LPBF process (see Fig. 3 (a)). || The TiN nanoparticles addition results in a significant grain refinement and columnar to equiaxed transition (CET), as shown in Fig. 3 (b). || The grain size distributions of the HESMA and TiN/HESMAs are extracted and shown in Fig. 3 (d-e). || In addition, heat treatment had almost no impact on the grain size of the SMA ( Fig. 3 (e)).",selected_images/img119.jpg,"[{""x"":66.85546263988957,""y"":67.1289875173371,""width"":32.75468974974458,""height"":32.871012482662906,""rotation"":0,""rectanglelabels"":[""H""],""original_width"":2833,""original_height"":3055},{""x"":0.5982591735113162,""y"":0.13869625520110956,""width"":32.45556016298891,""height"":29.958391123439664,""rotation"":0,""rectanglelabels"":[""A""],""original_width"":2833,""original_height"":3055},{""x"":33.65207851001154,""y"":0.41608876560332864,""width"":32.9042545431224,""height"":29.958391123439664,""rotation"":0,""rectanglelabels"":[""B""],""original_width"":2833,""original_height"":3055},{""x"":67.0957454568776,""y"":0.27739251040221913,""width"":32.9042545431224,""height"":29.958391123439664,""rotation"":0,""rectanglelabels"":[""C""],""original_width"":2833,""original_height"":3055},{""x"":0,""y"":31.34535367545067,""width"":49.505946608061436,""height"":34.25797503467403,""rotation"":0,""rectanglelabels"":[""D""],""original_width"":2833,""original_height"":3055},{""x"":50.494053391938564,""y"":31.484049930651782,""width"":49.505946608061436,""height"":34.25797503467403,""rotation"":0,""rectanglelabels"":[""E""],""original_width"":2833,""original_height"":3055},{""x"":1.5543122344752194e-15,""y"":67.1289875173371,""width"":32.75468974974458,""height"":32.871012482662906,""rotation"":0,""rectanglelabels"":[""F""],""original_width"":2833,""original_height"":3055},{""x"":33.35294892325587,""y"":67.1289875173371,""width"":32.75468974974458,""height"":32.871012482662906,""rotation"":0,""rectanglelabels"":[""G""],""original_width"":2833,""original_height"":3055}]"
img120,Mechanical properties of the 4D printed TiN/HESMA in different states. (a) Tensile stress-strain curves of the TiN/HESMAs. (b) True stress-strain curves and work hardening rates of the TiN/HESMAs. (c) Column chart of the mechanical properties of the TiN/HESMAs. (d) Anisotropy ratio of the strength of the 4D printed TiN/HESMAs.,"The mechanical performances of the HESMAs are displayed in Fig. 4 . || After the nanoparticle addition, the yield strength of the horizontal and vertical samples is improved to 802.4 MPa, and 665.9 MPa, respectively, as shown in Fig. 4 (a) and (c). || After the short-time heat treatment, the yield strength of the 4D printed TiN/HESMA basically remains unchanged, but the ductility is reduced further to about 10 %, as shown in Fig. 4 (a). || The strain-hardening rate curves are shown in Fig. 4 (b), which tells that the work hardening ability is improved by the TiN addition at the initial stage of plastic deformation. || Furthermore, the anisotropy ratio in strength is calculated and displayed in Fig. 4 (d), the HESMA matrix has an anisotropy ratio of ∼ 39.6 % in yield strength and 24.5 % in ultimate tensile strength, the TiN addition alleviates the directional dependence significantly, the anisotropy ratio is reduced to 20.5 % and 3.6 % for yield strength and ultimate tensile strength, respectively.",selected_images/img120.jpg,"[{""x"":2.661696261364546e-15,""y"":50.208044382801695,""width"":49.98058839915724,""height"":48.821081830790476,""rotation"":0,""rectanglelabels"":[""C""],""original_width"":2833,""original_height"":2075},{""x"":0.40634624714762063,""y"":0.4160887656033287,""width"":50.28534808451806,""height"":48.95977808599168,""rotation"":0,""rectanglelabels"":[""A""],""original_width"":2833,""original_height"":2075},{""x"":51.23845034228553,""y"":1.7862118010612786e-15,""width"":48.76154965771441,""height"":50.069348127600556,""rotation"":0,""rectanglelabels"":[""B""],""original_width"":2833,""original_height"":2075},{""x"":51.2384503422856,""y"":51.17891816920943,""width"":48.76154965771437,""height"":48.8210818307905,""rotation"":0,""rectanglelabels"":[""D""],""original_width"":2833,""original_height"":2075}]"
img121,"Shape memory properties of the 4D printed TiN/HESMAs. (a) Variation of recovery ratio with pre-strain of the HESMA and TiN/HESMA. (b) Variation of recovery strain with pre-strain of the HESMA and TiN/HESMA. Effect of heat treatment on the recovery ratio (c) and recovery strain (d) of the TiN/HESMA. (e) and (f) show the anisotropy ratio in maximum recovery ratio (at 4 % pre-strain) and recovery strain (at 14 % pre-strain) of the TiN/HESMA in different states, respectively.","And further heat treatment has little effect on yield strength anisotropy ratio, but the decreased ductility leads to an increase in the anisotropy ratio of ultimate strength. Fig. 5 shows the shape memory performance of the 4D printed TiN/HESMAs. || The functional properties also exhibit obvious anisotropy, the vertical HESMA matrix has a maximum recovery ratio of 84.9 % (at pre-strain of 4 %) and recovery strain of 6.3 % (at pre-strain of 14 %), while horizontal samples have a lower shape memory ability with maximum recovery ratio of 61.7 % and recoverable strain of 4.0 %, as shown in Fig. 5 (a-b). || Similar with the mechanical properties, the introduction of the nanoparticle reduces the anisotropy significantly, the difference between the recovery ratio is decreased to 8.0 %, and anisotropy between the recovery strain is reduced to 0.6 % ( Fig. 5 (a-b)). || Further heat treatment results in an improvement of the shape memory ability of the 4D printed TiN/HESMA, as shown in Fig. 5 (c-d), the maximum recovery strain of the horizontal TiN/HESMA is enhanced to 77.8 %, while the value of the vertical sample is close at scale of 82.9 %. || While, the ratio of maximum recovery strain is reduced from 55.9 % to 14.8 % after the TiN addition, and further to 3.1 % as shown in Fig. 5 (e,f).",selected_images/img121.jpg,"[{""x"":51.150601528975685,""y"":0,""width"":47.8281566911422,""height"":33.70319001386962,""rotation"":0,""rectanglelabels"":[""B""],""original_width"":2258,""original_height"":2771},{""x"":51.49101545560306,""y"":34.257975034674075,""width"":48.50898454439686,""height"":33.287101248266296,""rotation"":0,""rectanglelabels"":[""D""],""original_width"":2258,""original_height"":2771},{""x"":0.17020696331367346,""y"":0.1386962552011096,""width"":50.040847214219994,""height"":33.70319001386963,""rotation"":0,""rectanglelabels"":[""A""],""original_width"":2258,""original_height"":2771},{""x"":51.32080849228938,""y"":68.09986130374482,""width"":48.6791915077106,""height"":31.900138696255187,""rotation"":0,""rectanglelabels"":[""F""],""original_width"":2258,""original_height"":2771},{""x"":0,""y"":34.25797503467408,""width"":50.040847214219994,""height"":33.4257975034674,""rotation"":0,""rectanglelabels"":[""C""],""original_width"":2258,""original_height"":2771},{""x"":0,""y"":68.09986130374482,""width"":50.040847214219994,""height"":31.900138696255187,""rotation"":0,""rectanglelabels"":[""E""],""original_width"":2258,""original_height"":2771}]"
img1225,"Printed TEG optimization for different heights ‘h’, (a–c) Power density contours (W/m 2 ), (d–f) ΔT TEG across TEG sides (°C), (g–i) TEG costs per watt (€/W). Case I refers to a fill factor of F ∼ 0.9, while case II represents a fill factor of F ∼ 0.3. Case III stands for a printed planar TEG (see text) with a fill factor of F ∼ 0.3.","(7) (8) Ultimately, the maximum power density (in W/m 2 ) obtained from the modeled thermocouple is recorded and visualized as a function of these two variables using contour plots (c.f. Fig. 9 and Fig. 10 ). || Once the boundary conditions, such as heat transfer coefficients or thermal resistances of the heat source and heat sink, are defined, printed TEGs offer greater design flexibility to optimize power output without requiring modifications to the source or sink. Fig. 9 (a–c) illustrates the contour maps of power density for printed TEGs for three different heights. || However, lower fill factor ∼0.3 TEGs show thermally over-matched impedance ( ) for maximum power density, where they acquire a Δ T TEG of around 96 °C and 90 °C (see Fig. 9 d and e, respectively) at optimized geometries. || In Fig. 9 , Case I and Case II represent simultaneous thermal and electrical impedances tuned to achieve maximum power density for devices with fill factors of ∼0.9 and ∼0.3, respectively. || This highlights an important cost-performance trade-off in opting for thermoelectric devices (printed or bulk). Fig. 9 (d–f) and (g–i) illustrate the optimal temperature difference Δ T TEG to be maintained and the TEG cost per watt (€/W), respectively. Fig. 9 (g–i) illustrates the costs (€/W) associated with TEGs only required to generate one watt of electrical power (see Supplementary Information for details of the cost model).",selected_images/img1225.jpg,"[{""x"":66.03674406992097,""y"":1.7862118010612782e-15,""width"":33.963255930079036,""height"":33.287101248266296,""rotation"":0,""rectanglelabels"":[""C""],""original_width"":3322,""original_height"":2547},{""x"":66.35576215721531,""y"":34.25797503467404,""width"":33.64423784278469,""height"":30.79056865464632,""rotation"":0,""rectanglelabels"":[""F""],""original_width"":3322,""original_height"":2547},{""x"":34.45395342778485,""y"":0.6934812760055479,""width"":31.05109382997894,""height"":33.287101248266296,""rotation"":0,""rectanglelabels"":[""B""],""original_width"":3322,""original_height"":2547},{""x"":0.42535744972573875,""y"":0,""width"":33.177881078607626,""height"":33.287101248266296,""rotation"":0,""rectanglelabels"":[""A""],""original_width"":3322,""original_height"":2547},{""x"":66.67478024450956,""y"":65.60332871012479,""width"":33.325219755490444,""height"":30.790568654646293,""rotation"":0,""rectanglelabels"":[""I""],""original_width"":3322,""original_height"":2547},{""x"":34.87931087751059,""y"":34.11927877947292,""width"":30.413057655390336,""height"":30.790568654646332,""rotation"":0,""rectanglelabels"":[""E""],""original_width"":3322,""original_height"":2547},{""x"":2.339465973491562,""y"":33.98058252427181,""width"":31.795469366998997,""height"":30.79056865464631,""rotation"":0,""rectanglelabels"":[""D""],""original_width"":3322,""original_height"":2547},{""x"":1.382411711608651,""y"":65.18723994452147,""width"":31.795469366998997,""height"":30.79056865464631,""rotation"":0,""rectanglelabels"":[""G""],""original_width"":3322,""original_height"":2547},{""x"":33.81591725319623,""y"":65.6033287101248,""width"":31.795469366998997,""height"":30.79056865464631,""rotation"":0,""rectanglelabels"":[""H""],""original_width"":3322,""original_height"":2547}]"
img1226,"Bulk TEG optimization for different heights ‘h’, (a–c) Power density contours (W/m 2 ), (d–f) ΔT TEG across TEG sides (°C), (g–i) TEG costs per watt (€/W). Case I refers to a fill factor of ∼0.9, while case II represents a fill factor of ∼0.3.","(7) (8) Ultimately, the maximum power density (in W/m 2 ) obtained from the modeled thermocouple is recorded and visualized as a function of these two variables using contour plots (c.f. Fig. 9 and Fig. 10 ). || In Fig. 10 (a–c), we present simulated results of bulk TEGs under the same boundary conditions as described above. || In Fig. 10 (d–f), we illustrate the temperature difference Δ T TEG across TEG sides to be maintained to get maximum power output from the designed TEGs. || Fig. 10 (g–i) illustrates the costs (€/W) associated with TEGs only required to generate one watt of electrical power.",selected_images/img1226.jpg,"[{""x"":65.71079945727935,""y"":0.4160887656033287,""width"":34.17383470972475,""height"":33.00970873786404,""rotation"":0,""rectanglelabels"":[""C""],""original_width"":3127,""original_height"":2378},{""x"":65.92174905425297,""y"":33.56449375866853,""width"":34.07825094574702,""height"":31.20665742024964,""rotation"":0,""rectanglelabels"":[""F""],""original_width"":3127,""original_height"":2378},{""x"":33.4355111203171,""y"":1.1086831868656209e-15,""width"":31.22054035209421,""height"":33.00970873786407,""rotation"":0,""rectanglelabels"":[""B""],""original_width"":3127,""original_height"":2378},{""x"":2.8478195591437294,""y"":0,""width"":29.954842770252547,""height"":33.00970873786406,""rotation"":0,""rectanglelabels"":[""A""],""original_width"":3127,""original_height"":2378},{""x"":65.92174905425296,""y"":65.60332871012488,""width"":34.078250945747044,""height"":31.20665742024964,""rotation"":0,""rectanglelabels"":[""I""],""original_width"":3127,""original_height"":2378},{""x"":33.435511120317116,""y"":33.841886269070756,""width"":31.2205403520942,""height"":31.20665742024964,""rotation"":0,""rectanglelabels"":[""E""],""original_width"":3127,""original_height"":2378},{""x"":2.5313951636833125,""y"":33.98058252427186,""width"":29.954842770252537,""height"":31.20665742024964,""rotation"":0,""rectanglelabels"":[""D""],""original_width"":3127,""original_height"":2378},{""x"":2.5313951636833116,""y"":65.88072122052706,""width"":29.954842770252537,""height"":31.20665742024964,""rotation"":0,""rectanglelabels"":[""G""],""original_width"":3127,""original_height"":2378},{""x"":33.96288511275112,""y"":65.88072122052711,""width"":31.1150655536074,""height"":31.206657420249645,""rotation"":0,""rectanglelabels"":[""H""],""original_width"":3127,""original_height"":2378}]"
img1229,"COMSOL 3D plots for printed TEGs, (a) temperature at F ∼ 0.3, (b) electric potential at F ∼ 0.3, (c) temperature at F ∼ 0.9, (d) electric potential at F ∼ 0.9.",Fig. 13 presents the COMSOL 3D simulation results showing temperature and electric potential distributions of printed TEGs at two different fill factors: ∼0.3 (top row) and ∼0.9 (bottom row).,selected_images/img1229.jpg,"[{""x"":51.63859991186016,""y"":2.2173663737312425e-15,""width"":48.36140008813982,""height"":49.51456310679612,""rotation"":0,""rectanglelabels"":[""B""],""original_width"":1454,""original_height"":1081},{""x"":50.81367197858698,""y"":50.4854368932039,""width"":49.186328021413004,""height"":49.514563106796096,""rotation"":0,""rectanglelabels"":[""D""],""original_width"":1454,""original_height"":1081},{""x"":0.30934797497744043,""y"":0.13869625520110956,""width"":50.21748793800448,""height"":49.51456310679612,""rotation"":0,""rectanglelabels"":[""A""],""original_width"":1454,""original_height"":1081},{""x"":3.3306690738754696e-15,""y"":50.48543689320388,""width"":50.21748793800448,""height"":49.51456310679612,""rotation"":0,""rectanglelabels"":[""C""],""original_width"":1454,""original_height"":1081}]"
img123,"TEM images of the 4D printed TiN/HESMAs in different states. (a) The as-built TiN/HESMA with added TiN, secondary phase precipitates, nanotwins and stacking faults in the microstructure. (b) Enlarged view of the stacking faults within the grains of the TiN/HESMAs. (c) SADP of the stacking faults and nano-twin in the TiN/HESMA. (d) The microstructure of the TiN/HESMA after heat treatment. (e) Enlarged view of the stacking fault in the heat-treated TiN/HESMA. (f) SADP of the precipitates.","Delicate microstructural analysis was performed to study the effect of heat treatment on the properties of 4D printed TiN/HESMA, results are shown in Fig. 7 . || The TiN/HESMA exhibits a hierarchical microstructure in its as-built state (see Fig. 7 (a-c)). || Some square TiN particles with an average size of ∼54 nm can be observed uniformly dispersed in the HESMA matrix, as shown in Fig. 7 (a). || Notably, some nano-twins with straight boundaries and stacking faults with alternating bright and dark stripes (close-view Fig. 7 (b)) appear in the grain, which are further affirmed by selected area diffraction pattern (SADP) in Fig. 7 (c). || Therefore, the probability to nano-twin formation is reduced, as shown in Fig. 7 (d), obviously clearer grains can be observed without nano-twins.",selected_images/img123.jpg,"[{""x"":67.05959058739475,""y"":0.5547850208044424,""width"":32.94040941260524,""height"":48.959778085991665,""rotation"":0,""rectanglelabels"":[""C""],""original_width"":2842,""original_height"":1896},{""x"":67.05959058739477,""y"":50.48543689320388,""width"":32.94040941260524,""height"":48.959778085991665,""rotation"":0,""rectanglelabels"":[""F""],""original_width"":2842,""original_height"":1896},{""x"":33.495584852143544,""y"":0.4160887656033287,""width"":32.94040941260524,""height"":48.959778085991665,""rotation"":0,""rectanglelabels"":[""B""],""original_width"":2842,""original_height"":1896},{""x"":0.09252923992304851,""y"":0.6934812760055498,""width"":32.94040941260524,""height"":48.959778085991665,""rotation"":0,""rectanglelabels"":[""A""],""original_width"":2842,""original_height"":1896},{""x"":-2.7339241981394484e-15,""y"":50.624133148404994,""width"":32.94040941260524,""height"":48.959778085991665,""rotation"":0,""rectanglelabels"":[""D""],""original_width"":2842,""original_height"":1896},{""x"":33.58811409206659,""y"":50.762829403606105,""width"":32.94040941260524,""height"":48.959778085991665,""rotation"":0,""rectanglelabels"":[""E""],""original_width"":2842,""original_height"":1896}]"
img1230,"COMSOL 3D plots for bulk TEGs, (a) temperature at F ∼ 0.3, (b) electric potential at F ∼ 0.3, (c) temperature at F ∼ 0.9, (d) electric potential at F ∼ 0.9.",Fig. 14 presents the COMSOL 3D simulation results for the temperature and electric potential distributions in bulk TEGs at two different fill factors: ∼0.3 (top row) and ∼0.9 (bottom row).,selected_images/img1230.jpg,"[{""x"":51.21572112754086,""y"":3.9419846644110966e-15,""width"":48.78427887245915,""height"":49.375866851595006,""rotation"":0,""rectanglelabels"":[""B""],""original_width"":1417,""original_height"":1093},{""x"":51.1379063619199,""y"":50.069348127600556,""width"":48.78427887245915,""height"":49.375866851595006,""rotation"":0,""rectanglelabels"":[""D""],""original_width"":1417,""original_height"":1093},{""x"":0.5349153385138065,""y"":0.27739251040221913,""width"":48.78427887245915,""height"":49.375866851595006,""rotation"":0,""rectanglelabels"":[""A""],""original_width"":1417,""original_height"":1093},{""x"":-5.551115123125783e-16,""y"":50.624133148404994,""width"":48.78427887245915,""height"":49.375866851595006,""rotation"":0,""rectanglelabels"":[""C""],""original_width"":1417,""original_height"":1093}]"
img1232,"Printed and bulk TEG comparison, (a–b) power output (W) (c–d) TEG cost (€/W), (e–f) thermosyphon system components cost (€/W).","Here, in Fig. 16 (a–b), the power output per thermosyphon pipe is calculated for different TEG heights for both printed and bulk radial TEGs. || However, at lower fill factors, such as ∼0.3, the power drop in printed TEGs is more significant than in their bulk counterparts, primarily due to parasitic heat losses, as discussed in Section 4.1 . Fig. 16 (c–d) illustrates the printed and bulk TEG costs per watt (€/W) for fill factors of ∼0.9 and ∼0.3. || However, industrial-scale costs for TEGs very likely will be lower than we project here. Fig. 16 (e–f) illustrates the normalized cost per watt of electrical power (€/W) for the entire thermosyphon system, including all hot- and cold-side heat exchanger components. Fig. 17 presents the levelized cost of electricity LCOE (€/kWh) for a system life period of 25 years. || Where, due to low power at lower fill factors, the thermosyphon system cost (€/W) for printed TEGs case is slightly higher for lower fill factors and TEG heights of 100 mm (c.f. Fig. 16 ).",selected_images/img1232.jpg,"[{""x"":53.793998575551946,""y"":8.623091453399275e-16,""width"":46.206001424447976,""height"":33.70319001386963,""rotation"":0,""rectanglelabels"":[""B""],""original_width"":2368,""original_height"":3181},{""x"":53.04874048806091,""y"":34.53536754507627,""width"":46.951259511939035,""height"":30.929264909847447,""rotation"":0,""rectanglelabels"":[""D""],""original_width"":2368,""original_height"":3181},{""x"":3.144130214478757e-15,""y"":0.27739251040221913,""width"":51.79543708063127,""height"":33.70319001386963,""rotation"":0,""rectanglelabels"":[""A""],""original_width"":2368,""original_height"":3181},{""x"":52.86242596618814,""y"":66.99029126213595,""width"":47.13757403381183,""height"":30.374479889042966,""rotation"":0,""rectanglelabels"":[""F""],""original_width"":2368,""original_height"":3181},{""x"":-1.1102230246251565e-15,""y"":34.95145631067961,""width"":51.79543708063123,""height"":30.929264909847447,""rotation"":0,""rectanglelabels"":[""C""],""original_width"":2368,""original_height"":3181},{""x"":2.6645352591003757e-15,""y"":66.7128987517337,""width"":51.79543708063123,""height"":30.929264909847447,""rotation"":0,""rectanglelabels"":[""E""],""original_width"":2368,""original_height"":3181}]"
img1234,"Effect of contact resistances, (a) printed radial TEGs performance vs electrical resistivity, (b) bulk radial TEGs performance vs electrical resistivity, (c) printed radial TEGs performance vs thermal resistivity, (d) bulk radial TEGs performance vs thermal resistivity.","We inserted a so-called diffusion barrier/contact resistance domain between the TE material and the conductor. Fig. 18 (a–b) shows the effect of different electrical resistivity values for this contact material, and the power density is plotted for both types of devices at two fill factors ( F ∼ 0.3 and ∼0.9). || Hence, a good interface material is critical to maintaining performance. Fig. 18 (c–d) shows the effect of thermal resistivity of a modeled thermal domain, which acts as an electrical insulator between the thermosyphon and TEG and the heat sink and TEG.",selected_images/img1234.jpg,"[{""x"":52.854278302047156,""y"":0,""width"":47.1457216979528,""height"":46.60194174757281,""rotation"":0,""rectanglelabels"":[""B""],""original_width"":2571,""original_height"":2023},{""x"":52.854278302047256,""y"":52.01109570041594,""width"":47.14572169795274,""height"":43.55062413314818,""rotation"":0,""rectanglelabels"":[""D""],""original_width"":2571,""original_height"":2023},{""x"":3.819676526454517,""y"":0,""width"":48.018790618285315,""height"":46.60194174757281,""rotation"":0,""rectanglelabels"":[""A""],""original_width"":2571,""original_height"":2023},{""x"":3.0557412211636126,""y"":52.42718446601942,""width"":48.0187906182853,""height"":43.55062413314839,""rotation"":0,""rectanglelabels"":[""C""],""original_width"":2571,""original_height"":2023}]"
img1236,"Outer wall temperature and dimensionless heat-transfer-coefficient profiles for the DSM microtube. Panels A and B show wall temperature plotted against axial station and temperature ratio, respectively. Panels C and D show the Nusselt number plotted against axial station and temperature ratio, respectively. The experimental uncertainties are U Nu = 9% and U Two = 0.75%.","Fig. 2 and Fig. 3 presents the results from the experimental dataset described above that are relevant to validating the CFD simulations presented later in this study, i.e. the profiles of axial temperature and resulting Nusselt number.",selected_images/img1236.jpg,"[{""x"":50.202340071483256,""y"":-6.661338147750939e-16,""width"":49.79765992851675,""height"":49.23717059639381,""rotation"":0,""rectanglelabels"":[""B""],""original_width"":1702,""original_height"":1756},{""x"":50.202340071483256,""y"":50.76282940360619,""width"":49.79765992851675,""height"":49.23717059639381,""rotation"":0,""rectanglelabels"":[""D""],""original_width"":1702,""original_height"":1756},{""x"":0,""y"":0,""width"":49.79765992851675,""height"":49.23717059639381,""rotation"":0,""rectanglelabels"":[""A""],""original_width"":1702,""original_height"":1756},{""x"":1.7763568394002505e-15,""y"":50.76282940360619,""width"":49.79765992851675,""height"":49.23717059639381,""rotation"":0,""rectanglelabels"":[""C""],""original_width"":1702,""original_height"":1756}]"
img1237,"Outer wall temperature and dimensionless heat-transfer-coefficient profiles for the ARM microtube. Panels A and B show wall temperature plotted against axial station and temperature ratio, respectively. Panels C and D show the Nusselt number plotted against axial station and temperature ratio, respectively. The experimental uncertainties are U Nu = 11% and U Two = 0.75%.","Fig. 2 and Fig. 3 presents the results from the experimental dataset described above that are relevant to validating the CFD simulations presented later in this study, i.e. the profiles of axial temperature and resulting Nusselt number.",selected_images/img1237.jpg,"[{""x"":51.240850692095954,""y"":52.42718446601942,""width"":48.75914930790405,""height"":47.57281553398058,""rotation"":0,""rectanglelabels"":[""D""],""original_width"":1702,""original_height"":1864},{""x"":51.240850692095954,""y"":1.7763568394002505e-15,""width"":48.75914930790405,""height"":47.57281553398058,""rotation"":0,""rectanglelabels"":[""B""],""original_width"":1702,""original_height"":1864},{""x"":-1.8318679906315083e-15,""y"":8.881784197001252e-16,""width"":48.75914930790405,""height"":47.57281553398058,""rotation"":0,""rectanglelabels"":[""A""],""original_width"":1702,""original_height"":1864},{""x"":-3.552713678800501e-15,""y"":52.42718446601942,""width"":48.75914930790405,""height"":47.57281553398058,""rotation"":0,""rectanglelabels"":[""C""],""original_width"":1702,""original_height"":1864}]"
img1239,"Thermophysical properties of n-decane in the temperature and pressure region investigated in this study. Panel A shows density, Panel B shows specific heat capacity, Panel C shows thermal conductivity, and Panel D shows viscosity.","The fluid properties of n-decane were taken from the National Institute of Standards and Technology (NIST) Reference Fluid Thermodynamic and Transport Properties Database (REFPROP) version 9, which gives its critical temperature ‘ T c ’ as 617 K and critical pressure ‘ P c ’ as 2.1 MPa. Fig. 5 presents the viscosity, density, specific heat capacity, and density of n-decane from REFPROP along several isobars from 2.1 to 10.4 MPa. || This is due to increasing fluid pressure reducing the variation in fluid properties about the critical point (as shown in Fig. 5 ).",selected_images/img1239.jpg,"[{""x"":51.32429152453426,""y"":-1.7763568394002505e-15,""width"":48.67570847546574,""height"":46.74063800277391,""rotation"":0,""rectanglelabels"":[""B""],""original_width"":2368,""original_height"":2526},{""x"":51.324291524534274,""y"":48.68238557558955,""width"":48.675708475465626,""height"":46.18585298196937,""rotation"":0,""rectanglelabels"":[""D""],""original_width"":2368,""original_height"":2526},{""x"":0,""y"":0,""width"":48.67570847546574,""height"":46.74063800277391,""rotation"":0,""rectanglelabels"":[""A""],""original_width"":2368,""original_height"":2526},{""x"":-1.7763568394002505e-15,""y"":48.26629680998612,""width"":48.67570847546574,""height"":46.74063800277391,""rotation"":0,""rectanglelabels"":[""C""],""original_width"":2368,""original_height"":2526}]"
img1244,"Predicted versus measured wall temperature along the microtube for the DSM (Panels A and B, Cases 1 and 2) and ARM (Panels C and D, Cases 1 and 2). The roughness values are ε r,DSM = 0.005, ε r,ARM = 0.017, with heat fluxes of q wi,C1 DSM = 230 kW/m 2 , q wi,C2 DSM = 345 kW/m 2, q wi,C1 ARM = 210 kW/m 2 , q wi,C2 ARM = 315 kW/m 2 .","A solid black line indicates experimental data. Fig. 10 and Fig. 11 display the axial distribution of wall temperature. || Each panel contains 6 predicted results (i.e. for two turbulence models and three wall roughness methods) vs. experimental data for single microtube type (DSM or ARM) operating at a single heat load (‘C1’ at 800 W vs. ‘C2’ at 1200 W nominal power). Fig. 10 presents predicted wall temperature against axial coordinate (scaled by hydraulic diameter), while Fig. 11 presents wall temperature scaled by measured wall temperature vs. the ratio of the local fluid temperature to its critical temperature. Fig. 10 and Fig. 11 demonstrate that wall temperature is predicted to increase non-monotonically along the tube as the fluid is heated. || Fig. 12 presents the Nusselt number predicted for both turbulence models, wall roughness geometries, and heat loads tested against its experimentally derived values, with the error presented explicitly in Fig. 13 . Fig. 12 shows that all simulated test cases reproduce the overall trend of the experimental data including the effects of HTD and HTE, which matches the trend identified for Fig. 10 . || The localised effects of the microtube segment joins for the ARM are also more visible in the Nusselt number plots than the wall temperature plots shown in Fig. 10 . Fig. 13 demonstrates that the lower wall roughness (DSM) and lower heat flux (Case 1) simulation results show smaller predictive error for Nu , which also matches the trend identified by Fig. 9 .",selected_images/img1244.jpg,"[{""x"":50.56409781834543,""y"":47.711511789181685,""width"":49.43590218165457,""height"":45.63106796116497,""rotation"":0,""rectanglelabels"":[""D""],""original_width"":2368,""original_height"":2577},{""x"":0,""y"":0,""width"":47.39440810435955,""height"":45.631067961165016,""rotation"":0,""rectanglelabels"":[""A""],""original_width"":2368,""original_height"":2577},{""x"":50.564097818345424,""y"":0,""width"":49.43590218165457,""height"":45.63106796116497,""rotation"":0,""rectanglelabels"":[""B""],""original_width"":2368,""original_height"":2577},{""x"":0,""y"":47.15672676837725,""width"":49.43590218165457,""height"":45.63106796116497,""rotation"":0,""rectanglelabels"":[""C""],""original_width"":2368,""original_height"":2577}]"
img1245,"Predicted versus measured wall temperature plotted against dimensionless fluid temperature for the DSM (Panels A and B, Cases 1 and 2) and ARM (Panels C and D, Cases 1 and 2). The roughness values are ε r,DSM = 0.005, ε r,ARM = 0.017, with heat fluxes of q wi,C1 DSM = 230 kW/m 2 , q wi,C2 DSM = 345 kW/m 2, q wi,C1 ARM = 210 kW/m 2 , q wi,C2 ARM = 315 kW/m 2 .","A solid black line indicates experimental data. Fig. 10 and Fig. 11 display the axial distribution of wall temperature. || Each panel contains 6 predicted results (i.e. for two turbulence models and three wall roughness methods) vs. experimental data for single microtube type (DSM or ARM) operating at a single heat load (‘C1’ at 800 W vs. ‘C2’ at 1200 W nominal power). Fig. 10 presents predicted wall temperature against axial coordinate (scaled by hydraulic diameter), while Fig. 11 presents wall temperature scaled by measured wall temperature vs. the ratio of the local fluid temperature to its critical temperature. Fig. 10 and Fig. 11 demonstrate that wall temperature is predicted to increase non-monotonically along the tube as the fluid is heated. || However, the accuracy of the predicted onset location varies between models. Fig. 11 presents the error between predicted and measured wall temperatures and shows that at both lower heat load (Case 1), and lower wall roughness (DSM), simulations are generally more accurate.",selected_images/img1245.jpg,"[{""x"":50.8909828691382,""y"":46.87933425797504,""width"":49.1090171308618,""height"":45.63106796116504,""rotation"":0,""rectanglelabels"":[""D""],""original_width"":2368,""original_height"":2612},{""x"":0,""y"":0.13869625520110956,""width"":49.1090171308618,""height"":45.63106796116504,""rotation"":0,""rectanglelabels"":[""A""],""original_width"":2368,""original_height"":2612},{""x"":50.8909828691382,""y"":-8.881784197001254e-16,""width"":49.1090171308618,""height"":45.63106796116504,""rotation"":0,""rectanglelabels"":[""B""],""original_width"":2368,""original_height"":2612},{""x"":2.220446049250313e-15,""y"":46.74063800277393,""width"":49.1090171308618,""height"":45.63106796116504,""rotation"":0,""rectanglelabels"":[""C""],""original_width"":2368,""original_height"":2612}]"
img1246,"Predicted versus experimentally derived Nusselt number along the microtube for the DSM (Panels A and B, Cases 1 and 2) and ARM (Panels C and D, Cases 1 and 2). The roughness values are ε r,DSM = 0.005, ε r,ARM = 0.017, with heat fluxes of q wi,C1 DSM = 230 kW/m 2 , q wi,C2 DSM = 345 kW/m 2, q wi,C1 ARM = 210 kW/m 2 , q wi,C2 ARM = 315 kW/m 2 .","Fig. 12 presents the Nusselt number predicted for both turbulence models, wall roughness geometries, and heat loads tested against its experimentally derived values, with the error presented explicitly in Fig. 13 . Fig. 12 shows that all simulated test cases reproduce the overall trend of the experimental data including the effects of HTD and HTE, which matches the trend identified for Fig. 10 .",selected_images/img1246.jpg,"[{""x"":50.90878846946809,""y"":47.01803051317614,""width"":49.09121153053191,""height"":45.49237170596394,""rotation"":0,""rectanglelabels"":[""D""],""original_width"":2368,""original_height"":2644},{""x"":0,""y"":0.13869625520110956,""width"":49.09121153053191,""height"":45.49237170596393,""rotation"":0,""rectanglelabels"":[""A""],""original_width"":2368,""original_height"":2644},{""x"":50.90878846946809,""y"":-1.3322676295501878e-15,""width"":49.09121153053191,""height"":45.49237170596394,""rotation"":0,""rectanglelabels"":[""B""],""original_width"":2368,""original_height"":2644},{""x"":-1.5543122344752194e-15,""y"":47.295423023578365,""width"":49.09121153053191,""height"":45.49237170596394,""rotation"":0,""rectanglelabels"":[""C""],""original_width"":2368,""original_height"":2644}]"
img1247,"Predicted versus experimentally derived Nusselt number plotted against dimensionless fluid temperature for the DSM (Panels A and B, Cases 1 and 2) and ARM (Panels C and D, Cases 1 and 2). The roughness values are ε r,DSM = 0.005, ε r,ARM = 0.017, with heat fluxes of q wi,C1 DSM = 230 kW/m 2 , q wi,C2 DSM = 345 kW/m 2, q wi,C1 ARM = 210 kW/m 2 , q wi,C2 ARM = 315 kW/m 2 .","Fig. 12 presents the Nusselt number predicted for both turbulence models, wall roughness geometries, and heat loads tested against its experimentally derived values, with the error presented explicitly in Fig. 13 . Fig. 12 shows that all simulated test cases reproduce the overall trend of the experimental data including the effects of HTD and HTE, which matches the trend identified for Fig. 10 . || The localised effects of the microtube segment joins for the ARM are also more visible in the Nusselt number plots than the wall temperature plots shown in Fig. 10 . Fig. 13 demonstrates that the lower wall roughness (DSM) and lower heat flux (Case 1) simulation results show smaller predictive error for Nu , which also matches the trend identified by Fig. 9 .",selected_images/img1247.jpg,"[{""x"":0,""y"":0,""width"":47.22818345391163,""height"":45.0762829403606,""rotation"":0,""rectanglelabels"":[""A""],""original_width"":2368,""original_height"":2670},{""x"":54.10911084454769,""y"":0,""width"":45.890889155452115,""height"":45.07628294036054,""rotation"":0,""rectanglelabels"":[""B""],""original_width"":2368,""original_height"":2670},{""x"":0,""y"":47.85020804438279,""width"":47.071798740488056,""height"":46.74063800277391,""rotation"":0,""rectanglelabels"":[""C""],""original_width"":2368,""original_height"":2670},{""x"":54.26549555797129,""y"":46.879334257975025,""width"":45.73450444202871,""height"":46.879334257975025,""rotation"":0,""rectanglelabels"":[""D""],""original_width"":2368,""original_height"":2670}]"
img1248,"Simulated versus measured pressure drop across the microtube for the DSM (Panels A and B, Cases 1 and 2) and ARM (Panels C and D, Cases 1 and 2). The roughness values are ε r,DSM = 0.005, ε r,ARM = 0.017, with heat fluxes of q wi,C1 DSM = 230 kW/m 2 , q wi,C2 DSM = 345 kW/m 2, q wi,C1 ARM = 210 kW/m 2 , q wi,C2 ARM = 315 kW/m 2 .","Fig. 14 presents the simulated vs. measured pressure drop across the microtube for the 24 experimental validation simulations. || The figures additionally show the pressure drop predicted from analytical equations using the friction factor derivations given by Eqs. (28) –(30). Fig. 14 demonstrates that the simulations with lower wall roughness (DSM) tend to overpredict the pressure loss relative to experiment in both cases, while those of the higher wall roughness (ARM) tend to underpredict it. || The analytically derived pressure loss follows a similar trend and reflects the prediction from simulation. Fig. 14 indicates that, for the lower roughness condition ( ε r = 0.005), the RNG-SM configuration demonstrates the lowest mean error (14–27%).",selected_images/img1248.jpg,"[{""x"":51.64461661731079,""y"":0,""width"":48.35538338268921,""height"":49.791955617198354,""rotation"":0,""rectanglelabels"":[""B""],""original_width"":2368,""original_height"":2393},{""x"":52.065098211942875,""y"":50.20804438280162,""width"":47.93490178805709,""height"":49.79195561719832,""rotation"":0,""rectanglelabels"":[""D""],""original_width"":2368,""original_height"":2393},{""x"":0,""y"":0,""width"":50.31763082430558,""height"":49.791955617198354,""rotation"":0,""rectanglelabels"":[""A""],""original_width"":2368,""original_height"":2393},{""x"":-3.552713678800501e-15,""y"":50.208044382801646,""width"":50.31763082430558,""height"":49.791955617198354,""rotation"":0,""rectanglelabels"":[""C""],""original_width"":2368,""original_height"":2393}]"
img1249,Wall normal dimensionless temperature profile of the ARM under Case 2 conditions.,Fig. 15 shows the core temperature of the flow monotonically increasing along the length of the tube in all models.,selected_images/img1249.jpg,"[{""x"":50.38636813948879,""y"":-1.7763568394002505e-15,""width"":49.61363186051121,""height"":32.871012482662984,""rotation"":0,""rectanglelabels"":[""B""],""original_width"":1701,""original_height"":2504},{""x"":50.38636813948879,""y"":33.42579750346741,""width"":49.61363186051121,""height"":32.871012482662984,""rotation"":0,""rectanglelabels"":[""D""],""original_width"":1701,""original_height"":2504},{""x"":0,""y"":0,""width"":49.61363186051121,""height"":32.871012482662984,""rotation"":0,""rectanglelabels"":[""A""],""original_width"":1701,""original_height"":2504},{""x"":50.38636813948879,""y"":66.71289875173366,""width"":49.613631860511205,""height"":33.28710124826634,""rotation"":0,""rectanglelabels"":[""F""],""original_width"":1701,""original_height"":2504},{""x"":0.20417132452885267,""y"":33.42579750346741,""width"":49.61363186051121,""height"":32.871012482662984,""rotation"":0,""rectanglelabels"":[""C""],""original_width"":1701,""original_height"":2504},{""x"":0,""y"":66.71289875173369,""width"":49.613631860511205,""height"":33.28710124826634,""rotation"":0,""rectanglelabels"":[""E""],""original_width"":1701,""original_height"":2504}]"
img125,"Simulated prints using four different yaw angles where (a) is printed at the minimum allowable yaw angle of 2.3°, (b) is printed at a yaw angle of 4.59° where n = 2 infill print passes are used, (c) is printed at a yaw angle of 46.1° with n = 18 infill print passes, and (d) is printed at the minimum allowable yaw angle of 90° with n = 25 infill print passes.","The desired final track pitch was set to 0.6 mm, hence = 25. Fig. 2 lists each of the 25 allowable yaw angles that will produce the desired 0.6 mm final track pitch in varying numbers of print passes. || Simple image rastering was used to determine the drop locations. Fig. 2 (a) shows print with the smallest yaw angle in which the final track pitch equals the printed track pitch.",selected_images/img125.jpg,"[{""x"":56.8489090857772,""y"":0.1564945226917058,""width"":43.151090914222806,""height"":48.6697965571205,""rotation"":0,""rectanglelabels"":[""B""],""original_width"":2994,""original_height"":1512},{""x"":56.8489090857772,""y"":49.608763693270745,""width"":43.151090914222806,""height"":48.6697965571205,""rotation"":0,""rectanglelabels"":[""D""],""original_width"":2994,""original_height"":1512},{""x"":13.43532134691919,""y"":0.3129890453834116,""width"":43.151090914222806,""height"":48.669796557120506,""rotation"":0,""rectanglelabels"":[""A""],""original_width"":2994,""original_height"":1512},{""x"":13.356290044878488,""y"":49.608763693270745,""width"":43.151090914222806,""height"":48.6697965571205,""rotation"":0,""rectanglelabels"":[""C""],""original_width"":2994,""original_height"":1512}]"
img1250,Wall normal dimensionless velocity profile of the ARM under Case 2 conditions.,"Fig. 16 compares the wall normal temperature profile of the ARM, between the various turbulence models and geometry domains analysed under Case 2 conditions ( ε r = 0.017 and q wi = 315 kW/m 2 ). || The SST model displays higher boundary layer temperatures than the RNG models between 127 < z/D H < 272, except the SM-SST, which exhibits lower boundary layer temperatures than the SM-RNG. Fig. 16 compares the wall normal velocity profile of the ARM, between the various turbulence models and geometry domains analysed under Case 2 conditions ( ε r = 0.017 and q wi = 315 kW/m 2 ). || The velocity and TKE profiles shown in Fig. 16 and Fig. 17 illustrate that the success of the models at simulating the heat transfer rely on different mechanics specific to the turbulence model.",selected_images/img1250.jpg,"[{""x"":51.02710199797579,""y"":4.440892098500627e-16,""width"":48.972898002024216,""height"":33.00970873786408,""rotation"":0,""rectanglelabels"":[""B""],""original_width"":2368,""original_height"":3604},{""x"":51.02710199797579,""y"":33.42579750346741,""width"":48.972898002024216,""height"":33.00970873786408,""rotation"":0,""rectanglelabels"":[""D""],""original_width"":2368,""original_height"":3604},{""x"":-8.881784197001252e-16,""y"":0.13869625520110956,""width"":48.972898002024216,""height"":33.00970873786408,""rotation"":0,""rectanglelabels"":[""A""],""original_width"":2368,""original_height"":3604},{""x"":51.02710199797579,""y"":66.99029126213593,""width"":48.972898002024216,""height"":33.00970873786408,""rotation"":0,""rectanglelabels"":[""F""],""original_width"":2368,""original_height"":3604},{""x"":-3.3306690738754696e-16,""y"":33.42579750346741,""width"":48.972898002024216,""height"":33.00970873786408,""rotation"":0,""rectanglelabels"":[""C""],""original_width"":2368,""original_height"":3604},{""x"":-3.3306690738754696e-16,""y"":66.7128987517337,""width"":48.972898002024216,""height"":33.00970873786408,""rotation"":0,""rectanglelabels"":[""E""],""original_width"":2368,""original_height"":3604}]"
img1251,Wall normal turbulent kinetic energy profiles of the ARM under Case 2 conditions.,"Fig. 17 compares the turbulent kinetic energy profile (TKE) of the ARM, between the various turbulence models and geometry under Case 2 heat flux conditions. Fig. 17 shows a similar tendency for the TKE to increase monotonically as the flow evolves along the length of the microtube, demonstrating the M-shaped profile (or half thereof due to symmetry) as expected. || The velocity and TKE profiles shown in Fig. 16 and Fig. 17 illustrate that the success of the models at simulating the heat transfer rely on different mechanics specific to the turbulence model.",selected_images/img1251.jpg,"[{""x"":50.74970948757357,""y"":33.841886269070734,""width"":49.25029051242643,""height"":32.31622746185853,""rotation"":0,""rectanglelabels"":[""D""],""original_width"":2368,""original_height"":3688},{""x"":0,""y"":0,""width"":49.25029051242643,""height"":32.31622746185853,""rotation"":0,""rectanglelabels"":[""A""],""original_width"":2368,""original_height"":3688},{""x"":50.74970948757357,""y"":-2.220446049250311e-16,""width"":49.25029051242643,""height"":32.31622746185853,""rotation"":0,""rectanglelabels"":[""B""],""original_width"":2368,""original_height"":3688},{""x"":50.74970948757357,""y"":67.68377253814147,""width"":49.25029051242643,""height"":32.31622746185853,""rotation"":0,""rectanglelabels"":[""F""],""original_width"":2368,""original_height"":3688},{""x"":0,""y"":33.841886269070734,""width"":49.25029051242643,""height"":32.31622746185853,""rotation"":0,""rectanglelabels"":[""C""],""original_width"":2368,""original_height"":3688},{""x"":2.220446049250313e-16,""y"":67.68377253814145,""width"":49.25029051242643,""height"":32.31622746185853,""rotation"":0,""rectanglelabels"":[""E""],""original_width"":2368,""original_height"":3688}]"
img1252,"Effect of wall roughness on wall temperature, Nusselt number, friction factor, and thermal performance factor for P r = 1.25 and q wi /G = 1000 J/kg. TPF results are all relative to the ε r = 0.000 case.","Fig. 18 plots the predicted wall temperature, Nusselt number, friction factor and thermal performance factor against the critical temperature for a family of solutions of varying dimensionless wall roughness height (0.000 ≤ ε r ≤ 0.100), with constant heat flux ( q wi / G = 1000 J/kg) and constant pressure ( P r = 1.25).",selected_images/img1252.jpg,"[{""x"":50.91710555909583,""y"":-2.1094237467877974e-15,""width"":47.7603014769277,""height"":46.185852981969475,""rotation"":0,""rectanglelabels"":[""B""],""original_width"":2368,""original_height"":2509},{""x"":50.11157785733029,""y"":47.572815533980574,""width"":47.760301476927694,""height"":46.87933425797505,""rotation"":0,""rectanglelabels"":[""D""],""original_width"":2368,""original_height"":2509},{""x"":0,""y"":0,""width"":47.7603014769277,""height"":46.185852981969475,""rotation"":0,""rectanglelabels"":[""A""],""original_width"":2368,""original_height"":2509},{""x"":0,""y"":47.29542302357835,""width"":47.760301476927694,""height"":46.87933425797505,""rotation"":0,""rectanglelabels"":[""C""],""original_width"":2368,""original_height"":2509}]"
img1253,Effect of heat flux on heat transfer and pressure drop for P r = 1.25 and ε r = 0.010.,"Fig. 19 plots the predicted wall temperature, Nusselt number, friction factor, and thermal performance factor against the critical temperature ratio for a family of varying heat fluxes.",selected_images/img1253.jpg,"[{""x"":52.49524403043826,""y"":1.1102230246251565e-15,""width"":47.50475596956174,""height"":46.32454923717052,""rotation"":0,""rectanglelabels"":[""B""],""original_width"":2368,""original_height"":2583},{""x"":52.34395499868801,""y"":48.266296809986095,""width"":47.656045001311966,""height"":46.32454923717056,""rotation"":0,""rectanglelabels"":[""D""],""original_width"":2368,""original_height"":2583},{""x"":0,""y"":0,""width"":50.984403699816305,""height"":46.32454923717056,""rotation"":0,""rectanglelabels"":[""A""],""original_width"":2368,""original_height"":2583},{""x"":3.552713678800501e-15,""y"":47.988904299583915,""width"":50.984403699816305,""height"":46.32454923717056,""rotation"":0,""rectanglelabels"":[""C""],""original_width"":2368,""original_height"":2583}]"
img1254,Effect of fluid pressure on heat transfer and pressure drop for ε r = 0.01 and q wi /G = 1000 J/kg.,"Fig. 20 plots the predicted wall temperature, Nusselt number, friction factor and thermal performance factor against the critical temperature for a family of solutions of varying pressure (1.0 ≤ P r ≤ 5.0), with constant wall roughness height ( ε r = 0.010) and heat flux ( q wi / G = 1000 J/kg).",selected_images/img1254.jpg,"[{""x"":48.786407766990294,""y"":2.886579864025407e-15,""width"":47.479628987517295,""height"":46.601941747572816,""rotation"":0,""rectanglelabels"":[""B""],""original_width"":2368,""original_height"":2479},{""x"":49.36719833564494,""y"":47.8502080443828,""width"":47.479628987517295,""height"":46.601941747572816,""rotation"":0,""rectanglelabels"":[""D""],""original_width"":2368,""original_height"":2479},{""x"":0,""y"":0,""width"":47.479628987517295,""height"":46.601941747572816,""rotation"":0,""rectanglelabels"":[""A""],""original_width"":2368,""original_height"":2479},{""x"":8.881784197001252e-16,""y"":47.71151178918169,""width"":47.479628987517295,""height"":46.601941747572816,""rotation"":0,""rectanglelabels"":[""C""],""original_width"":2368,""original_height"":2479}]"
img1269,Variation in thermal–hydraulic performance of spiral channels with different thread widths under various flow velocities. (a) Heat transfer coefficient. (b) Pressure drop. (c) Average Nusselt number. (d) Average friction factor.,"The relationships between thread width, flow velocity, heat transfer coefficient, and pressure drop are presented in Fig. 13 (a) and (b) . || Based on the calculated heat transfer coefficients and pressure drops, the average Nusselt number and friction factor were derived using Eqs. (34) and (35) , as shown in Figs. 13 (c) and (d). || As observed in Fig. 13 (a), the heat transfer coefficient of the spiral channel increases with the rise in flow velocity of the working fluid. || A larger thread width contributes to enhanced heat transfer performance, with the spiral channel having a thread width of achieving the highest heat transfer coefficient of over at a flow velocity of . Fig. 13 (b) illustrates that the pressure drop also increases with the flow velocity, and a larger thread width results in a greater pressure drop within the channel. || As shown in Fig. 13 (c), the spiral channels yield consistently higher average Nusselt numbers than the straight channel, indicating enhanced convective heat transfer.",selected_images/img1269.jpg,"[{""x"":50.713700850558965,""y"":3.4416913763379853e-15,""width"":49.286299149441035,""height"":49.930651872399444,""rotation"":0,""rectanglelabels"":[""B""],""original_width"":1660,""original_height"":1418},{""x"":50.71370085055897,""y"":50.762829403606126,""width"":49.28629914944103,""height"":49.23717059639388,""rotation"":0,""rectanglelabels"":[""D""],""original_width"":1660,""original_height"":1418},{""x"":0,""y"":0,""width"":49.286299149441035,""height"":49.930651872399444,""rotation"":0,""rectanglelabels"":[""A""],""original_width"":1660,""original_height"":1418},{""x"":0,""y"":50.762829403606105,""width"":49.28629914944103,""height"":49.23717059639388,""rotation"":0,""rectanglelabels"":[""C""],""original_width"":1660,""original_height"":1418}]"
img1274,Major performance of spiral channels respect to flow velocity with different thread angles. (a) Heat transfer coefficient. (b) Pressure drops. (c) Average Nusselt number. (d) Average friction factor.,"Fig. 18 (a) and (b) depict the variation of the heat transfer coefficient and pressure drop of spiral channels with different thread angles as a function of flow velocity. || Consistent with the previous discussion on thread width, the corresponding Nusselt number and friction factor are further presented in Figs. 18 (c) and (d). || As shown in Fig. 18 (a), an increase in thread angle results in a notable enhancement of the heat transfer coefficient, accompanied by a simultaneous rise in pressure drop. || Consistent with the above mechanism, Fig. 18 (c) shows that the average Nusselt number consistently rises with increasing inlet velocity for any fixed thread angle. || As shown in Fig. 18 (d), the variation of the average friction factor for spiral channels 6, 7, 10, and 11 demonstrates a clear dependence on both thread angle and flow velocity.",selected_images/img1274.jpg,"[{""x"":50.734588840800065,""y"":2.8948949879268987e-15,""width"":49.26541115919992,""height"":49.51456310679612,""rotation"":0,""rectanglelabels"":[""B""],""original_width"":1660,""original_height"":1414},{""x"":51.325301204819255,""y"":50.20804438280165,""width"":48.67469879518075,""height"":49.7919556171983,""rotation"":0,""rectanglelabels"":[""D""],""original_width"":1660,""original_height"":1414},{""x"":0,""y"":0.13869625520110956,""width"":50.09240846882679,""height"":48.959778085991665,""rotation"":0,""rectanglelabels"":[""A""],""original_width"":1660,""original_height"":1414},{""x"":0,""y"":49.65325936199722,""width"":50.0924084688268,""height"":50.346740638002785,""rotation"":0,""rectanglelabels"":[""C""],""original_width"":1660,""original_height"":1414}]"
img1276,Variation of key performance parameters of spiral channels with different thread heights as a function of flow velocity. (a) Heat transfer coefficient. (b) Pressure drop. (c) Average Nusselt number. (d) Average friction factor.,"The relationships between flow velocity and both the heat transfer coefficient and pressure drop are illustrated in Fig. 20 (a) and Fig. 20 (b), whereas the corresponding average Nusselt numbers and friction factors are shown in Fig. 20 (c) and (d). || As illustrated in Fig. 20 (c), the average Nusselt number increases with higher flow velocity for a given thread height, consistent with expectations. || As shown in Fig. 20 (d), the friction factor varies with inlet velocity for different spiral thread heights, exhibiting a more intricate trend than that observed in the heat transfer results.",selected_images/img1276.jpg,"[{""x"":49.655431712982285,""y"":0,""width"":50.34456828701771,""height"":49.37586685159497,""rotation"":0,""rectanglelabels"":[""B""],""original_width"":1660,""original_height"":1446},{""x"":51.19028123590058,""y"":50.069348127600556,""width"":48.80971876409942,""height"":49.375866851594985,""rotation"":0,""rectanglelabels"":[""D""],""original_width"":1660,""original_height"":1446},{""x"":2.6826571087812713e-16,""y"":0,""width"":48.80971876409942,""height"":49.375866851594985,""rotation"":0,""rectanglelabels"":[""A""],""original_width"":1660,""original_height"":1446},{""x"":-8.881784197001252e-16,""y"":49.930651872399444,""width"":48.80971876409942,""height"":49.375866851594985,""rotation"":0,""rectanglelabels"":[""C""],""original_width"":1660,""original_height"":1446}]"
img1278,Variation of key performance parameters of spiral channel 9 with flow velocity for different working fluids. (a) Heat transfer coefficient. (b) Pressure drop. (c) Average Nusselt number. (d) Average friction factor.,"To maintain laminar flow conditions, four inlet velocities ( , , , and ) are used. Fig. 22 shows the variations of heat transfer coefficient, pressure drop, anverage Nusselt number and average friction factor with flow velocity for both working fluids. || According to Fig. 22 (a), the heat transfer coefficient for both working fluids increases significantly with the flow velocity. || According to Fig. 22 (b), the increases nonlinearly with the flow velocity. || As illustrated in Fig. 22 (c), the average Nusselt number of the MPCM slurry is consistently higher than that of pure water across all inlet velocities, indicating that the MPCM slurry effectively enhances the heat transfer performance of the spiral channel. || The friction factor results in Fig. 22 (d) indicate that at all flow velocities, the friction factor of the MPCM slurry is significantly higher than that of pure water.",selected_images/img1278.jpg,"[{""x"":50.45076282940361,""y"":4.440892098500627e-16,""width"":49.5492371705964,""height"":49.7919556171983,""rotation"":0,""rectanglelabels"":[""B""],""original_width"":1660,""original_height"":1429},{""x"":50.45076282940361,""y"":50.208044382801695,""width"":49.5492371705964,""height"":49.7919556171983,""rotation"":0,""rectanglelabels"":[""D""],""original_width"":1660,""original_height"":1429},{""x"":0,""y"":0,""width"":49.5492371705964,""height"":49.7919556171983,""rotation"":0,""rectanglelabels"":[""A""],""original_width"":1660,""original_height"":1429},{""x"":-8.881784197001252e-16,""y"":50.208044382801695,""width"":49.5492371705964,""height"":49.7919556171983,""rotation"":0,""rectanglelabels"":[""C""],""original_width"":1660,""original_height"":1429}]"
img1282,"(a–c) SEM images of atomized FeCrAl powder, Y 2 O 3 powder and milled powder, (d) SEM-EDS scanning results of milled powder, (e) particle size distribution of milled powder, (f–g) optical micrographs showing the mechanically polished surfaces of samples, (h) XRD patterns of AM alloy, ODS alloy and RO alloy.","The FeCrAl powder used in this study was gas atomized, with a D50 of 37.32 µm ( Fig. 1a ). Fig. 1b shows the morphology of Y 2 O 3 particles with an average size of 50 nm. || The spherical alloy powder after ball milling exhibited a generally uniform distribution of Y 2 O 3 nanoparticles on its surfaces ( Fig. 1c and d ). || The processing window for high-density AM FeCrAl and AM-ODS FeCrAl alloys was identified using an LPBF printing system ( Fig. 1f and g ). || The X-ray diffraction patterns of the three alloys reveal characteristic (1 1 0), (2 0 0), and (2 1 1) diffraction peaks associated with the α-Fe solid solution ( Fig. 1h ).",selected_images/img1282.jpg,"[{""x"":67.02944657524492,""y"":3.4416913763379853e-15,""width"":32.97055342475508,""height"":32.593619972260754,""rotation"":0,""rectanglelabels"":[""C""],""original_width"":2182,""original_height"":1482},{""x"":67.02944657524493,""y"":33.42579750346738,""width"":32.97055342475507,""height"":34.25797503467409,""rotation"":0,""rectanglelabels"":[""E""],""original_width"":2182,""original_height"":1482},{""x"":33.3473597496094,""y"":-2.220446049250313e-16,""width"":32.97055342475508,""height"":32.593619972260754,""rotation"":0,""rectanglelabels"":[""B""],""original_width"":2182,""original_height"":1482},{""x"":0,""y"":0,""width"":32.97055342475508,""height"":32.593619972260754,""rotation"":0,""rectanglelabels"":[""A""],""original_width"":2182,""original_height"":1482},{""x"":66.93524499403134,""y"":68.09986130374475,""width"":32.97055342475507,""height"":31.900138696255244,""rotation"":0,""rectanglelabels"":[""H""],""original_width"":2182,""original_height"":1482},{""x"":1.3386849845685714e-15,""y"":33.841886269070606,""width"":66.22371159315091,""height"":32.593619972260655,""rotation"":0,""rectanglelabels"":[""D""],""original_width"":2182,""original_height"":1482},{""x"":0.18840316242717176,""y"":67.40638002773923,""width"":32.97055342475508,""height"":30.929264909847454,""rotation"":0,""rectanglelabels"":[""F""],""original_width"":2182,""original_height"":1482},{""x"":33.62996449325016,""y"":67.40638002773923,""width"":32.97055342475508,""height"":30.929264909847454,""rotation"":0,""rectanglelabels"":[""G""],""original_width"":2182,""original_height"":1482}]"
img1300,"SEM micrograph of the powder at (a) cycle 0, (b) cycle 2, (c) cycle 4, (d) cycle 6, (e) cycle 8, (f) cycle 10, (g) cycle 12, (h) cycle 14.",Fig. 1 presents the SEM micrographs of the powder for the different re-use cycles.,selected_images/img1300.jpg,"[{""x"":50.66872127689128,""y"":0,""width"":49.331278723108724,""height"":24.687933425797524,""rotation"":0,""rectanglelabels"":[""B""],""original_width"":2756,""original_height"":2614},{""x"":50.38367933586837,""y"":50.624133148404994,""width"":49.616320664131635,""height"":24.410540915395284,""rotation"":0,""rectanglelabels"":[""F""],""original_width"":2756,""original_height"":2614},{""x"":0.26310015318991326,""y"":0.27739251040221913,""width"":49.33127872310873,""height"":24.410540915395288,""rotation"":0,""rectanglelabels"":[""A""],""original_width"":2756,""original_height"":2614},{""x"":50.66872127689136,""y"":75.58945908460473,""width"":49.33127872310863,""height"":24.410540915395273,""rotation"":0,""rectanglelabels"":[""H""],""original_width"":2756,""original_height"":2614},{""x"":0.3946502297848698,""y"":25.52011095700416,""width"":49.33127872310873,""height"":24.410540915395288,""rotation"":0,""rectanglelabels"":[""C""],""original_width"":2756,""original_height"":2614},{""x"":50.38367933586836,""y"":25.52011095700416,""width"":49.61632066413163,""height"":24.410540915395284,""rotation"":0,""rectanglelabels"":[""D""],""original_width"":2756,""original_height"":2614},{""x"":0,""y"":50.346740638002785,""width"":49.85747902948853,""height"":24.410540915395284,""rotation"":0,""rectanglelabels"":[""E""],""original_width"":2756,""original_height"":2614},{""x"":0,""y"":75.58945908460468,""width"":49.72592895289358,""height"":24.41054091539528,""rotation"":0,""rectanglelabels"":[""G""],""original_width"":2756,""original_height"":2614}]"
img1305,"Charge evolution as a function of feeding time, fitted with the compressed exponential model for (a) cycle 0, (b) cycle 2, (c) cycle 4, (d) cycle 6, and (e) cycle 8, (f) cycle 12, (g) cycle 12, and (h) cycle 14.","This formula connects the charging rate to the maximum charge density, providing a deeper understanding of the effects of material surface conditions on the charging process. Fig. 6 shows the charge evolution of the powders as a function of the feeding time, fitted with the CEM at different re-use cycles.",selected_images/img1305.jpg,"[{""x"":50.30929868812265,""y"":25.104022191400833,""width"":49.04814913974101,""height"":24.549237170596392,""rotation"":0,""rectanglelabels"":[""D""],""original_width"":2756,""original_height"":4256},{""x"":0.21418405737878166,""y"":0.13869625520110956,""width"":49.04814913974101,""height"":24.549237170596392,""rotation"":0,""rectanglelabels"":[""A""],""original_width"":2756,""original_height"":4256},{""x"":50.76162159877126,""y"":-8.881784197001252e-16,""width"":49.04814913974101,""height"":24.549237170596392,""rotation"":0,""rectanglelabels"":[""B""],""original_width"":2756,""original_height"":4256},{""x"":50.76162159877126,""y"":50.48543689320388,""width"":49.04814913974101,""height"":24.549237170596392,""rotation"":0,""rectanglelabels"":[""F""],""original_width"":2756,""original_height"":4256},{""x"":1.6930901125533637e-15,""y"":25.104022191400833,""width"":49.04814913974101,""height"":24.549237170596392,""rotation"":0,""rectanglelabels"":[""C""],""original_width"":2756,""original_height"":4256},{""x"":50.95185086025899,""y"":75.45076282940362,""width"":49.04814913974101,""height"":24.549237170596392,""rotation"":0,""rectanglelabels"":[""H""],""original_width"":2756,""original_height"":4256},{""x"":-4.440892098500626e-16,""y"":50.34674063800277,""width"":49.04814913974101,""height"":24.549237170596392,""rotation"":0,""rectanglelabels"":[""E""],""original_width"":2756,""original_height"":4256},{""x"":1.7763568394002505e-15,""y"":75.45076282940362,""width"":49.04814913974101,""height"":24.549237170596392,""rotation"":0,""rectanglelabels"":[""G""],""original_width"":2756,""original_height"":4256}]"
img1344,Pump sensed values for each mixture over time. a — Output power. b — Output current. c — Morter temperature. d — Pump pressure.,The graphs in Fig. 8 provide a comparative analysis of four different mixtures and their impact on the pump sensed values over time.,selected_images/img1344.jpg,"[{""x"":39.71297936778692,""y"":51.45631067961165,""width"":37.53002489936735,""height"":48.54368932038835,""rotation"":0,""rectanglelabels"":[""D""],""original_width"":3028,""original_height"":1833},{""x"":0.08395978724690681,""y"":0,""width"":37.53002489936735,""height"":48.54368932038835,""rotation"":0,""rectanglelabels"":[""A""],""original_width"":3028,""original_height"":1833},{""x"":39.96485872952764,""y"":-8.881784197001252e-16,""width"":37.53002489936735,""height"":48.54368932038835,""rotation"":0,""rectanglelabels"":[""B""],""original_width"":3028,""original_height"":1833},{""x"":0,""y"":51.45631067961165,""width"":37.53002489936735,""height"":48.54368932038835,""rotation"":0,""rectanglelabels"":[""C""],""original_width"":3028,""original_height"":1833}]"
img1370,Experimental setup and electrochemical corrosion performance of WAAM 316 L stainless steel under different interlayer cooling conditions. (a) Integrated WAAM system with thermostatic water-cooling setup. (b) Interlayer water cooling bath with inlet and outlet configuration. (c) Schematic of layer-by-layer deposition path in water environment. (d) Potentiodynamic polarisation curves in 3.5 wt% NaCl solution. (e) Nyquist plots showing corrosion resistance via electrochemical impedance spectroscopy [ 93 ].,"As shown in Fig.14 , a customised WAAM setup equipped with a thermostatic water-cooling system was employed to achieve rapid interlayer cooling.",selected_images/img1370.jpg,"[{""x"":0.5194820441178196,""y"":0,""width"":98.52842770101313,""height"":49.237170596393895,""rotation"":0,""rectanglelabels"":[""A""],""original_width"":1654,""original_height"":2065},{""x"":0.34632136274521313,""y"":49.79195561719833,""width"":48.13866942158462,""height"":19.694868238557568,""rotation"":0,""rectanglelabels"":[""B""],""original_width"":1654,""original_height"":2065},{""x"":49.17763350982026,""y"":49.65325936199723,""width"":50.21659759805592,""height"":19.972260748959783,""rotation"":0,""rectanglelabels"":[""C""],""original_width"":1654,""original_height"":2065},{""x"":0,""y"":69.76421636615811,""width"":49.17763350982026,""height"":30.23578363384189,""rotation"":0,""rectanglelabels"":[""D""],""original_width"":1654,""original_height"":2065},{""x"":49.69711555393809,""y"":70.18030513176144,""width"":50.30288444606191,""height"":29.819694868238557,""rotation"":0,""rectanglelabels"":[""E""],""original_width"":1654,""original_height"":2065}]"
img1375,WAAM-fabricated hollow and non-standard sections: (a)WAAM 308LSi stainless circular hollow sections [ 68 ]; (b) tubular sandwich circular sections [ 12 ]; (c) 308LSi stainless steel irregular hollow sections [ 11 ]; (d) 308LSi stainless steel equal angle sections [ 124 ]; (e) Stainless Channel sections [ 125 ]; (f) ER-110S Cruciform Section [ 102 ].,"Laghi et al. [ 68 ] and Huang et al. [ 126 ] confirmed through both testing and simulation that conventional design rules overestimate the capacity of slender WAAM CHS, especially in cases where local buckling governs, as shown in Fig.19 (a) . || These multi-wall tubular forms leverage the design flexibility of WAAM to distribute material more efficiently [ 12 ], as shown in Fig.19 (b). || The structural forms of complex joints and non-standard profiles are shown in Fig.19 (c-f).",selected_images/img1375.jpg,"[{""x"":0.15801570580348592,""y"":0.7496251874062968,""width"":21.569143842175826,""height"":54.2728635682159,""rotation"":0,""rectanglelabels"":[""A""],""original_width"":1816,""original_height"":957},{""x"":0.23702355870522887,""y"":55.62218890554723,""width"":21.09509672476537,""height"":43.778110944527725,""rotation"":0,""rectanglelabels"":[""B""],""original_width"":1816,""original_height"":957},{""x"":22.517238076996744,""y"":0.4497751124437781,""width"":53.7253399731852,""height"":54.872563718140924,""rotation"":0,""rectanglelabels"":[""C""],""original_width"":1816,""original_height"":957},{""x"":22.438230224094998,""y"":56.37181409295352,""width"":53.646332120283475,""height"":42.72863568215892,""rotation"":0,""rectanglelabels"":[""D""],""original_width"":1816,""original_height"":957},{""x"":76.63761731469066,""y"":0.5997001499250375,""width"":23.362382685309342,""height"":55.0224887556222,""rotation"":0,""rectanglelabels"":[""E""],""original_width"":1816,""original_height"":957},{""x"":77.03265657919938,""y"":56.37181409295352,""width"":22.201206665389776,""height"":43.02848575712144,""rotation"":0,""rectanglelabels"":[""F""],""original_width"":1816,""original_height"":957}]"
img1385,COMSOL Simulation of Electrical Stimulation Effects. a) Simulation model. b) Single pulse voltage applied during electrical stimulation. c) Electric field strength distribution from 0 to 49 μs. d) Electric field strength distribution from 10 to 110 μs. e) Three-dimensional electric potential distribution from 10 to 110 μs. f) Electric field strength distribution from 110 to 10010 μs.,"The constructed simulation model is shown in Fig. 3 a. || The waveform of the applied single pulse voltage is shown in Fig. 3 b. || During the 0–10 μs time period, no voltage is applied, and the electric potential throughout the model is zero, as shown in Fig. 3 c. || The electric field distribution within the model stabilizes during this period. Fig. 3 d shows the electric field intensity distribution. || The electric field intensity is primarily concentrated around the electrode, the scaffold, and the needle. Fig. 3 e presents a three-dimensional plot of the potential distribution, while Fig. S7 a-c show the potential distribution in the x-y, y-z and x-z cross-sections, respectively.",selected_images/img1385.jpg,"[{""x"":0,""y"":0.5645184098778601,""width"":41.943127962085306,""height"":46.85502801986238,""rotation"":0,""rectanglelabels"":[""A""],""original_width"":3493,""original_height"":1955},{""x"":42.49605055292259,""y"":0.14112960246946502,""width"":31.04265402843601,""height"":50.524397684068475,""rotation"":0,""rectanglelabels"":[""B""],""original_width"":3493,""original_height"":1955},{""x"":74.48657187993682,""y"":0.4233888074083951,""width"":25.355450236966803,""height"":49.95987927419061,""rotation"":0,""rectanglelabels"":[""C""],""original_width"":3493,""original_height"":1955},{""x"":0,""y"":54.19376734827457,""width"":31.911532385466035,""height"":45.80623265172543,""rotation"":0,""rectanglelabels"":[""D""],""original_width"":3493,""original_height"":1955},{""x"":32.38546603475513,""y"":54.476026553213494,""width"":33.17535545023697,""height"":45.523973446786506,""rotation"":0,""rectanglelabels"":[""E""],""original_width"":3493,""original_height"":1955},{""x"":66.58767772511848,""y"":53.91150814333564,""width"":33.41232227488152,""height"":46.08849185666436,""rotation"":0,""rectanglelabels"":[""F""],""original_width"":3493,""original_height"":1955}]"
img1403,"(A) Thermogravimetric analysis (TGA) curves for PCL, showing the weight loss profile with increasing temperature. (B) Fourier-transform infrared spectroscopy (FTIR) spectra of pure PCL and PCL/BT composites with varying BaTiO₃ concentrations. (C) and (D) Results of conductivity measurements and current-voltage (I- V ) curves. (E) Rheological results of pure PCL and PCL/BT composites with varying BaTiO 3 concentrations, viscosity changes with shear rate. (F) X-ray diffraction (XRD) patterns of BaTiO₃, pure PCL, and PCL/BT composites, illustrating the crystalline structure and the integration of BaTiO₃ into the PCL matrix. Frequency-dependent dielectric properties of PCL, PCL/10BT and PCL/20BT, include (G) Real permittivity (ε') vs. frequency; (H) imaginary permittivity (ε″) vs. frequency; (I) AC conductivity (σ_ac) vs. frequency ( n = 1).","The total weight loss by 600 °C was approximately 98 %, confirming that PCL primarily consists of thermally unstable components ( Fig. 1 A ). || The FTIR spectra of pristine PCL and its composites exhibited distinct characteristic IR bands that confirm the successful incorporation of BaTiO 3 in the PCL polymer matrix ( Fig. 1 B). || As shown in Table 1 and Fig. 1 C&D, the DC four-probe data exhibit a numerical decrease in resistivity and a corresponding numerical increase in conductivity with increasing BaTiO₃ content. || Frequency-dependent permittivity and alternating current (AC) conductivity are shown in Fig. 1 G–I and Table S1. || As shown in Fig. 1 G-I, the AC conductivity (σ_ac) decreased by several orders of magnitude, with increasing frequency (ε', ε″), converging to polymer-dominated values (∼0.25 for ε') at frequencies above 100 kHz.",selected_images/img1403.jpg,"[{""x"":0.32628206105214536,""y"":1.1095700416088765,""width"":29.691667555745223,""height"":28.43273231622746,""rotation"":0,""rectanglelabels"":[""A""],""original_width"":3549,""original_height"":2783},{""x"":30.452992364866898,""y"":1.3869625520110958,""width"":31.323077861005952,""height"":35.228848821081826,""rotation"":0,""rectanglelabels"":[""B""],""original_width"":3549,""original_height"":2783},{""x"":0.32628206105214536,""y"":29.958391123439664,""width"":29.474146181710463,""height"":23.162274618585297,""rotation"":0,""rectanglelabels"":[""C""],""original_width"":3549,""original_height"":2783},{""x"":0.10876068701738176,""y"":53.25936199722607,""width"":29.909188929779987,""height"":19.140083217753123,""rotation"":0,""rectanglelabels"":[""D""],""original_width"":3549,""original_height"":2783},{""x"":0.32628206105214536,""y"":72.5381414701803,""width"":29.691667555745223,""height"":26.907073509015248,""rotation"":0,""rectanglelabels"":[""E""],""original_width"":3549,""original_height"":2783},{""x"":30.344231677849542,""y"":36.89320388349517,""width"":31.32307786100592,""height"":62.13592233009712,""rotation"":0,""rectanglelabels"":[""F""],""original_width"":3549,""original_height"":2783},{""x"":62.10235228692501,""y"":0.832177531206658,""width"":37.19615495994451,""height"":34.6740638002774,""rotation"":0,""rectanglelabels"":[""G""],""original_width"":3549,""original_height"":2783},{""x"":62.21111297394235,""y"":35.78363384188626,""width"":37.41367633397932,""height"":28.848821081830796,""rotation"":0,""rectanglelabels"":[""H""],""original_width"":3549,""original_height"":2783},{""x"":62.31987366095974,""y"":64.77115117891815,""width"":37.63119770801408,""height"":34.951456310679596,""rotation"":0,""rectanglelabels"":[""I""],""original_width"":3549,""original_height"":2783}]"
img1409,"SEM images of a sample (same area) before washing with distilled water, under SE and BSE mode (a. and b. respectively), scale bars are 20 μm. Elemental analysis using EDS on different areas when c. area of neat polymer, d. an area containing a salt crystal and e. INT-WS 2 .","In order to verify this claim, SEM images and elemental analysis using energy-dispersive X-ray spectroscopy (EDS) were performed on the surface of an unwashed sample ( Fig. 2 ) for comparison with the sample after the washing processes ( Fig. 3 ). Fig. 2 b displays an image in BSE mode, therefore heavy elements will appear brighter in contrast. || Spot 1 measurement in Fig. 2 c shows only the polymer matrix, indicating the presence of carbon and oxygen, which are the elements that compose the PLA molecule. || The remaining two peaks in the spectrum of Fig. 2 c are attributed to gold and palladium, which emerge from the thin coatings that were applied to enhance the conductivity of the nanocomposite polymer samples. || The EDS spectrum in Fig. 2 d from spot 2 on one of the squares, shows two main peaks corresponding to the elements Na and Cl, also known as table salt. i.e. The square-shaped crystals are the salt that crystallized on the surface of the sample during submersion in PBS. || Elemental analysis of spot 3 measurement performed on one of the needle shapes, reveals in the spectrum of Fig. 2 e peaks of tungsten and sulfur, proving the presence of INT-WS 2 in the polymer matrix and explaining the shape of the observed needles which are their typical shape as seen in past studies within PLA [78,79] .",selected_images/img1409.jpg,"[{""x"":13.577942499292817,""y"":0.13869625520110956,""width"":35.62213149814468,""height"":53.25936199722607,""rotation"":0,""rectanglelabels"":[""A""],""original_width"":1417,""original_height"":816},{""x"":49.67929549741254,""y"":0.13869625520110956,""width"":35.62213149814468,""height"":53.25936199722607,""rotation"":0,""rectanglelabels"":[""B""],""original_width"":1417,""original_height"":816},{""x"":0,""y"":54.23023578363384,""width"":33.0662834982778,""height"":45.63106796116505,""rotation"":0,""rectanglelabels"":[""C""],""original_width"":1417,""original_height"":816},{""x"":33.305894248265325,""y"":53.95284327323162,""width"":33.226023998269476,""height"":46.04715672676838,""rotation"":0,""rectanglelabels"":[""D""],""original_width"":1417,""original_height"":816},{""x"":66.931269496514,""y"":53.81414701803051,""width"":33.068730503485995,""height"":46.18585298196949,""rotation"":0,""rectanglelabels"":[""E""],""original_width"":1417,""original_height"":816}]"
img1410,a. SEM image using SE detector of a cross section after washing with distilled water and performing tensile test. b. Insert SEM image in SE mode presenting the spots for elemental analysis spectrum using EDS on two main areas. (a. and b. in scale bars of 300 μm and 20 μm respectively) c. area of neat PLA and d. salt crystal.,"In order to verify this claim, SEM images and elemental analysis using energy-dispersive X-ray spectroscopy (EDS) were performed on the surface of an unwashed sample ( Fig. 2 ) for comparison with the sample after the washing processes ( Fig. 3 ). Fig. 2 b displays an image in BSE mode, therefore heavy elements will appear brighter in contrast. || The SEM images and EDS spectrums are presented in Fig. 3 . || Such a cube is shown in Fig. 3 b, on which two spots were tested using EDS, one on an area free of particles and the other on the cube-shaped object. || Fig. 3 c presents the EDS spectrum of spot 1, an area free of particles, as previously described, and confirms that the area in question consists solely of a polymer matrix. || Spot 2, whose spectrum is displayed in Fig. 3 d, was performed on a cube-shaped object and indeed presented peaks of sodium and chlorine, indicating that it is a salt crystal.",selected_images/img1410.jpg,"[{""x"":0.36064889757725843,""y"":0.5547850208044383,""width"":48.92803377131473,""height"":49.65325936199723,""rotation"":0,""rectanglelabels"":[""A""],""original_width"":2154,""original_height"":1867},{""x"":50.37062936162376,""y"":0,""width"":48.92803377131472,""height"":50.624133148404994,""rotation"":0,""rectanglelabels"":[""B""],""original_width"":2154,""original_height"":1867},{""x"":0.36064889757725843,""y"":51.17891816920943,""width"":49.16846636969957,""height"":48.543689320388346,""rotation"":0,""rectanglelabels"":[""C""],""original_width"":2154,""original_height"":1867},{""x"":50.37062936162376,""y"":51.04022191400832,""width"":49.048250070507144,""height"":48.543689320388346,""rotation"":0,""rectanglelabels"":[""D""],""original_width"":2154,""original_height"":1867}]"
img1423,"Microscopic images of (a,c) nanocellulose solvent-cast membranes and (b,d) electrospun nanocellulose composite membranes taken at (a,b,d) low and (c) high magnification.","Individual fibres were not observable in electrospun membranes, which were characterized by the presence of a microfibre meshwork with individual fibres measuring 3.3 ± 1.1 μm in diameter ( Fig. 2 ). || At higher magnification ( Fig. 2 c), individual fibres were observed to have relatively rough surfaces with multiple pores ranging from 19 to 92 in diameter. || In regions of the fibrous network, bead-like structures were also visible ( Fig. 2 d).",selected_images/img1423.jpg,"[{""x"":0.3133198536169644,""y"":0.4160887656033287,""width"":49.19121701786341,""height"":49.09847434119279,""rotation"":0,""rectanglelabels"":[""A""],""original_width"":1660,""original_height"":1250},{""x"":50.65337633474258,""y"":0.27739251040221913,""width"":49.295656969069064,""height"":48.68238557558946,""rotation"":0,""rectanglelabels"":[""B""],""original_width"":1660,""original_height"":1250},{""x"":0.20887990241130963,""y"":50.90152565880721,""width"":49.295656969069064,""height"":49.09847434119279,""rotation"":0,""rectanglelabels"":[""C""],""original_width"":1660,""original_height"":1250},{""x"":50.548936383536926,""y"":50.624133148404994,""width"":49.40009692027472,""height"":49.375866851595006,""rotation"":0,""rectanglelabels"":[""D""],""original_width"":1660,""original_height"":1250}]"
img1437,"Schematic overview and microscopic analysis of the fabrication process for grooved rod microgels using a 3D printed microfluidic device. (A) The diagram illustrates the creation of rod droplets, their journey through a template channel with temporary grooves at 37 °C, followed by cooling at 10 °C to solidify these grooves, ultimately producing grooved rod microgels. The series of SEM images below detail the microgels at various stages, showing the transition from smooth surfaces (B) to grooved structures (C and D) as the microgels traverse the template channel and cooling area, solidifying the grooved patterns. SEM images E-G show the variation in groove density and patterns formed under number of template grooves (scale bars: 200 μm). (H) immunofluorescence staining of nuclei and cytoskeleton of C2C12 cells with DAPI (blue) and phalloidin (green) on smooth and grooved rod microgels after 7 days of culture respectively. (I and J) Quantified aspect ratios of nuclei and cells growing on the surfaces of smooth and grooved rod microgels. (K) Three regions of interest (ROI), top, center, and bottom were analyzed to quantify cellular orientation on smooth and grooved rod microgels. RVL values for each ROI on smooth and grooved rod microgels, showing significantly higher cellular alignment induced by surface micropatterns compared to smooth surfaces. Two-tailed unpaired t-tests revealed significant differences in cell aspect ratio (t(606) = 8.12, P < 0.0001; n = 323 vs. 285; η 2 = 0.10) and nuclei aspect ratio (t(381) = 4.20, P < 0.0001; n = 221 vs. 160; η 2 = 0.04), indicating moderate-to-large and small-to-moderate effect sizes, respectively; additionally, Two-way ANOVA demonstrated a significant main effect of the row factor on resultant vector length (F(1,12) = 83.79, P < 0.0001, ω 2 p = 0.86; n = 3 per group), while the column factor (P = 0.0558) and interaction (P = 0.8594) were not significant. Schematics were created and assembled in Biorender. For interpretation of the references to color in this figure legend, the reader is referred to the Web version of this article.","In this study, we created microgrooves on rod-shaped microgels by employing an in-situ micropatterning technique, which transferred microtopographic features from the inner surface of a channel directly onto the microgels ( Fig. 4 A). || The final microgels exhibited consistent grooves, with average ridge widths of 61.5 ± 4.5 μm as confirmed by scanning electron microscopy (SEM) ( Fig. 4 C and D) as compared to smooth microgels ( Fig. 4 B). || Our approach enabled controlling the groove density with 4, 6, or 12 grooves per particle ( Fig. 4 E–G and Figure S10 A ). || High-resolution tile scan confocal imaging was performed after immunofluorescent staining with DAPI and phalloidin to visualize nuclear and cytoskeletal morphology, respectively ( Fig. 4 H and Figure S11 B and C ). || Quantitative image analysis revealed that the average nuclear aspect ratio increased from 1.33 ± 0.08 (smooth) to 1.63 ± 0.11 (grooved), while the mean cell aspect ratio increased from 1.98 ± 0.14 to 2.86 ± 0.18, indicating enhanced elongation of both nuclei and cytoskeleton in response to topographical guidance (p < 0.0116 for nuclei, n = 161, p < 0.0001 for cytoskeleton, n = 285) ( Fig. 4 I and J).",selected_images/img1437.jpg,"[{""x"":0.8019808309896104,""y"":0.8321775312066565,""width"":63.08915870451622,""height"":29.680998613037445,""rotation"":0,""rectanglelabels"":[""A""],""original_width"":3059,""original_height"":2948},{""x"":0.6683173591580107,""y"":32.87101248266297,""width"":19.78219383107712,""height"":12.62135922330097,""rotation"":0,""rectanglelabels"":[""B""],""original_width"":3059,""original_height"":2948},{""x"":22.32179979587756,""y"":33.14840499306519,""width"":20.183184246571926,""height"":12.898751733703186,""rotation"":0,""rectanglelabels"":[""C""],""original_width"":3059,""original_height"":2948},{""x"":44.24260917626031,""y"":32.73231622746186,""width"":19.64853035924552,""height"":14.00832177531207,""rotation"":0,""rectanglelabels"":[""D""],""original_width"":3059,""original_height"":2948},{""x"":0.8019808309896129,""y"":47.8502080443828,""width"":19.648530359245516,""height"":13.03744798890429,""rotation"":0,""rectanglelabels"":[""E""],""original_width"":3059,""original_height"":2948},{""x"":22.054472852214353,""y"":47.988904299583915,""width"":20.183184246571926,""height"":14.147018030513166,""rotation"":0,""rectanglelabels"":[""F""],""original_width"":3059,""original_height"":2948},{""x"":43.97528223259711,""y"":48.12760055478502,""width"":19.91585730290872,""height"":13.314840499306513,""rotation"":0,""rectanglelabels"":[""G""],""original_width"":3059,""original_height"":2948},{""x"":0.5346538873264086,""y"":62.69070735090153,""width"":99.46534611267359,""height"":37.30929264909847,""rotation"":0,""rectanglelabels"":[""H""],""original_width"":3059,""original_height"":2948},{""x"":65.76242814114825,""y"":1.3869625520110958,""width"":16.574270507118683,""height"":34.67406380027739,""rotation"":0,""rectanglelabels"":[""I""],""original_width"":3059,""original_height"":2948},{""x"":82.60402559193012,""y"":1.6643550624133148,""width"":17.395974408069875,""height"":33.980582524271846,""rotation"":0,""rectanglelabels"":[""J""],""original_width"":3059,""original_height"":2948},{""x"":66.16341855664307,""y"":36.615811373092924,""width"":33.836581443356934,""height"":17.337031900138697,""rotation"":0,""rectanglelabels"":[""K""],""original_width"":3059,""original_height"":2948}]"
img1448,"Coculture of satellite cells and HUVECs within printed constructs promotes myotube formation and endothelial network integration: (A) Immunofluorescent images showing staining of laminin (green), Pax7 (Red), and DAPI (blue) for satellite cells; (B) and CD31 (green) with DAPI (blue) for HUVECs in cocultured G3D3 printed constructs at day 7 in proliferation media. (C) Confocal images showing co-staining of MHC (green), CD31 (red), and DAPI (blue) at day 14 in differentiation media, indicating myotube formation and endothelial network integration. Quantification of myotube (D) length (n = 4, P = 0.1), (E) area (n = 4, ∗P = 0.06) and (F) diameter (n = 4, ∗P = 0.02) (all in μm). (For interpretation of the references to colour in this figure legend, the reader is referred to the Web version of this article.)","Constructs were stained with laminin, Pax7, and DAPI to confirm the presence and localization of satellite cells, and with CD31 and DAPI to visualize endothelial cells ( Fig. 8 , A). || Staining cells with CD31 and DAPI showed the presence of viable endothelial cells integrated within the matrix ( Fig. 8 , B). || At day 14, the IF staining results revealed the formation of MHC positive myotubes aligned within the constructs, along with interconnected CD31 positive endothelial networks ( Fig. 8 , C). || Quantitative analysis revealed a 65% ± 5 myotube formation efficiency in cocultures, significantly higher than the 53% ± 4 observed in constructs seeded only with HSkMCs (p < 0.05, n = 4) ( Fig. 8 D–F).",selected_images/img1448.jpg,"[{""x"":0.9443935186293106,""y"":6.38002773925104,""width"":31.58471656749139,""height"":42.16366158113731,""rotation"":0,""rectanglelabels"":[""A""],""original_width"":2666,""original_height"":2017},{""x"":34.312964510198285,""y"":6.51872399445215,""width"":31.689649180672433,""height"":41.74757281553398,""rotation"":0,""rectanglelabels"":[""B""],""original_width"":2666,""original_height"":2017},{""x"":66.94700720950001,""y"":6.38002773925104,""width"":33.052992790499985,""height"":42.302357836338416,""rotation"":0,""rectanglelabels"":[""C""],""original_width"":2666,""original_height"":2017},{""x"":0.20986522636206903,""y"":50.90152565880721,""width"":30.430457822499996,""height"":49.09847434119277,""rotation"":0,""rectanglelabels"":[""D""],""original_width"":2666,""original_height"":2017},{""x"":31.164986114767252,""y"":50.20804438280167,""width"":34.417897123379326,""height"":49.79195561719833,""rotation"":0,""rectanglelabels"":[""E""],""original_width"":2666,""original_height"":2017},{""x"":66.21247891723277,""y"":49.65325936199723,""width"":33.78752108276723,""height"":50.34674063800277,""rotation"":0,""rectanglelabels"":[""F""],""original_width"":2666,""original_height"":2017}]"
img1451,,,selected_images/img1451.jpg,"[{""x"":8.360302049622439,""y"":0.8321775312066574,""width"":88.47986335850415,""height"":16.920943134535367,""rotation"":0,""rectanglelabels"":[""A""],""original_width"":864,""original_height"":1085},{""x"":0.6966918374685365,""y"":19.83356449375867,""width"":45.45914239482201,""height"":27.04576976421637,""rotation"":0,""rectanglelabels"":[""B""],""original_width"":864,""original_height"":1085},{""x"":47.37504494786048,""y"":19.27877947295423,""width"":52.62495505213952,""height"":28.294036061026357,""rotation"":0,""rectanglelabels"":[""C""],""original_width"":864,""original_height"":1085},{""x"":0.6966918374685365,""y"":48.821081830790575,""width"":99.30330816253145,""height"":28.57142857142861,""rotation"":0,""rectanglelabels"":[""D""],""original_width"":864,""original_height"":1085},{""x"":0.34834591873426823,""y"":77.94729542302358,""width"":99.65165408126573,""height"":22.052704576976424,""rotation"":0,""rectanglelabels"":[""E""],""original_width"":864,""original_height"":1085}]"
img1452,Design and fabrication of Origami-structure. a) Origami structure design. b) Sucker design. c) Design of through-holes in sucker. d) Photograph of FDM-printed origami-structure with Ecoflex-30 coating. e) Attachment time as a function of number of layers and sucker diameter. Photograph showing f) front and g) side views of Ecoflex-coated origami-structure attached to Subject C forehead after 40 min. h) FEA simulation of strain localization under 5N static load.,"Although our previous 3D-printed Leech-Inspired Origami design optimized the structure to six triangles per layer with α = 30°, β = 40°, a = 15.5 mm, and b = 11.5 mm to achieve gradual and complete collapse during compression ( Fig. 1 a tube), ( Kim et al., 2022 ) it lacked self-adhesion, relied on costly and unsustainable silver inks, and showed unclear long-term mechanical robustness. || Thus, to ensure self-adhesive, we redesigned the structure with two components: a non-auxetic origami tube and a revolved 3D dome-shaped sucker ( Fig. 1 a). || Design parameters of the sucker are detailed in Fig. 1 b. || Before Ecoflex coating, we used a 1-mm-diameter soldering iron tip to generate two rows of 26 through-holes on the sucker to further improve adhesion between hydrophobic Ecoflex and the TPU substrate without compromising mechanical integrity ( Fig. 1 c– S1 ) ( Guidoti et al., 2024 ). Fig. 1 d shows the final fabricated structure. || Testing on three volunteers (1 female and 2 males) showed attachment time increased from 10 ± 3 min to 40 ± 6 min as the sucker diameter increased from 30 mm to 40 mm for two layers, and decreased from 40 ± 6 min to 25 ± 3 min as the number of layers increased from two layers to three ( Fig. 1 e).",selected_images/img1452.jpg,"[{""x"":2.7980461918832544,""y"":0.6934812760055479,""width"":29.02972924078876,""height"":30.929264909847436,""rotation"":0,""rectanglelabels"":[""A""],""original_width"":3059,""original_height"":3857},{""x"":1.2241452089489238,""y"":33.00970873786408,""width"":47.042151601037205,""height"":36.1997226074896,""rotation"":0,""rectanglelabels"":[""B""],""original_width"":3059,""original_height"":3857},{""x"":32.52728698064283,""y"":0.5547850208044383,""width"":37.24898992944583,""height"":30.513176144244103,""rotation"":0,""rectanglelabels"":[""C""],""original_width"":3059,""original_height"":3857},{""x"":70.65066634505214,""y"":0.13869625520110956,""width"":29.349333654947824,""height"":31.622746185852986,""rotation"":0,""rectanglelabels"":[""D""],""original_width"":3059,""original_height"":3857},{""x"":49.14068624494965,""y"":33.42579750346741,""width"":50.85931375505035,""height"":33.70319001386963,""rotation"":0,""rectanglelabels"":[""E""],""original_width"":3059,""original_height"":3857},{""x"":1.2241452089489238,""y"":70.31900138696255,""width"":30.078996562744983,""height"":29.403606102635223,""rotation"":0,""rectanglelabels"":[""F""],""original_width"":3059,""original_height"":3857},{""x"":32.70216486763553,""y"":70.31900138696255,""width"":29.02972924078876,""height"":29.126213592233,""rotation"":0,""rectanglelabels"":[""G""],""original_width"":3059,""original_height"":3857},{""x"":62.956039317373204,""y"":68.79334257975034,""width"":37.04396068262677,""height"":31.206657420249616,""rotation"":0,""rectanglelabels"":[""H""],""original_width"":3059,""original_height"":3857}]"
img1453,"Fabrication of origami-structured ECG electrode using SGC ink. (a) Photograph of the prepared Shellac-Graphite Conductive (SGC) ink. Electrical conductivity of SGC ink as a function of the percentage of (b) graphite flake, (c) shellac, and (d) CNF. (e) Illustration of the fabrication process to deposit SGC ink onto the Ecoflex-30 coated origami structure using DIW. (f) Photograph of completed origami structured ECG sensor. Inset: Origami sensor self-adhered to a palm for over 30 min.","We prepared SGC inks by fully dissolving shellac flakes in ethanol at 55 °C, followed by dispersing ECOSURF-EH9 surfactant, carbon black, graphite flakes, and CNFs to achieve a viscos paste suitable for Direct Ink Writing (DIW) printing ( Fig. 2 a). || As shown in Fig. 2 b, increasing graphite flakes from 15 % to 30 % significantly enhanced conductivity, with negligible improvement beyond 30 %, likely due to voids between flakes being filled by carbon black and maximizing conductive pathways ( Fig. S3 ). || Subsequently, conductivity increased as shellac content increased from 3 % to 6 %, followed by a decline likely due to disruption of the conductive network ( Fig. 2 c), establishing 6 % shellac as optimal. || Maximum conductivity (5681 ± 122.5 S/m) occurred at 1 w/w% CNF ( Fig. 2 d), comparable with previous reports ( Pan et al., 2018 ; Poulin et al., 2021 ; He et al., 2019 ; Secor et al., 2013 ). || To overcome this, we first printed the conductive SGC ink onto a flat, pre-fabricated, ring-shaped, 1-mm thick Ecoflex layer, annealed it at 100 °C for 20 min, then boned it to the sucker using a brush-coated uncured Ecoflex coating as an interfacial adhesive ( Fig. 2 e).",selected_images/img1453.jpg,"[{""x"":0.1019131737857728,""y"":0.9708737864077669,""width"":15.490802415437466,""height"":31.067961165048548,""rotation"":0,""rectanglelabels"":[""A""],""original_width"":3058,""original_height"":2247},{""x"":16.204194631937874,""y"":0.5547850208044383,""width"":26.599338358086698,""height"":34.25797503467407,""rotation"":0,""rectanglelabels"":[""B""],""original_width"":3058,""original_height"":2247},{""x"":42.905446163810346,""y"":0.6934812760055479,""width"":26.905077879444015,""height"":34.11927877947296,""rotation"":0,""rectanglelabels"":[""C""],""original_width"":3058,""original_height"":2247},{""x"":70.32008991218322,""y"":0.5547850208044383,""width"":29.2490808765168,""height"":34.39667128987517,""rotation"":0,""rectanglelabels"":[""D""],""original_width"":3058,""original_height"":2247},{""x"":0.2038263475715456,""y"":39.25104022191401,""width"":70.7277426073263,""height"":58.529819694868266,""rotation"":0,""rectanglelabels"":[""E""],""original_width"":3058,""original_height"":2247},{""x"":72.05261386654136,""y"":38.55755894590846,""width"":27.947386133458636,""height"":61.44244105409154,""rotation"":0,""rectanglelabels"":[""F""],""original_width"":3058,""original_height"":2247}]"
img1454,Preparation of the ECG chest strip and monitoring of ECG signals. (a) SolidWorks design and (b) Photograph of the fabricated ECG sensor integrated into the wearable strip. (c) Photograph of Subject A wearing the system during ECG measurement. ECG signals recorded (d) at rest and (e) while running using Origami sensing system. (f) Photograph of Subject A taking ECG measurements using a commercial ECG sensing system. ECG signals recorded (g) at rest and (h) while running using commercial ECG sensing system. (i) Comparison of ECG monitoring results using origami ECG sensor and commercial gel electrodes. (j) Delamination of the commercial gel electrodes from the chest after a third measurement.,"To simplify attachment, we integrated the origami ECG sensor into a wearable fabric strip that fits securely around the chest ( Fig. 3 a). || The three-lead origami sensor includes ground, left, and right leads from top to bottom ( Fig. 3 b). || Subjects simply wore the strip and fastened the adjustable buckles, pressing the origami sensor firmly against the chest to ensure proper skin contact ( Fig. 3 c). || We connected it to a customized ECG monitoring controller ( Fig. S9 ) via snap buttons (red box Fig. 3 b), and recorded signals during nine 1-h rest sessions ( Fig. 3 d) and six 20-min running sessions ( Fig. 3 e). || This origami sensor detected clear differences in heart rhythm between resting and running, with increased R-wave amplitude (0.84–1.12 mV), elevated heart rate (75–131 bpm), and decreased QRS (95–88 ms) and QT/QTC intervals (362/404 to 298/440 ms) during running compared to rest ( Fig. 3 d–e,i).",selected_images/img1454.jpg,"[{""x"":1.0582097244150437,""y"":0.4160887656033284,""width"":31.95793367733435,""height"":25.658807212205264,""rotation"":0,""rectanglelabels"":[""A""],""original_width"":2371,""original_height"":3618},{""x"":35.76748868522853,""y"":0.9708737864077669,""width"":30.47644006315329,""height"":25.38141470180305,""rotation"":0,""rectanglelabels"":[""B""],""original_width"":2371,""original_height"":3618},{""x"":0.42328388976601805,""y"":26.768377253814148,""width"":32.16957562221737,""height"":24.13314840499306,""rotation"":0,""rectanglelabels"":[""C""],""original_width"":2371,""original_height"":3618},{""x"":33.86271118128145,""y"":27.045769764216367,""width"":65.8206448586158,""height"":11.511789181692095,""rotation"":0,""rectanglelabels"":[""D""],""original_width"":2371,""original_height"":3618},{""x"":34.07435312616446,""y"":38.83495145631065,""width"":65.39736096884975,""height"":12.621359223300999,""rotation"":0,""rectanglelabels"":[""E""],""original_width"":2371,""original_height"":3618},{""x"":0.21164194488300903,""y"":51.59500693481276,""width"":32.16957562221737,""height"":24.410540915395288,""rotation"":0,""rectanglelabels"":[""F""],""original_width"":2371,""original_height"":3618},{""x"":34.49763701593046,""y"":52.01109570041608,""width"":65.39736096884982,""height"":12.066574202496533,""rotation"":0,""rectanglelabels"":[""G""],""original_width"":2371,""original_height"":3618},{""x"":33.43942729151543,""y"":64.49375866851595,""width"":66.45557069326483,""height"":11.650485436893206,""rotation"":0,""rectanglelabels"":[""H""],""original_width"":2371,""original_height"":3618},{""x"":0.6349258346490271,""y"":77.53120665742024,""width"":98.83678826036521,""height"":22.468793342579758,""rotation"":0,""rectanglelabels"":[""I""],""original_width"":2371,""original_height"":3618},{""x"":68.78363208697795,""y"":0.9708737864077671,""width"":30.899723952919306,""height"":25.104022191400837,""rotation"":0,""rectanglelabels"":[""J""],""original_width"":2371,""original_height"":3618}]"
img1455,"ECG classification using scalograms and CNN. Raw ECG signals for (a) normal, and (b) unknown arrhythmia. (c) Segmentation of raw data into 800 points and conversion to scalogram images via CWT. Typical scalograms from (d) normal and (e) arrhythmia. (f) CNN feature extraction process. (g) Classification results by confusion matrix, accuracy, precision, recall, F1 score.","We tested ECG signals from three volunteers—one female with an unspecified arrhythmia and two males without known cardiac conditions—and used scalogram images for classification. Fig. 4 a exhibits a clear and regular sinus rhythm with distinct P waves, QRS complexes, and T waves at consistent intervals. || In contrast, Fig. 4 b presents an irregular rhythm suggestive of arrhythmia: The P waves are less discernible, and the overall pattern lacks the organized structure of normal ECG signals, typical for arrhythmia with a disrupted electrical conduction. || Although Fig. 4 b cannot reveal the specific arrhythmia type alone, the deviation from the normal pattern underscores abnormal cardiac electrical activity. || Further analysis, including systematic comparison with other types of arrythmia signals, would be needed to diagnose the specific type of arrhythmia in Fig. 4 b. || We first transformed 1D ECG signals into 2D scalogram images using CWT to capture the non-stationary and non-linear ECG signals ( Fig. 4 c).",selected_images/img1455.jpg,"[{""x"":1.1137583141236604,""y"":0,""width"":48.44848666437919,""height"":16.366158113730943,""rotation"":0,""rectanglelabels"":[""A""],""original_width"":1722,""original_height"":3457},{""x"":50.67600329262655,""y"":0.27739251040221913,""width"":49.32399670737345,""height"":16.22746185852982,""rotation"":0,""rectanglelabels"":[""B""],""original_width"":1722,""original_height"":3457},{""x"":0.2784395785309151,""y"":17.05963938973648,""width"":99.72156042146908,""height"":16.36615811373093,""rotation"":0,""rectanglelabels"":[""C""],""original_width"":1722,""original_height"":3457},{""x"":0.8353187355927452,""y"":33.70319001386963,""width"":49.00536582144105,""height"":18.16920943134535,""rotation"":0,""rectanglelabels"":[""D""],""original_width"":1722,""original_height"":3457},{""x"":50.397563714095625,""y"":33.70319001386963,""width"":49.602436285904375,""height"":17.753120665742017,""rotation"":0,""rectanglelabels"":[""E""],""original_width"":1722,""original_height"":3457},{""x"":0.2784395785309151,""y"":52.56588072122052,""width"":99.72156042146908,""height"":24.68793342579751,""rotation"":0,""rectanglelabels"":[""F""],""original_width"":1722,""original_height"":3457},{""x"":0.5568791570618302,""y"":77.53120665742024,""width"":99.44312084293817,""height"":22.468793342579758,""rotation"":0,""rectanglelabels"":[""G""],""original_width"":1722,""original_height"":3457}]"
img1456,"Classification of unknown arrhythmia via transfer learning. Scalogram images of normal ECG from Subject A using (a) wearable origami sensor and (b) commercial Ag/AgCl electrode (open-source, 10,646 patients) ( Zheng et al., 2020 ). (c–l) Scalograms of 10 arrhythmia types from open-source Ag/AgCl ECG data. (m) Confusion matrix of the ECG classification. (n) Prediction of unknown arrhythmia type using transfer learning.","To validate this method, we compared scalogram images of normal sinus rhythms from our volunteers with those from the public dataset ( Fig. 5 a and b). || Once validated, we converted raw ECG data from the open-source dataset into scalogram images and classified them using the customized CNN. Fig. 5 b–l shows representative scalogram images for each of the eleven categories (one normal and ten arrhythmias), while Fig. 5 m and n indicate the corresponding CNN training results. || When presented with the unclassified scalogram image from Fig. 4 b, the model successfully identified it as SI ( Fig. 5 o), demonstrating its diagnostic capability and potential for clinical diagnostic use.",selected_images/img1456.jpg,"[{""x"":3.991805210142981e-16,""y"":66.99029126213605,""width"":99.99999999999987,""height"":33.00970873786395,""rotation"":0,""rectanglelabels"":[""M""],""original_width"":2799,""original_height"":4535},{""x"":0,""y"":0.13869625520110956,""width"":32.80892373390735,""height"":15.9500693481276,""rotation"":0,""rectanglelabels"":[""A""],""original_width"":2799,""original_height"":4535},{""x"":33.932517012465816,""y"":0.27739251040221913,""width"":32.80892373390735,""height"":15.950069348127602,""rotation"":0,""rectanglelabels"":[""B""],""original_width"":2799,""original_height"":4535},{""x"":67.19107626609264,""y"":0,""width"":32.80892373390735,""height"":15.950069348127602,""rotation"":0,""rectanglelabels"":[""C""],""original_width"":2799,""original_height"":4535},{""x"":-8.881784197001252e-16,""y"":16.920943134535367,""width"":32.80892373390735,""height"":15.950069348127602,""rotation"":0,""rectanglelabels"":[""D""],""original_width"":2799,""original_height"":4535},{""x"":33.932517012465816,""y"":16.920943134535367,""width"":32.80892373390735,""height"":15.950069348127602,""rotation"":0,""rectanglelabels"":[""E""],""original_width"":2799,""original_height"":4535},{""x"":67.19107626609267,""y"":16.643550624133148,""width"":32.808923733907335,""height"":16.0887656033287,""rotation"":0,""rectanglelabels"":[""F""],""original_width"":2799,""original_height"":4535},{""x"":0.2249168640078069,""y"":33.70319001386963,""width"":32.808923733907335,""height"":16.0887656033287,""rotation"":0,""rectanglelabels"":[""G""],""original_width"":2799,""original_height"":4535},{""x"":33.48327790933855,""y"":33.70319001386963,""width"":32.808923733907335,""height"":16.0887656033287,""rotation"":0,""rectanglelabels"":[""H""],""original_width"":2799,""original_height"":4535},{""x"":67.19107626609267,""y"":33.564493758668526,""width"":32.808923733907335,""height"":16.0887656033287,""rotation"":0,""rectanglelabels"":[""I""],""original_width"":2799,""original_height"":4535},{""x"":0,""y"":50.4854368932039,""width"":32.808923733907335,""height"":16.0887656033287,""rotation"":0,""rectanglelabels"":[""J""],""original_width"":2799,""original_height"":4535},{""x"":33.707798356754125,""y"":50.06934812760056,""width"":32.808923733907335,""height"":16.0887656033287,""rotation"":0,""rectanglelabels"":[""K""],""original_width"":2799,""original_height"":4535},{""x"":67.19107626609267,""y"":49.93065187239945,""width"":32.808923733907335,""height"":16.0887656033287,""rotation"":0,""rectanglelabels"":[""L""],""original_width"":2799,""original_height"":4535}]"
img1481,Influence of the support structure proxy function towards the best orientation of the Spot model: (a). Part orientation generated by the CURA plugin Tweaker [ 3 ] causing large overhang region; (b). The orientation generated by the proxy defined in eq. (1) ; (c). The orientation generated by the proxy defined in eq. (5) ; (d). Comparison of the volume of generated support structure and the print time.,"The optimality of part orientation must be well-defined to not only reduce support structure volume but also the number of faces attached to support structure columns , to ensure surface quality deterioration during support structure removal [ 2 ] is minimised (see Fig. 4 ).",selected_images/img1481.jpg,"[{""x"":0.3127443315089914,""y"":1.5530720208306892,""width"":21.501172791243157,""height"":98.44692797916932,""rotation"":0,""rectanglelabels"":[""A""],""original_width"":3500,""original_height"":881},{""x"":22.830336200156374,""y"":1.5530720208306892,""width"":25.01954652071931,""height"":98.44692797916932,""rotation"":0,""rectanglelabels"":[""B""],""original_width"":3500,""original_height"":881},{""x"":48.78811571540267,""y"":0,""width"":19.859265050820955,""height"":100,""rotation"":0,""rectanglelabels"":[""C""],""original_width"":3500,""original_height"":881},{""x"":68.9601250977326,""y"":0.3106144041661379,""width"":31.0398749022674,""height"":99.68938559583387,""rotation"":0,""rectanglelabels"":[""D""],""original_width"":3500,""original_height"":881}]"
img1485,Effectiveness in reducing print time and material weight by the proposed alternating optimisation method: (a). Original models; (b). Optimised models from the full alternating method; (c). Print time comparison; (d). Material weight comparison – All the statistics are obtained from the CURA slicer. Armadillo and Voronoi Sphere are sliced with tree support structures whilst Spot and Knot models are sliced with normal support structures.,"Therefore, as the optimisation progresses, gradually increases smoothness whilst reduces the influence of projection, resulting in a natural shape change (see Figs. 7 and 8 ). || We test our method on a range of models with complex geometric and topological features (see Figs.8 and 9 ).",selected_images/img1485.jpg,"[{""x"":0.8967471282457753,""y"":0.4160887656033287,""width"":98.28348525573696,""height"":22.74618585298197,""rotation"":0,""rectanglelabels"":[""A""],""original_width"":2917,""original_height"":1886},{""x"":1.0760965538949303,""y"":23.855755894590846,""width"":98.19381054291239,""height"":26.35228848821082,""rotation"":0,""rectanglelabels"":[""B""],""original_width"":2917,""original_height"":1886},{""x"":1.165771266719508,""y"":52.704576976421635,""width"":48.15532078679813,""height"":47.295423023578365,""rotation"":0,""rectanglelabels"":[""C""],""original_width"":2917,""original_height"":1886},{""x"":51.114586310009194,""y"":52.704576976421635,""width"":48.885413689990806,""height"":47.295423023578365,""rotation"":0,""rectanglelabels"":[""D""],""original_width"":2917,""original_height"":1886}]"
img1490,Geometry-only optimisation of internal structures (Gyroid model): (a). Original gyroid structure and the sliced result on Bambu slicer software; (b). Optimised gyroid structure and the sliced result; (c). Fixed regions; (d). Printed optimised gyroid structure and the weight of its support structure using the Bambu X1 Carbon printer; (e). Printed original gyroid structure and the weight of a portion of its support structure (note several support structures are left in inaccessible regions).,"As shown in Fig. 13 , our method is successful in optimising complex geometries such as gyroid structures to achieve a significant reduction of support structures and print time, whilst ensuring minimal deviation (i.e., ) and maintaining fixed boundary regions. || The geometry-only optimised Gyroid structure with its preserved boundary (see Fig. 13 (d)) not only eliminates such inaccessible support structures but also demonstrates the applicability of our geometric optimisation framework towards manufacturability-aware weight reduction for high-value manufacturing applications. || Similar to the performance on topologically non-trivial complex geometries such as gyroid structure ( Fig. 13 ) and Voronoi sphere ( Fig. 15 ), our method realises notable savings of manufacturing costs for the complex cube model (see Fig. 18 ), under minimal geometric deviation from the original geometry. || For example, the optimised gyroid structures (see Fig. 13 ) can be crucial to reduce post-processing costs and waste in metal additive manufacturing applications.",selected_images/img1490.jpg,"[{""x"":16.776065695523442,""y"":1.3869625520110946,""width"":17.201854164952994,""height"":69.20943134535361,""rotation"":0,""rectanglelabels"":[""B""],""original_width"":2917,""original_height"":1791},{""x"":0.7664192449731522,""y"":1.248266296809985,""width"":15.498700287234874,""height"":69.20943134535364,""rotation"":0,""rectanglelabels"":[""A""],""original_width"":2917,""original_height"":1791},{""x"":0.6812615510872465,""y"":70.87378640776699,""width"":32.95602753384555,""height"":29.126213592233007,""rotation"":0,""rectanglelabels"":[""C""],""original_width"":2917,""original_height"":1791},{""x"":36.95843914648313,""y"":50.069348127600556,""width"":62.079958842825334,""height"":48.54368932038834,""rotation"":0,""rectanglelabels"":[""E""],""original_width"":2917,""original_height"":1791},{""x"":37.21391222814084,""y"":0.13869625520110956,""width"":62.079958842825334,""height"":48.54368932038834,""rotation"":0,""rectanglelabels"":[""D""],""original_width"":2917,""original_height"":1791}]"
img1492,"Results for the Voronoi sphere model: (a-c). Geometry and the sliced results (from Bambu Lab) of the original, geometry-only optimised and alternating optimised models; (d). Printed geometry-only optimised model; (e). Printed alternating optimised model; (f). Support-removed geometry-only optimised model; (g). Support-removed alternating optimised model.","Another example illustrating this insight is the comparison between the geometry-only optimisation (with a higher value) and the alternating optimisation of the Voronoi sphere in Fig. 15 . || Evidently, geometry-only optimisation of Voronoi sphere reduces more support structures (and print time) under large geometric deviation that leads to local thin features (see Fig. 15 (f)). || Similar to the performance on topologically non-trivial complex geometries such as gyroid structure ( Fig. 13 ) and Voronoi sphere ( Fig. 15 ), our method realises notable savings of manufacturing costs for the complex cube model (see Fig. 18 ), under minimal geometric deviation from the original geometry.",selected_images/img1492.jpg,"[{""x"":0.07898894154818326,""y"":0.16811692062036046,""width"":26.22432859399684,""height"":31.605981076627764,""rotation"":0,""rectanglelabels"":[""A""],""original_width"":3167,""original_height"":1488},{""x"":0.315955766192733,""y"":32.27844875910921,""width"":27.014218009478675,""height"":33.79150104469245,""rotation"":0,""rectanglelabels"":[""B""],""original_width"":3167,""original_height"":1488},{""x"":0.315955766192733,""y"":66.91053440690347,""width"":26.22432859399684,""height"":33.089465593096534,""rotation"":0,""rectanglelabels"":[""C""],""original_width"":3167,""original_height"":1488},{""x"":27.567140600315952,""y"":0.3362338412407209,""width"":34.36018957345972,""height"":44.382867043775164,""rotation"":0,""rectanglelabels"":[""D""],""original_width"":3167,""original_height"":1488},{""x"":64.29699842022117,""y"":0.8405846031018023,""width"":35.46603475513429,""height"":43.710399361293724,""rotation"":0,""rectanglelabels"":[""E""],""original_width"":3167,""original_height"":1488},{""x"":27.72511848341232,""y"":48.24955621804345,""width"":48.97314375987362,""height"":46.90462085308057,""rotation"":0,""rectanglelabels"":[""F""],""original_width"":3167,""original_height"":1488},{""x"":77.40916271721959,""y"":48.92202390052489,""width"":22.590837282780413,""height"":45.89591932935841,""rotation"":0,""rectanglelabels"":[""G""],""original_width"":3167,""original_height"":1488}]"
img1494,Results for the Venus model (geometry-only optimisation): (a). Optimised (left) and original (right) models; (b). Fixed regions (depicted in red); (c). Printed original model and weight of the support structure; (d). Printed optimised model and weight of the support structure; (e). Support-removed printed optimised (left) and original (right) models; (f). Normal (top) and tree (bottom) support structure generated on CURA slicer for the original model; (g). Normal (top) and tree (bottom) support structure generated using the CURA slicer software for the optimised model.,"As a solution, users can opt for the complete fixation of important regions, similar to the geometric-only optimisation of the Venus model depicted in Fig. 17 . || Note that the sliced results of the Venus model (see Fig. 17 (f-g)) demonstrate that our method is valid for both tree and normal support structure types. || As shown in Fig. 17 , this drawback can be alleviated by fixing (i.e., constraining displacements) large regions with sharp features (e.g., the face of Venus) or restricting the to the minimum, with a trade-off in the performance of support structure reduction.",selected_images/img1494.jpg,"[{""x"":0.23473199444745638,""y"":0.628930817610063,""width"":17.291923590962618,""height"":49.68553459119497,""rotation"":0,""rectanglelabels"":[""A""],""original_width"":3167,""original_height"":1182},{""x"":0.39121999074576064,""y"":51.15303983228512,""width"":17.213679592813467,""height"":48.0083857442348,""rotation"":0,""rectanglelabels"":[""B""],""original_width"":3167,""original_height"":1182},{""x"":17.68314358170838,""y"":0.41928721174004197,""width"":18.465583563199907,""height"":50.104821802935014,""rotation"":0,""rectanglelabels"":[""C""],""original_width"":3167,""original_height"":1182},{""x"":17.917875576155836,""y"":51.78197064989518,""width"":17.917875576155833,""height"":48.21802935010481,""rotation"":0,""rectanglelabels"":[""D""],""original_width"":3167,""original_height"":1182},{""x"":36.618191133803194,""y"":2.7253668763102725,""width"":35.601019157864215,""height"":97.27463312368972,""rotation"":0,""rectanglelabels"":[""E""],""original_width"":3167,""original_height"":1182},{""x"":72.61043028241318,""y"":1.8867924528301887,""width"":13.223235687206696,""height"":97.69392033542977,""rotation"":0,""rectanglelabels"":[""F""],""original_width"":3167,""original_height"":1182},{""x"":85.99015396591818,""y"":2.3060796645702304,""width"":13.614455677952478,""height"":97.69392033542977,""rotation"":0,""rectanglelabels"":[""G""],""original_width"":3167,""original_height"":1182}]"
img1507,"(a) Schematic diagram of LPNC preparation. (b) FTIR spectra of DA-PEG, AL, TOCN, and LPNC-1. (c) FTIR spectra of LPNC with varying AL contents. (d) FTIR spectra of LPNC with varying DA-PEG contents. (e) Dispersion photographs of LPNC-3 (1.0 wt%) observed through cross-polarizers. (f) Retention rates under different AL and DA-PEG contents. (g) Content of AL in LPNC with different ratios.","Fig. 2 a illustrated the schematic diagram of LPNC synthesis. || As shown in Fig. 2 b, the FTIR spectrum of LPNC-1 revealed a significant disappearance of the C C stretching vibration peak of DA-PEG at 2122 cm −1 , indicating that the triple bond was consumed during the reaction. || Further analysis, as depicted in Fig. 2 c–d, demonstrated that the intensities of the absorption peaks at 1655 cm −1 and 1630 cm −1 in the LPNC product increased with a higher mass ratio of AL to DA-PEG. || As shown in Fig. 2 e, under cross-polarized light, the LPNC dispersion exhibited pronounced birefringence when subjected to shear flow. || Additionally, to quantitatively evaluate the degree of etherification, the retention rate of AL in the LPNC DMF dispersion was determined using UV–Vis spectrophotometry, with results presented in Fig. 2 f–g.",selected_images/img1507.jpg,"[{""x"":0.5554886658420989,""y"":0.5547850208044383,""width"":98.98808025306202,""height"":28.294036061026347,""rotation"":0,""rectanglelabels"":[""A""],""original_width"":3548,""original_height"":2842},{""x"":0.6665863990105186,""y"":29.680998613037445,""width"":32.10724488567332,""height"":36.615811373092924,""rotation"":0,""rectanglelabels"":[""B""],""original_width"":3548,""original_height"":2842},{""x"":33.218222217357514,""y"":29.542302357836338,""width"":32.99602675102067,""height"":37.03190013869626,""rotation"":0,""rectanglelabels"":[""C""],""original_width"":3548,""original_height"":2842},{""x"":66.99193310055712,""y"":30.235783633841883,""width"":32.66273355151543,""height"":37.17059639389736,""rotation"":0,""rectanglelabels"":[""D""],""original_width"":3548,""original_height"":2842},{""x"":0.3332931995052593,""y"":67.82246879334257,""width"":29.996387955473338,""height"":31.067961165048544,""rotation"":0,""rectanglelabels"":[""E""],""original_width"":3548,""original_height"":2842},{""x"":31.440658486662798,""y"":67.40638002773925,""width"":33.66261315003119,""height"":32.593619972260754,""rotation"":0,""rectanglelabels"":[""F""],""original_width"":3548,""original_height"":2842},{""x"":65.54766256936767,""y"":67.54507628294036,""width"":34.452337430632326,""height"":32.45492371705964,""rotation"":0,""rectanglelabels"":[""G""],""original_width"":3548,""original_height"":2842}]"
img1508,"The high resolution spectrum (C1s) of (a) TOCN, (b) LPNC-1, (c) LPNC-2 and (d) LPNC-3. (e-f) Deconvolution data of C O groups from XPS analysis.","As illustrated in Fig. 3 a–d , the XPS C1s spectra fitting results for TOCN, LPNC-1, LPNC-2, and LPNC-3 samples revealed the primary binding energies corresponding to C C (284.9 eV), C-OH (286.5 eV), O-C-O (287.8 eV), and C O (289.0 eV) ( Jin et al., 2023 ). || Notably, as shown in Fig. 3 e, the relative content of C O exhibited a dramatic 3.6-fold increase from 2.7 % in LPNC-1 to 9.6 % in LPNC-3, directly confirming the successful alkyne-hydroxyl click chemistry between DA-PEG's terminal alkyne groups and the hydroxyl groups of both AL and TOCN.",selected_images/img1508.jpg,"[{""x"":51.98804477349531,""y"":0.5547850208044376,""width"":48.01195522650464,""height"":33.564493758668476,""rotation"":0,""rectanglelabels"":[""B""],""original_width"":2840,""original_height"":3562},{""x"":53.03178293059325,""y"":34.812760055478506,""width"":46.96821706940675,""height"":34.39667128987512,""rotation"":0,""rectanglelabels"":[""D""],""original_width"":2840,""original_height"":3562},{""x"":3.479127190326424,""y"":0.4160887656033284,""width"":48.70778066456996,""height"":33.841886269070706,""rotation"":0,""rectanglelabels"":[""A""],""original_width"":2840,""original_height"":3562},{""x"":3.1312144712937813,""y"":34.6740638002774,""width"":48.70778066456995,""height"":34.39667128987512,""rotation"":0,""rectanglelabels"":[""C""],""original_width"":2840,""original_height"":3562},{""x"":49.751518821667865,""y"":69.90291262135928,""width"":49.229649743118856,""height"":30.09708737864073,""rotation"":0,""rectanglelabels"":[""F""],""original_width"":2840,""original_height"":3562},{""x"":0,""y"":69.90291262135922,""width"":49.229649743118856,""height"":30.09708737864073,""rotation"":0,""rectanglelabels"":[""E""],""original_width"":2840,""original_height"":3562}]"
img1509,"(a) Photographs of 2.0 wt% LPNC dispersions with varying component ratios. (b) Birefringence images of the corresponding 2.0 wt% LPNC dispersions, highlighting liquid crystalline behavior. (c) Gelation states of the 2.0 wt% LPNC dispersions with different component ratios. (d) Apparent viscosity as a function of shear rate for LPNC inks (2.0 wt%) with varying AL and DA-PEG contents. (e) G' and G"" as a function of oscillation stress for LPNC inks (2.0 wt%) with varying AL and DA-PEG contents.","Fig. 4 a and c presented photographs of the prepared LPNC inks (all at a concentration of 2.0 wt%) with varying AL and DA-PEG contents. || As shown in Fig. 4 b, all inks exhibit birefringence, indicating that the anisotropic structure of TOCN is preserved after chemical crosslinking. || Rheological measurements shown in Fig. 4 d further revealed that all LPNC inks exhibited shear-thinning behavior–an essential property for 3D printing–facilitating smooth extrusion through fine nozzles and enabling the formation of uniform filaments. || Furthermore, as illustrated in Fig. 4 e, at low shear stress, the storage modulus (G′) consistently exceeded the loss modulus (G″), clearly demonstrating the solid-like elastic behavior of all LPNC samples.",selected_images/img1509.jpg,"[{""x"":1.3322676295501878e-15,""y"":35.367545076282944,""width"":59.89250649308004,""height"":33.148404993065185,""rotation"":0,""rectanglelabels"":[""B""],""original_width"":3548,""original_height"":2619},{""x"":0.204760705959248,""y"":0.13869625520110956,""width"":59.89250649308005,""height"":33.148404993065185,""rotation"":0,""rectanglelabels"":[""A""],""original_width"":3548,""original_height"":2619},{""x"":0,""y"":70.59639389736478,""width"":100,""height"":29.403606102635223,""rotation"":0,""rectanglelabels"":[""C""],""original_width"":3548,""original_height"":2619},{""x"":62.55439567055028,""y"":0.27739251040221913,""width"":36.03788424882766,""height"":34.8127600554785,""rotation"":0,""rectanglelabels"":[""D""],""original_width"":3548,""original_height"":2619},{""x"":62.65677602352989,""y"":35.64493758668516,""width"":37.0616877786239,""height"":34.674063800277395,""rotation"":0,""rectanglelabels"":[""E""],""original_width"":3548,""original_height"":2619}]"
img1511,"(a) Photographs of 3D-printed LPNC evaporators in cubic and cylindrical structures. (b) Water absorption capacity of TOCN porous foam, LPNC-3 porous foam, and 3D-printed LPNC-3 porous foam. (c) Microscopic structure of TOCN (c 1 ), LPNC (c 2 ) and 3D-printed LPNC (c 4 –c 6 ) porous foams. (d) EDS mapping of 3D-printed LPNC-3 (e) Cyclic compression-absorption test of the 3D-printed LPNC-3 porous foam. (f) Photographs of lignin precipitation of AL/TOCN and LPNC-3 in an alkaline solution. (g) Lignin precipitation rates of AL/TOCN and LPNC-3 materials.","As illustrated in Fig. S4 and Fig. 6 a , both LPNC-3 and 3D-printed LPNC-3 porous foams exhibited smooth surfaces and a uniform brown color, attributed to the presence of AL. || Notably, the material could rest on a flower petal without deformation ( Fig. 6 a), confirming its ultra-low density. || SEM analysis ( Fig. 6 c) provided direct evidence of the hierarchical pore structure and explained the BET results. || EDS mapping ( Fig. 6 d) confirmed the uniform distribution of C, O, Cl, and Ca (colored red, blue, green, and yellow, respectively), indicating that calcium chloride facilitated consistent ionic crosslinking during curing, contributing to the formation of a robust 3D network and enhancing structural integrity (Y. || As shown in Fig. 6 b, the 3D-printed LPNC-3 foam exhibited the highest water absorption rate (1147.2 ± 65.7 %) among tested samples.",selected_images/img1511.jpg,"[{""x"":2.178389121638046,""y"":0.5547850208044383,""width"":24.346701947719335,""height"":25.104022191400833,""rotation"":0,""rectanglelabels"":[""A""],""original_width"":3298,""original_height"":3047},{""x"":27.037653215625156,""y"":0.5547850208044383,""width"":33.95724219024012,""height"":25.381414701803052,""rotation"":0,""rectanglelabels"":[""B""],""original_width"":3298,""original_height"":3047},{""x"":0,""y"":27.184466019417474,""width"":61.379317015566116,""height"":34.81276005547849,""rotation"":0,""rectanglelabels"":[""C""],""original_width"":3298,""original_height"":3047},{""x"":61.63559808869999,""y"":0.13869625520110956,""width"":38.36440191130001,""height"":33.148404993065185,""rotation"":0,""rectanglelabels"":[""D""],""original_width"":3298,""original_height"":3047},{""x"":63.42956560063722,""y"":34.67406380027739,""width"":36.39191238501201,""height"":27.04576976421635,""rotation"":0,""rectanglelabels"":[""E""],""original_width"":3298,""original_height"":3047},{""x"":0,""y"":62.96809986130375,""width"":61.25117647899919,""height"":37.03190013869624,""rotation"":0,""rectanglelabels"":[""F""],""original_width"":3298,""original_height"":3047},{""x"":62.14816023496776,""y"":64.07766990291265,""width"":37.85183976503221,""height"":35.78363384188627,""rotation"":0,""rectanglelabels"":[""G""],""original_width"":3298,""original_height"":3047}]"
img1512,"(a) Evaporation mechanism of LPNC and LPNC 3D-printed evaporators. (b) UV–Vis-NIR spectra of TOCN and LPNC-3 evaporators. (c) Infrared images showing the temperature distribution and (d) variation curves of different LPNC samples under 1 sun illumination from 0 to 60 min. (e) Mass changes of different LPNC samples and pure water under 1 sun illumination. (f) DSC curves of pure water and different LPNC samples, and (g) equivalent enthalpy. (h) Mass changes of 3D-printed LPNC and LPNC evaporators under 1 sun illumination.","The results, shown in Fig. 7 b , indicated that pure TOCN exhibited relatively low light absorbance across a broad wavelength range. || As depicted in Fig. 7 c and d, infrared thermography was utilized to precisely monitor surface temperature changes across different evaporators. || Furthermore, evaporation efficiency calculations ( Fig. 7 e) highlighted a positive correlation between lignin content and performance. || As shown in Fig. 7 f–g, pure water exhibited a sharp endothermic peak during evaporation, whereas water at the LPNC surface displayed a broader peak, indicating a modified evaporation profile. || Notably, the LPNC-3 evaporator optimized through 3D printing achieved a maximum evaporation efficiency of 1.64 kg·m −2 ·h −1 ( Fig. 7 h), substantially surpassing its non-printed counterpart.",selected_images/img1512.jpg,"[{""x"":2.270413536817036,""y"":1.248266296809986,""width"":58.46314857303868,""height"":24.271844660194173,""rotation"":0,""rectanglelabels"":[""A""],""original_width"":3549,""original_height"":3631},{""x"":62.010669724315306,""y"":0.13869625520110956,""width"":37.989330275684694,""height"":24.549237170596392,""rotation"":0,""rectanglelabels"":[""B""],""original_width"":3549,""original_height"":3631},{""x"":0,""y"":26.21359223300971,""width"":63.145876492723794,""height"":46.32454923717062,""rotation"":0,""rectanglelabels"":[""C""],""original_width"":3549,""original_height"":3631},{""x"":63.85538072297915,""y"":24.965325936199722,""width"":36.14461927702085,""height"":23.162274618585297,""rotation"":0,""rectanglelabels"":[""D""],""original_width"":3549,""original_height"":3631},{""x"":63.85538072297903,""y"":48.40499306518722,""width"":36.042814896970555,""height"":24.96532593619974,""rotation"":0,""rectanglelabels"":[""E""],""original_width"":3549,""original_height"":3631},{""x"":0,""y"":73.37031900138696,""width"":31.076285285183186,""height"":26.629680998613026,""rotation"":0,""rectanglelabels"":[""F""],""original_width"":3549,""original_height"":3631},{""x"":31.927690361489567,""y"":73.64771151178918,""width"":31.92769036148958,""height"":26.074895977808595,""rotation"":0,""rectanglelabels"":[""G""],""original_width"":3549,""original_height"":3631},{""x"":64.4229841071834,""y"":73.64771151178918,""width"":35.577015892816604,""height"":26.074895977808595,""rotation"":0,""rectanglelabels"":[""H""],""original_width"":3549,""original_height"":3631}]"
img1513,(a) The cyclic evaporation rate of the 3D-printed LPNC evaporator. (b) The process of dissolving salts in the 3D-printed LPNC evaporator. (c) Evaporation rate of 3D-printed LPNC-3 porous foam in 0.05 % NaOH solution and solutions with different salt concentrations. (d) Concentrations of four metal ions before and after seawater desalination.,"As shown in Fig. 8 a , the cyclic evaporation test demonstrated that the 3D-printed LPNC-3 porous foam exhibited excellent stability and reproducibility over 10 consecutive cycles. || This consistent performance over extended operation, combined with the excellent cyclic stability over 10 regeneration cycles ( Fig. 8 a), confirms that both the chemical crosslinking via hydroxyl-yne click chemistry and the hierarchical porous structure remain robust under prolonged solar exposure and repeated use. || Building upon this, Fig. 8 b presented the results of the salt-resistance test, which further validated the 3D-printed LPNC porous foam's stability under harsh conditions. || To further verify the porous foam's robustness, Figs. 8 c and S8 showed its performance under alkaline, acid and variable salinity conditions. || The desalination performance of the LPNC-3 porous foam was further confirmed through experiments in artificial seawater, as shown in Fig. 8 (d).",selected_images/img1513.jpg,"[{""x"":0,""y"":0,""width"":42.69609262674451,""height"":47.71151178918169,""rotation"":0,""rectanglelabels"":[""A""],""original_width"":3549,""original_height"":2483},{""x"":43.27831207165465,""y"":0.27739251040221913,""width"":56.72168792834535,""height"":46.74063800277392,""rotation"":0,""rectanglelabels"":[""B""],""original_width"":3549,""original_height"":2483},{""x"":0,""y"":48.82108183079057,""width"":45.413116702991886,""height"":51.17891816920943,""rotation"":0,""rectanglelabels"":[""C""],""original_width"":3549,""original_height"":2483},{""x"":46.18940929620542,""y"":48.95977808599168,""width"":52.01160374530695,""height"":50.90152565880721,""rotation"":0,""rectanglelabels"":[""D""],""original_width"":3549,""original_height"":2483}]"
img1524,"Nyquist diagrams of S-CHI/A-HA hydrogels doped with A) GO (dashed lines) and GO-NH 2 (continuous lines) and B) CNT NH 2 (continuous lines) and CNT-COOH (dashed lines). The insets provide a magnified view of the x-intercept of the impedance for A) and B), respectively. Conductivity of S-CHI/A-HA hydrogels doped with C) GO and GO-NH 2 , D) CNT NH 2 and CNT-COOH.","Electrochemical impedance spectroscopy (EIS) was performed to evaluate the resistive behaviour of all the prepared materials. Fig. 6 shows the Nyquist diagrams of the impedance measured by EIS of the different formulations of the hydrogels. || The inset of Fig. 6 A and B show a magnified view of the high-frequency region to better analyze this interception for the S-CHI/A-HA samples doped with different concentrations of GO and GO-NH 2 ( Fig. 6 A) and CNT NH 2 and CNT-COOH ( Fig. 6 B). || However, the percolation threshold is clearly not reached, and consequently, the incorporation of these mechanical fillers does not result in a significant improvement in the conductivity of the hydrogels ( Fig. 6 C and 6 D).",selected_images/img1524.jpg,"[{""x"":0,""y"":0.13869625520110956,""width"":48.5687789219209,""height"":57.1428571428571,""rotation"":0,""rectanglelabels"":[""A""],""original_width"":3549,""original_height"":2526},{""x"":49.555949225212,""y"":0.5547850208044383,""width"":50.444050774788,""height"":57.55894590846046,""rotation"":0,""rectanglelabels"":[""B""],""original_width"":3549,""original_height"":2526},{""x"":0.09871703032910757,""y"":58.668515950069256,""width"":41.461152738225174,""height"":41.33148404993061,""rotation"":0,""rectanglelabels"":[""C""],""original_width"":3549,""original_height"":2526},{""x"":50.74055358916129,""y"":58.1137309292649,""width"":43.83036146612377,""height"":41.8862690707351,""rotation"":0,""rectanglelabels"":[""D""],""original_width"":3549,""original_height"":2526}]"
img1534,"Particle size distribution (a), SAXS curves (b and c), FTIR spectra (d), Raman spectra (e), XRD curves (f), chain length distribution (g and h), RI response, and molecular weight distribution profiles (i) of the different rambutan seed starches.","The granule size distributions of the different rambutan seed starches are presented in Fig. 2 a , with detailed dimensional parameters provided in Table 1 . || Small-angle X-ray scattering (SAXS) constitutes a non-destructive technique for probing the lamellar architecture of starch while preserving its structural integrity. Fig. 2 b-c and Fig. S1 display the synchrotron SAXS profiles and Lorentz-corrected one-dimensional patterns for rambutan and longan starches across different varieties. || The FTIR can resolve structural features at the molecular scale of starch, particularly changes in short-range ordered structures, including molecular ordering, hydrogen-bond networks, and intermolecular interactions ( Zhu et al., 2017 ). Fig. 2 d displays the infrared spectra of the different rambutan seed starches. || The Raman spectra of the different rambutan seed starches are shown in Fig. 2 e and Fig. S3. || Additionally, a weak diffraction peak at 20° (2 θ ) was observed, which may indicate the presence of V-type crystalline structure, commonly associated with starch-lipid complexes ( Ren et al., 2021 ) ( Fig. 2 f).",selected_images/img1534.jpg,"[{""x"":0,""y"":0.8321775312066574,""width"":31.983497138730254,""height"":31.761442441054097,""rotation"":0,""rectanglelabels"":[""A""],""original_width"":3549,""original_height"":2701},{""x"":32.82794590806967,""y"":0.4160887656033287,""width"":32.08905323489768,""height"":31.76144244105409,""rotation"":0,""rectanglelabels"":[""B""],""original_width"":3549,""original_height"":2701},{""x"":66.2892283931439,""y"":0.8321775312066574,""width"":31.877941042562824,""height"":31.345353675450763,""rotation"":0,""rectanglelabels"":[""C""],""original_width"":3549,""original_height"":2701},{""x"":0.10555609616742659,""y"":33.00970873786408,""width"":31.561272754060553,""height"":32.038834951456316,""rotation"":0,""rectanglelabels"":[""D""],""original_width"":3549,""original_height"":2701},{""x"":32.61683371573481,""y"":33.00970873786408,""width"":32.827945908069665,""height"":31.48404993065187,""rotation"":0,""rectanglelabels"":[""E""],""original_width"":3549,""original_height"":2701},{""x"":66.39478448931133,""y"":32.45492371705964,""width"":31.561272754060553,""height"":31.761442441054093,""rotation"":0,""rectanglelabels"":[""F""],""original_width"":3549,""original_height"":2701},{""x"":0,""y"":64.63245492371703,""width"":31.244604465558247,""height"":35.36754507628291,""rotation"":0,""rectanglelabels"":[""G""],""original_width"":3549,""original_height"":2701},{""x"":32.300165427232535,""y"":64.21636615811373,""width"":33.46128248507423,""height"":35.78363384188627,""rotation"":0,""rectanglelabels"":[""H""],""original_width"":3549,""original_height"":2701},{""x"":66.50034058547882,""y"":64.21636615811377,""width"":33.49965941452117,""height"":35.50624133148399,""rotation"":0,""rectanglelabels"":[""I""],""original_width"":3549,""original_height"":2701}]"
img1535,"Transparency (a), freeze-thaw stability (b), syneresis (c), and DSC results (d and e) of the different rambutan seed starches.","The transparency of starch pastes from the different rambutan seed starches decreased in the order: BR-4 > BR-5 > BR-7 ( Fig. 3 a ). || As illustrated in Fig. 3 b, significant differences in freeze-thaw stability were observed among the different rambutan seed starches. || All samples exhibited a progressive increase in supernatant volume ratio over time, stabilizing after 48 h, which corresponds to the ongoing retrogradation of starch pastes ( Fig. 3 c). || Gelatinization characteristics are key determinants of starch functional properties and play an important role in meeting various food processing requirements ( Chang et al., 2022, b ). Fig. 3 d-e summarizes the thermal properties of the different seed starches, including the onset gelatinization temperature ( T o ), peak gelatinization temperature ( T p ), conclusion gelatinization temperature ( T c ), gelatinization temperature range (Δ T ), and gelatinization enthalpy (Δ H ).",selected_images/img1535.jpg,"[{""x"":0.0789892555530997,""y"":0.846262341325811,""width"":33.09649807674877,""height"":47.39069111424542,""rotation"":0,""rectanglelabels"":[""A""],""original_width"":3548,""original_height"":1987},{""x"":33.72841212117358,""y"":0.4231311706629055,""width"":31.990648499005374,""height"":48.51904090267983,""rotation"":0,""rectanglelabels"":[""B""],""original_width"":3548,""original_height"":1987},{""x"":66.27198540905064,""y"":0.2820874471086037,""width"":33.72801459094936,""height"":48.377997179125536,""rotation"":0,""rectanglelabels"":[""C""],""original_width"":3548,""original_height"":1987},{""x"":0.2369677666592991,""y"":49.647390691114246,""width"":33.412455098961175,""height"":50.352609308885754,""rotation"":0,""rectanglelabels"":[""D""],""original_width"":3548,""original_height"":1987},{""x"":33.96537988783287,""y"":49.647390691114246,""width"":35.86112202110728,""height"":50.352609308885754,""rotation"":0,""rectanglelabels"":[""E""],""original_width"":3548,""original_height"":1987}]"
img1536,"Pasting curve (a), steady-shear viscosity vs. shear rate curves (b), oscillatory strain-sweep rheological results (c and d), frequency-sweep rheological results (e and f), temperature-sweep rheological results (g and h), and thixotropic results (i) of the different rambutan seed starches.",The pasting viscosity curves and rheological parameters of the different rambutan seed starches are presented in Fig. 4 a and Table 5 . || The apparent shear viscosity curves and Herschel-Bulkley model fitting parameters for all samples are presented in Fig. 4 b and Table 6 . || The strain-sweep results and related parameters of the different rambutan seed starches are presented in Fig. 4 c-d and Table 6 . || The frequency-sweep results of starch pastes prepared using the different rambutan seed starches are shown in Fig. 4 e-f. || The changes in moduli of starch pastes during cooling are shown in Fig. 4 g-h.,selected_images/img1536.jpg,"[{""x"":0,""y"":0.13869625520110956,""width"":34.15683502101937,""height"":32.3162274618585,""rotation"":0,""rectanglelabels"":[""A""],""original_width"":3549,""original_height"":2609},{""x"":34.36075642412994,""y"":0.27739251040221913,""width"":32.62742449769011,""height"":31.7614424410541,""rotation"":0,""rectanglelabels"":[""B""],""original_width"":3549,""original_height"":2609},{""x"":68.1097486389282,""y"":0.27739251040221913,""width"":31.890251361071805,""height"":31.9001386962552,""rotation"":0,""rectanglelabels"":[""C""],""original_width"":3549,""original_height"":2609},{""x"":0.20392140311056342,""y"":33.56449375866851,""width"":31.913699586803176,""height"":31.900138696255205,""rotation"":0,""rectanglelabels"":[""D""],""original_width"":3549,""original_height"":2609},{""x"":33.23918870702184,""y"":33.98058252427184,""width"":33.952913617908806,""height"":31.622746185852975,""rotation"":0,""rectanglelabels"":[""E""],""original_width"":3549,""original_height"":2609},{""x"":68.1097486389282,""y"":33.287101248266296,""width"":31.890251361071805,""height"":32.59361997226074,""rotation"":0,""rectanglelabels"":[""F""],""original_width"":3549,""original_height"":2609},{""x"":0.10196070155528171,""y"":67.40638002773925,""width"":31.30193537747149,""height"":32.593619972260754,""rotation"":0,""rectanglelabels"":[""G""],""original_width"":3549,""original_height"":2609},{""x"":32.93330660235599,""y"":66.15811373092926,""width"":34.87055993190635,""height"":33.84188626907074,""rotation"":0,""rectanglelabels"":[""H""],""original_width"":3549,""original_height"":2609},{""x"":68.51759144514932,""y"":66.71289875173369,""width"":31.48240855485068,""height"":33.28710124826631,""rotation"":0,""rectanglelabels"":[""I""],""original_width"":3549,""original_height"":2609}]"
img1545,"Optical-microscopy sequence (a–f) and SEM close-ups (g–i) illustrating the morphology transition from spherical alginate beads to elongated fibers and their surface details. Magnified microscopic views (j, k) reveal the core-sheath structure.","In Fig. 3 (Panels a - c), the transition from spherical particles to elongated microribbons is clearly observed. || In addition to the rough surface morphology, a core-sheath structure is observed ( Fig. 3 j).",selected_images/img1545.jpg,"[{""x"":0.14975671874220015,""y"":0,""width"":32.34745124831523,""height"":22.74618585298197,""rotation"":0,""rectanglelabels"":[""A""],""original_width"":1417,""original_height"":1530},{""x"":33.395748279510634,""y"":0.13869625520110956,""width"":32.94647812328403,""height"":22.60748959778086,""rotation"":0,""rectanglelabels"":[""B""],""original_width"":1417,""original_height"":1530},{""x"":67.24076671524787,""y"":0,""width"":32.75923328475213,""height"":22.607489597780862,""rotation"":0,""rectanglelabels"":[""C""],""original_width"":1417,""original_height"":1530},{""x"":0.14975671874220015,""y"":23.300970873786408,""width"":32.34745124831523,""height"":22.468793342579755,""rotation"":0,""rectanglelabels"":[""D""],""original_width"":1417,""original_height"":1530},{""x"":33.395748279510634,""y"":23.1622746185853,""width"":32.64696468579964,""height"":23.300970873786405,""rotation"":0,""rectanglelabels"":[""E""],""original_width"":1417,""original_height"":1530},{""x"":67.54028015273227,""y"":23.71705963938974,""width"":32.34745124831524,""height"":22.33009708737864,""rotation"":0,""rectanglelabels"":[""F""],""original_width"":1417,""original_height"":1530},{""x"":0,""y"":46.601941747572816,""width"":32.64696468579963,""height"":20.52704576976422,""rotation"":0,""rectanglelabels"":[""G""],""original_width"":1417,""original_height"":1530},{""x"":33.84501843573723,""y"":47.01803051317614,""width"":32.34745124831524,""height"":20.388349514563117,""rotation"":0,""rectanglelabels"":[""H""],""original_width"":1417,""original_height"":1530},{""x"":67.09100999650566,""y"":47.156726768377254,""width"":32.49720796705745,""height"":19.972260748959783,""rotation"":0,""rectanglelabels"":[""I""],""original_width"":1417,""original_height"":1530},{""x"":0.14975671874220015,""y"":68.23855755894591,""width"":49.56947390366825,""height"":31.484049930651864,""rotation"":0,""rectanglelabels"":[""J""],""original_width"":1417,""original_height"":1530},{""x"":50.91728437234806,""y"":67.82246879334258,""width"":48.970447028699446,""height"":32.17753120665742,""rotation"":0,""rectanglelabels"":[""K""],""original_width"":1417,""original_height"":1530}]"
img1547,"Ternary scatter (a) and contour map (b) of zero-shear viscosity across the ethanol-glycerol-water composition space and Three-dimensional mixture-process visualizations of zero-shear viscosity in the ethanol-glycerol-water alginate system: raw 3-D scatter (c), top view of 3-D scatter (d), and cluster-highlighted 3-D scatter with translucent ellipsoids (e).","To investigate the relationship between solution ratios and their viscosities, both 2D and 3D mappings were performed, focusing on viscosity, elongation (aspect ratio), and structural classification, as shown in Figs. 5 to 6 ( Mahalingam et al., 2015 ). || The viscosity curve exhibits a peak at glycerol concentrations between 8% and 10%, as shown in Fig. 5 . || By transforming the 2D graph into a 3D representation, the trend of viscosity is illustrated in Fig. 5 e. || From Fig. 5 , it's evident that high viscosity peaks in the middle region of the ternary plot (greater than 20% ethanol and more than 2% w/v alginate). || In comparison with Fig. 5 , it is observed that the red “droplet” points are found in the valley, the blue “particle” points are located at the bottom, and the green “gel” markers indicate the peak of the mountain.",selected_images/img1547.jpg,"[{""x"":1.817081172677033,""y"":2.6352288488210815,""width"":42.70140755791027,""height"":47.43411927877948,""rotation"":0,""rectanglelabels"":[""A""],""original_width"":3549,""original_height"":2906},{""x"":45.540596890218154,""y"":0,""width"":54.459403109781825,""height"":50.624133148405,""rotation"":0,""rectanglelabels"":[""B""],""original_width"":3549,""original_height"":2906},{""x"":0.794973013046202,""y"":51.87239944521498,""width"":32.7074611081866,""height"":48.12760055478502,""rotation"":0,""rectanglelabels"":[""C""],""original_width"":3549,""original_height"":2906},{""x"":34.63810985415594,""y"":51.59500693481276,""width"":30.890379935509557,""height"":48.26629680998613,""rotation"":0,""rectanglelabels"":[""D""],""original_width"":3549,""original_height"":2906},{""x"":65.75562493625013,""y"":51.59500693481276,""width"":34.24437506374987,""height"":48.40499306518724,""rotation"":0,""rectanglelabels"":[""E""],""original_width"":3549,""original_height"":2906}]"
img1548,"Composition-morphology mapping of the ethanol-glycerol-water/alginate design space. 3-D mixture–process plots colored by (a) aspect-ratio values and (b) categorical morphology (droplet, gelation, particle). Corresponding ternary projections colored by (c) aspect-ratio values and (d) morphology classes. (For interpretation of the references to color in this figure legend, the reader is referred to the web version of this article.)","To investigate the relationship between solution ratios and their viscosities, both 2D and 3D mappings were performed, focusing on viscosity, elongation (aspect ratio), and structural classification, as shown in Figs. 5 to 6 ( Mahalingam et al., 2015 ). || In Fig. 6 a and c, the 3D space of elongation is visualized using different colors, where darker colors indicate greater elongation. || Additionally, Fig. 6 b and d present a 3D map with three colors, clearly illustrating that the three morphologies occupy distinct distribution areas.",selected_images/img1548.jpg,"[{""x"":0,""y"":0,""width"":50.03648153120038,""height"":48.40499306518724,""rotation"":0,""rectanglelabels"":[""A""],""original_width"":3549,""original_height"":3034},{""x"":52.05216917582223,""y"":0.27739251040221913,""width"":47.94783082417777,""height"":50.20804438280166,""rotation"":0,""rectanglelabels"":[""B""],""original_width"":3549,""original_height"":3034},{""x"":0.3557095843450263,""y"":48.54368932038835,""width"":48.732213055268616,""height"":50.485436893203904,""rotation"":0,""rectanglelabels"":[""C""],""original_width"":3549,""original_height"":3034},{""x"":51.57788973002886,""y"":51.59500693481276,""width"":48.42211026997114,""height"":48.40499306518724,""rotation"":0,""rectanglelabels"":[""D""],""original_width"":3549,""original_height"":3034}]"
img1550,"Pre-leaching process A) The surface of the 3D filament-based construct, B&C) the surface of a filament with different magnifications, and D) the cross-section of the 3D filament-based scaffold.","Visual observation of SEM images in Figs. 1 and 2 revealed that all scaffolds were porous, having square-shaped pores with uniform and interconnected pores in both conditions (before and after leaching).",selected_images/img1550.jpg,"[{""x"":0,""y"":0.27739251040221913,""width"":28.008044382801657,""height"":99.72260748959776,""rotation"":0,""rectanglelabels"":[""A""],""original_width"":3000,""original_height"":4422},{""x"":28.621359223300967,""y"":0.27739251040221913,""width"":22.692649098474337,""height"":99.72260748959778,""rotation"":0,""rectanglelabels"":[""B""],""original_width"":3000,""original_height"":4422},{""x"":52.54063800277392,""y"":0.13869625520110956,""width"":22.897087378640776,""height"":99.86130374479889,""rotation"":0,""rectanglelabels"":[""C""],""original_width"":3000,""original_height"":4422},{""x"":75.84660194174756,""y"":1.7246182906798546e-15,""width"":24.153398058252435,""height"":99.72260748959778,""rotation"":0,""rectanglelabels"":[""D""],""original_width"":3000,""original_height"":4422}]"
img1589,"Rheological analyses of the pastes: amplitude sweep test results of storage modulus G' (a) and loss modulus G"" (b) of each formulation; cross-point ζ of 13MFC + 11UFC and 13MFC + 13UFC formulations (c); 3iTT chart (d), and flow curves of each formulation (e); Herschel-Bulkley fitting (f) and flow consistency index K and flow behavior index n with corresponding error bars (g) for selected formulations with a yield stress.",The thermograms are displayed in Fig. S10 of the Supporting Information. || The results are presented in Fig. 2 a-c . || A Three interval Thixotropy Test (3iTT) test in the shear rate range of 0.01 to 1 s −1 was performed to study the thixotropy of the pastes (see Fig. 2 d). || The results are shown in Fig. 2 e. || The fitting results are depicted in Fig. 2 f-g.,selected_images/img1589.jpg,"[{""x"":0,""y"":0.27739251040221913,""width"":47.31145993819895,""height"":25.24271844660193,""rotation"":0,""rectanglelabels"":[""A""],""original_width"":2707,""original_height"":4104},{""x"":47.73200624876074,""y"":1.601431269917008e-15,""width"":47.52173309347986,""height"":25.381414701803056,""rotation"":0,""rectanglelabels"":[""B""],""original_width"":2707,""original_height"":4104},{""x"":0,""y"":25.52011095700416,""width"":46.89091362763719,""height"":24.82662968099861,""rotation"":0,""rectanglelabels"":[""C""],""original_width"":2707,""original_height"":4104},{""x"":47.31145993819896,""y"":25.65880721220527,""width"":52.68854006180104,""height"":24.549237170596395,""rotation"":0,""rectanglelabels"":[""D""],""original_width"":2707,""original_height"":4104},{""x"":0.21027315528088425,""y"":50.624133148404994,""width"":47.10118678291808,""height"":25.797503467406386,""rotation"":0,""rectanglelabels"":[""E""],""original_width"":2707,""original_height"":4104},{""x"":47.942279404041614,""y"":50.346740638002764,""width"":51.72719619909753,""height"":26.074895977808616,""rotation"":0,""rectanglelabels"":[""F""],""original_width"":2707,""original_height"":4104},{""x"":20.817042372807546,""y"":76.97642163661573,""width"":58.035390857524085,""height"":23.023578363384186,""rotation"":0,""rectanglelabels"":[""G""],""original_width"":2707,""original_height"":4104}]"
img1597,"Images depicting the network of interconnected channels (a) and straight channels (b), view of the channel surface (c), and images of carbon bulk morphologies at various R/Cs ratios: 100 (d), 500 (e), 1000 (f), and 2000 (g). The yellow-highlighted region represents the channel surface, the green-highlighted region corresponds to the carbon bulk morphology, and the orange-highlighted region indicates the interface between the channel wall and the carbon bulk.","These results demonstrate the capability of 3D printing to control the configuration of sophisticated channel geometries within the carbon monoliths, highlighting its precision and versatility in fabricating intricate designs. Fig. 3 shows SEM images of a cross-section of the 3D-printed carbon monoliths featuring the visible channels. || These images clearly visualize various morphological features of the carbon monoliths. Fig. 3 a and b display both the CAD-designed channel geometries evidencing a good level of replication of the intended macroscopic channel design within the monoliths, regardless of the R/Cs ratio. || Three distinct regions are identified in these images: the morphology of the channel surface (highlighted in yellow), the morphology of the carbon bulk (highlighted in green), and the interface between the channel wall and the carbon bulk (highlighted in orange). Fig. 3 c depicts a more detailed view of the channel surface morphology. || Fig. 3 d to g depict a series of images for the carbon bulk of the carbon monoliths at varying R/Cs ratios. || For instance, fewer nucleation centers are generated in the Monolith-2000 ( Fig. 3 g), which has the lowest catalyst concentration, facilitating the formation of larger particles and interparticle sizes within the skeleton structure.",selected_images/img1597.jpg,"[{""x"":1.3291634089132132,""y"":0.42481504142186116,""width"":36.12197028928851,""height"":48.85372976351404,""rotation"":0,""rectanglelabels"":[""A""],""original_width"":3548,""original_height"":1306},{""x"":37.99843627834246,""y"":1.062037603554653,""width"":36.74745895230648,""height"":48.21650720138125,""rotation"":0,""rectanglelabels"":[""B""],""original_width"":3548,""original_height"":1306},{""x"":75.37138389366693,""y"":2.124075207109306,""width"":24.315871774824075,""height"":48.85372976351403,""rotation"":0,""rectanglelabels"":[""C""],""original_width"":3548,""original_height"":1306},{""x"":0.7036747458952306,""y"":52.67706513631079,""width"":23.768569194683348,""height"":46.5172470356938,""rotation"":0,""rectanglelabels"":[""D""],""original_width"":3548,""original_height"":1306},{""x"":26.035965598123532,""y"":52.464657615599855,""width"":23.29945269741986,""height"":46.51724703569379,""rotation"":0,""rectanglelabels"":[""E""],""original_width"":3548,""original_height"":1306},{""x"":51.133698201720094,""y"":53.10188017773265,""width"":23.377638780297104,""height"":45.880024473560994,""rotation"":0,""rectanglelabels"":[""F""],""original_width"":3548,""original_height"":1306},{""x"":75.91868647380767,""y"":53.31428769844357,""width"":23.377638780297104,""height"":45.45520943213916,""rotation"":0,""rectanglelabels"":[""G""],""original_width"":3548,""original_height"":1306}]"
img1601,"Adsorption isotherms of SMX on 3D-printed carbon monoliths. Experiments were conducted at pH 7 and T = 25 °C, using different R/Cs ratios: 100 (a), 500 (b), 1000 (c), and 2000 (d). Data are presented as mean values with error bars representing ±4%.",The average percentage deviation for the Freundlich isotherm was less than 7.5%. Fig. 7 illustrates the adsorption isotherms of SMX on the carbon monoliths at pH of 7 and T = 25 °C.,selected_images/img1601.jpg,"[{""x"":0,""y"":0,""width"":49.22311354350185,""height"":49.65325936199723,""rotation"":0,""rectanglelabels"":[""A""],""original_width"":2368,""original_height"":1910},{""x"":50.90117423248491,""y"":0.27739251040221913,""width"":49.09882576751509,""height"":49.375866851595006,""rotation"":0,""rectanglelabels"":[""B""],""original_width"":2368,""original_height"":1910},{""x"":0.22374142519773588,""y"":50.762829403606105,""width"":48.88750140570529,""height"":49.237170596393895,""rotation"":0,""rectanglelabels"":[""C""],""original_width"":2368,""original_height"":1910},{""x"":51.013044945083784,""y"":50.90152565880721,""width"":48.986955054916216,""height"":49.09847434119279,""rotation"":0,""rectanglelabels"":[""D""],""original_width"":2368,""original_height"":1910}]"
img1616,"SEM micrographs of 3D-printed composite adsorbents. (a) BR exhibiting micrometer-scale porosity and a rough surface morphology; (b) BR-DETA showing the formation of a smooth surface layer following DETA functionalization; (c) BR-AC displaying a comparatively smoother surface as a result of activated carbon incorporation; (d) BR-AC-DETA presenting increased surface roughness after DETA modification; (e) BR-GO demonstrating successful GO incorporation accompanied by a roughened morphology; and (f) BR-GO-DETA characterized by a thick, homogeneous amine-rich DETA layer on GO, which contributes to an increased surface area and the availability of improved adsorption sites.","SEM imaging was used to analyze the morphology of the 3D-printed composites. Fig. 5 (a), (c) and (d) present SEM images of BR, BR-AC and BR-GO, and BR–GO, and Fig. 5 (b), (d) and (f) show the same materials after DETA post-printing modification. || In specific, Fig. 5 (a) BR exhibiting micrometer-scale porosity and a rough surface morphology; (b) BR-DETA showing the formation of a smooth surface layer following DETA functionalization; (c) BR-AC displaying a comparatively smoother surface as a result of activated carbon incorporation; (d) BR-AC-DETA presenting increased surface roughness after DETA modification; (e) BR-GO demonstrating successful GO incorporation accompanied by a roughened morphology; and (f) BR-GO-DETA characterized by a thick, homogeneous amine-rich DETA layer on GO, which contributes to an increased surface area and the availability of improved adsorption sites. || Chemical modification with the polar DETA molecule creates a hydrophilic, rich in polar amino groups, outer layer (as shown in the corresponding SEM images in Fig. 5 ), which exhibits significant swelling in an aqueous environment, especially at acidic pH where the amine groups electrostatically repel each other more strongly.",selected_images/img1616.jpg,"[{""x"":0.5795020054728793,""y"":0.13869625520110956,""width"":48.2918337894066,""height"":33.148404993065185,""rotation"":0,""rectanglelabels"":[""A""],""original_width"":2368,""original_height"":3298},{""x"":50.22350714098287,""y"":0.13869625520110956,""width"":48.87133579487949,""height"":33.148404993065185,""rotation"":0,""rectanglelabels"":[""B""],""original_width"":2368,""original_height"":3298},{""x"":0.19316733515762644,""y"":34.95145631067961,""width"":47.32599711361848,""height"":31.206657420249662,""rotation"":0,""rectanglelabels"":[""C""],""original_width"":2368,""original_height"":3298},{""x"":50.609841811298125,""y"":35.09015256588072,""width"":48.871335794879485,""height"":31.06796116504855,""rotation"":0,""rectanglelabels"":[""D""],""original_width"":2368,""original_height"":3298},{""x"":0,""y"":69.20943134535368,""width"":48.09866645424898,""height"":30.79056865464632,""rotation"":0,""rectanglelabels"":[""E""],""original_width"":2368,""original_height"":3298},{""x"":51.96201315740151,""y"":69.07073509015257,""width"":48.03798684259849,""height"":30.929264909847433,""rotation"":0,""rectanglelabels"":[""F""],""original_width"":2368,""original_height"":3298}]"
img162,"Morphology of NiTi alloy powders under different gas atomization process conditions. (a) overall morphology of the NiTi alloy powder (process 1), (b) surface tearing and embedded satellite particle formation (process 1), (c) and(d) overall powder morphology (process 2), (e) overall powder morphology (process 3), (f) single powder morphology (process 3).","First, Fig. 1 shows the SEM morphology of NiTi alloy powder produced via vacuum induction single-stage gas atomization (process 1). || Ellipsoidal and irregularly shaped particles are observed ( Fig. 1 a). || The irregular particles are characterized by hollow powders embedded in satellite particles and surface cracks ( Fig. 1 b). || The SEM micrographs of the NiTi alloy powder are shown in Figs. 1 c and 1d . || The SEM morphology of the alloy powder is shown in Fig. 1 e and 1 f.",selected_images/img162.jpg,"[{""x"":0.14340346441088325,""y"":0.4160887656033287,""width"":50.047809079398256,""height"":32.59361997226077,""rotation"":0,""rectanglelabels"":[""A""],""original_width"":2917,""original_height"":3016},{""x"":50.621422937041785,""y"":0.5547850208044383,""width"":49.378577062958215,""height"":32.73231622746186,""rotation"":0,""rectanglelabels"":[""B""],""original_width"":2917,""original_height"":3016},{""x"":0,""y"":33.42579750346741,""width"":49.90440561498737,""height"":33.148404993065185,""rotation"":0,""rectanglelabels"":[""C""],""original_width"":2917,""original_height"":3016},{""x"":50.478019472630905,""y"":33.42579750346741,""width"":49.18738829293295,""height"":33.148404993065185,""rotation"":0,""rectanglelabels"":[""D""],""original_width"":2917,""original_height"":3016},{""x"":0,""y"":66.85159500693484,""width"":49.761002150576495,""height"":32.73231622746186,""rotation"":0,""rectanglelabels"":[""E""],""original_width"":2917,""original_height"":3016},{""x"":50.19121254380913,""y"":66.7128987517337,""width"":49.80878745619086,""height"":32.73231622746186,""rotation"":0,""rectanglelabels"":[""F""],""original_width"":2917,""original_height"":3016}]"
img1632,"CAD and microscopic images of a 2DH microstructure showing (a, b, c) cross sectional, (d, e, f) axial views, (g) a CAD model of the 2DH structure accompanied by (h) SEM micrograph of a channel wall impregnated with 5 wt% CuO with EDX maps (i), (j) and (k) for carbon, oxygen and copper, respectively.","Microstructures post activation and calcination demonstrated a good retention of the original structure as seen in Fig. 5 . || After calcination, further channel shrinkage was calculated to be an additional 1%, as demonstrated in Fig. 5 (b)–(c) and (e)–(f). || SEM micrographs and EDX maps, Fig. 5 (h)–(k), were obtained for the calcined microstructure to assess the dispersion of copper oxides. || These images were captured from the central region of the structure along a channel wall ( Fig. 5 (g)), to analyze the distribution of the impregnate, given that the impregnation solution was introduced from the top and bottom of the microstructure. || From Fig. 5 (k), the Cu map demonstrates a uniform dispersion of Cu along the channel wall with some enhanced Cu coloring which was ascribed to larger crystal formation.",selected_images/img1632.jpg,"[{""x"":1.2378640776699033,""y"":0,""width"":38.55062413314837,""height"":25.242718446601938,""rotation"":0,""rectanglelabels"":[""A""],""original_width"":3000,""original_height"":3825},{""x"":41.20319001386962,""y"":0,""width"":30.062413314840505,""height"":25.52011095700416,""rotation"":0,""rectanglelabels"":[""B""],""original_width"":3000,""original_height"":3825},{""x"":73.03398058252426,""y"":0.13869625520110956,""width"":26.966019417475735,""height"":25.24271844660194,""rotation"":0,""rectanglelabels"":[""C""],""original_width"":3000,""original_height"":3825},{""x"":0,""y"":25.242718446601938,""width"":39.43481276005551,""height"":27.184466019417453,""rotation"":0,""rectanglelabels"":[""D""],""original_width"":3000,""original_height"":3825},{""x"":40.8495145631068,""y"":25.52011095700416,""width"":29.885575589459087,""height"":26.90707350901526,""rotation"":0,""rectanglelabels"":[""E""],""original_width"":3000,""original_height"":3825},{""x"":71.26560332871011,""y"":25.24271844660195,""width"":28.73439667128988,""height"":27.323162274618596,""rotation"":0,""rectanglelabels"":[""F""],""original_width"":3000,""original_height"":3825},{""x"":9.549237170596394,""y"":53.12066574202496,""width"":35.01386962552011,""height"":29.680998613037445,""rotation"":0,""rectanglelabels"":[""G""],""original_width"":3000,""original_height"":3825},{""x"":49.69140083217753,""y"":52.98196948682386,""width"":40.67267683772538,""height"":28.432732316227458,""rotation"":0,""rectanglelabels"":[""H""],""original_width"":3000,""original_height"":3825},{""x"":10.610263522884882,""y"":82.80166435506243,""width"":27.763522884882104,""height"":17.198335644937583,""rotation"":0,""rectanglelabels"":[""I""],""original_width"":3000,""original_height"":3825},{""x"":39.96532593619972,""y"":83.07905686546462,""width"":26.87933425797503,""height"":16.643550624133155,""rotation"":0,""rectanglelabels"":[""J""],""original_width"":3000,""original_height"":3825},{""x"":68.25936199722608,""y"":82.38557558945908,""width"":26.87933425797503,""height"":17.47572815533981,""rotation"":0,""rectanglelabels"":[""K""],""original_width"":3000,""original_height"":3825}]"
img1633,"(a) PXRD pattern, XPS spectra of (b) C 1 s, (c) Cu 2p and (d) Cu LM2 of a Cu-impregnated 2DH microstructure.","The samples were analyzed using powder X-ray diffraction (PXRD) and X-ray photoelectron spectroscopy (XPS) ( Fig. 6 ) to determine the valence state of Cu and identify the resulting compounds. || The most intense diffraction peaks observed in Fig. 6 (a) were associated with a major phase of CuO (35.5°, 38.3°, 48.4°, 32.5°, 53.5°, 58.5°, 61.6°, 66.3°, 68.1° and 72°). || The findings of the PXRD data were supported by X-ray photoelectron spectroscopy (XPS) of a cross-section of 2DH. Fig. 6 (c) and (d), the Cu 2p and LM2 regions of the spectrum, demonstrated peaks for Cu(0)/Cu(I) and Cu(II), as well as the satellite peaks for Cu(II) species (940–945 eV). || The O 1 s region (see S.I.6) also demonstrates the presence of Cu(II) and Cu(I) oxides, as well as oxygen species present on the surface of the activated carbon. Fig. 6 (b), the C 1 s spectra, corroborated the observation of graphitic regions of the activated carbon from PXRD, and also indicated the presence of both C O and C O oxygen species on the surface.",selected_images/img1633.jpg,"[{""x"":0.489875173370319,""y"":0,""width"":49.84479889042995,""height"":49.237170596393895,""rotation"":0,""rectanglelabels"":[""A""],""original_width"":3000,""original_height"":2649},{""x"":50.8245492371706,""y"":0,""width"":49.1754507628294,""height"":49.51456310679612,""rotation"":0,""rectanglelabels"":[""B""],""original_width"":3000,""original_height"":2649},{""x"":0.2449375866851595,""y"":49.930651872399444,""width"":49.72233009708738,""height"":50.069348127600556,""rotation"":0,""rectanglelabels"":[""C""],""original_width"":3000,""original_height"":2649},{""x"":50.702080443828024,""y"":49.930651872399444,""width"":49.297919556171976,""height"":50.069348127600556,""rotation"":0,""rectanglelabels"":[""D""],""original_width"":3000,""original_height"":2649}]"
img1634,"Normalized H 2 S breakthrough curves for Cu-impregnated ACMs (a) TES, (b) 2DH, (c) regenerated samples presented in (a) and (b), and (d) comparison of microstructures to packed bed APC carbon. C 0 = 500 ppm, Q = 120 ml min − 1 . The legend details the type of structure and the associated degree of activation.","Breakthrough profiles for the fresh and regenerated samples are presented in Fig. 7 . || Fig. 7 (a) and (b) demonstrates a high degree of reproducibility of the Cu-impregnated ACMs. || These behaviors correlate with the MTZ profiles seen in Fig. 7 (a) and (b). || Fig. 7 (d) highlights the breakthrough profile contrast between two high DoA samples of TES and 2DH, and a GAC packed bed (PB). || This discrepancy makes a reasonable comparison improbable. Fig. 7 (c) presents the post-regeneration performance of the samples from Fig. 7 (a) and (b) after vacuum regeneration at 200 °C.",selected_images/img1634.jpg,"[{""x"":-8.881784197001252e-16,""y"":3.4416913763379853e-15,""width"":49.61984726585693,""height"":47.8502080443828,""rotation"":0,""rectanglelabels"":[""A""],""original_width"":2885,""original_height"":2613},{""x"":50.624806197823645,""y"":0.27739251040221913,""width"":49.375193802176355,""height"":48.82108183079057,""rotation"":0,""rectanglelabels"":[""B""],""original_width"":2885,""original_height"":2613},{""x"":8.881784197001252e-16,""y"":51.31761442441054,""width"":49.87108699884862,""height"":48.54368932038835,""rotation"":0,""rectanglelabels"":[""C""],""original_width"":2885,""original_height"":2613},{""x"":50.750426064319484,""y"":51.17891816920943,""width"":49.249573935680516,""height"":48.82108183079057,""rotation"":0,""rectanglelabels"":[""D""],""original_width"":2885,""original_height"":2613}]"
img1638,"(a) FT-IR spectra of SA and OSA; (b) FT-IR spectra of PAAm, PAAm/OSA, PAAm/OSA/LiCl and POAL-2 hydrogels; (c) FT-IR spectra of POAL hydrogels; XPS spectra of POAL hydrogel: (d) C 1s, (e) N 1s; (f) transmittance curve of hydrogels.","The FT-IR spectra of SA and OSA are illustrated in Fig. 3 a . || Fig. 3 b displays the FT-IR spectra of the composite hydrogels. || Furthermore, as shown in Fig. 3 c, the FT-IR spectrum of the POAL hydrogel displays characteristic absorption bands at 1041 cm −1 and 932 cm −1 . || The C 1s spectrum of the POAL hydrogel ( Fig. 3 d) can be deconvoluted into characteristic components. || Fig. 3 f shows the optical transmittance profile of the hydrogel.",selected_images/img1638.jpg,"[{""x"":0,""y"":0.47095761381475665,""width"":32.25032953785214,""height"":49.293563579277865,""rotation"":0,""rectanglelabels"":[""A""],""original_width"":2133,""original_height"":1074},{""x"":33.27791356724449,""y"":0.3139717425431711,""width"":32.80364401521725,""height"":49.9215070643642,""rotation"":0,""rectanglelabels"":[""B""],""original_width"":2133,""original_height"":1074},{""x"":67.3462763878677,""y"":0.3139717425431711,""width"":32.653723612132296,""height"":50.39246467817896,""rotation"":0,""rectanglelabels"":[""C""],""original_width"":2133,""original_height"":1074},{""x"":0,""y"":51.49136577708007,""width"":32.56650923920363,""height"":48.50863422291993,""rotation"":0,""rectanglelabels"":[""D""],""original_width"":2133,""original_height"":1074},{""x"":33.67313819393385,""y"":52.119309262166404,""width"":32.566509239203626,""height"":47.880690737833596,""rotation"":0,""rectanglelabels"":[""E""],""original_width"":2133,""original_height"":1074},{""x"":67.42532131320557,""y"":52.11930926216639,""width"":32.574678686794385,""height"":47.880690737833575,""rotation"":0,""rectanglelabels"":[""F""],""original_width"":2133,""original_height"":1074}]"
img1639,(a) Tensile curves of hydrogels; (b) tensile modulus of hydrogels; (c) tensile and release testing of POAL-2 hydrogel from 25% to 150%; (d) stress time curve of POAL-2 hydrogel (100 cycles); (e) compressive curves of hydrogels; (f) compressive modulus of hydrogels.,"The mechanical toughness and stretchability of hydrogels are key to their multifunctional applications. Fig. 4 a presents the tensile stress-strain curves of the hydrogels. || Specifically, it primarily includes the double helix structure of agar molecular chains and a multi-layered dynamic cross-linked network formed through dynamic Schiff base bonds, hydrogen bonds, and Li + coordination interactions. Fig. 4 b shows the tensile moduli of different hydrogels ( n = 5)). || Consequently, the POAL-2 formulation was selected as the optimal composition for further characterization and application. Fig. 4 c illustrates the cyclic loading-unloading curves under various strains (25%–150%). || Additionally, the mechanical stability of the POAL hydrogel was investigated by subjecting it to 100 cycles of cyclic stretching at a fixed strain of 100% ( Fig. 4 d). || The compression curve ( Fig. 4 e) and compressive modulus ( Fig. 4 f) results demonstrate that the PAAm hydrogel exhibits low stiffness and excellent flexibility.",selected_images/img1639.jpg,"[{""x"":-2.886579864025407e-15,""y"":1.3322676295501878e-15,""width"":49.428502160987534,""height"":31.206657420249655,""rotation"":0,""rectanglelabels"":[""A""],""original_width"":3444,""original_height"":4337},{""x"":49.952479215697636,""y"":0,""width"":50.047520784302336,""height"":31.7614424410541,""rotation"":0,""rectanglelabels"":[""B""],""original_width"":3444,""original_height"":4337},{""x"":0.17465901823670507,""y"":33.287101248266296,""width"":49.60316117922424,""height"":33.00970873786409,""rotation"":0,""rectanglelabels"":[""C""],""original_width"":3444,""original_height"":4337},{""x"":50.301797252171056,""y"":33.287101248266296,""width"":49.698202747828944,""height"":32.87101248266298,""rotation"":0,""rectanglelabels"":[""D""],""original_width"":3444,""original_height"":4337},{""x"":0.17465901823670507,""y"":67.82246879334258,""width"":49.60316117922424,""height"":32.17753120665742,""rotation"":0,""rectanglelabels"":[""E""],""original_width"":3444,""original_height"":4337},{""x"":50.301797252171056,""y"":67.68377253814147,""width"":49.698202747828944,""height"":32.03883495145631,""rotation"":0,""rectanglelabels"":[""F""],""original_width"":3444,""original_height"":4337}]"
img1640,"Storage moduli (G′) and loss moduli (G″) of: (a) PAAm/OSA, (b) PAAm/OSA/LiCl, (c) POAL-2 hydrogels; (d) rheological properties of hydrogel precursor; (e) DSC curves of hydrogels; (f) rheological properties of POAL-2 hydrogel when alternate step strain switched from 1% to 200%.","The yield characteristics of the hydrogels were analyzed using amplitude scanning tests ( Fig. 5 a–c ). || As illustrated in Fig. 5 d, all six hydrogel precursor solutions exhibit distinct shear-thinning behavior, where the apparent viscosity continuously decreases with increasing shear rate. || The anti-freezing properties of the hydrogels were characterized by differential scanning calorimetry (DSC) ( Fig. 5 e). || As shown in Fig. 5 f, large strains (200%) disrupt the internal network structure of the hydrogel, leading to a significant decrease in modulus.",selected_images/img1640.jpg,"[{""x"":50.19363604802889,""y"":66.99029126213593,""width"":49.80636395197111,""height"":33.009708737864074,""rotation"":0,""rectanglelabels"":[""F""],""original_width"":3244,""original_height"":4059},{""x"":0,""y"":1.1086831868656213e-15,""width"":49.112198600724085,""height"":31.484049930651874,""rotation"":0,""rectanglelabels"":[""A""],""original_width"":3244,""original_height"":4059},{""x"":49.979905289782835,""y"":1.6014312699170077e-15,""width"":49.8063639519711,""height"":31.484049930651892,""rotation"":0,""rectanglelabels"":[""B""],""original_width"":3244,""original_height"":4059},{""x"":0,""y"":33.42579750346741,""width"":49.80636395197108,""height"":32.17753120665741,""rotation"":0,""rectanglelabels"":[""C""],""original_width"":3244,""original_height"":4059},{""x"":50.19363604802892,""y"":33.287101248266296,""width"":49.80636395197108,""height"":32.17753120665741,""rotation"":0,""rectanglelabels"":[""D""],""original_width"":3244,""original_height"":4059},{""x"":0,""y"":66.85159500693482,""width"":49.80636395197111,""height"":33.009708737864074,""rotation"":0,""rectanglelabels"":[""E""],""original_width"":3244,""original_height"":4059}]"
img1641,"Photographs of the self-healing process of POAL hydrogel at 25 °C: (a) circular sample, (b) strip-shaped sample; (c) self-healing tensile test of POAL self-healing hydrogel at different temperatures; (d) comparison of self-healing efficiency of POAL hydrogel at different temperatures.","The self-healing properties of the POAL hydrogels were visually evaluated through macroscopic self-healing experiments. Fig. 6 a illustrates the macroscopic healing process. || Similarly, rectangular specimens healed for 12 h at 25 °C were subjected to tensile testing ( Fig. 6 b). || As shown in Fig. 6 c, the POAL hydrogel that healed at 25 °C for 12 h exhibited a fracture stress and maximum elongation of 19.75 kPa and 19.31%, respectively. || In addition, the self-healing efficiency of POAL hydrogel increases from 23.8% at 25 °C to 48.9% at 95 °C ( Fig. 6 d), further confirming that high temperature is conducive to the self-recovery and self-healing of POAL hydrogel.",selected_images/img1641.jpg,"[{""x"":0.733354494806317,""y"":0.5547850208044383,""width"":98.89809187102344,""height"":23.71705963938974,""rotation"":0,""rectanglelabels"":[""A""],""original_width"":3548,""original_height"":2680},{""x"":0.31429478348842194,""y"":26.768377253814148,""width"":99.42191651017079,""height"":23.43966712898752,""rotation"":0,""rectanglelabels"":[""B""],""original_width"":3548,""original_height"":2680},{""x"":0.10476492782947398,""y"":52.42718446601942,""width"":46.20133317279802,""height"":47.57281553398058,""rotation"":0,""rectanglelabels"":[""C""],""original_width"":3548,""original_height"":2680},{""x"":46.515627956286444,""y"":52.42718446601942,""width"":51.43957956427172,""height"":47.57281553398058,""rotation"":0,""rectanglelabels"":[""D""],""original_width"":3548,""original_height"":2680}]"
img1642,"(a) The conductivity of hydrogels; (b) GF value of POAL-2 hydrogel sensor in the strain range of 0 to 100%; sensing signals of (c) finger bending, (d) wrist flexion, (e) arm bending, (f) saying words, (g) stretching 30% for 100 cycles; (h) tensile sensing signal after self-healing of POAL hydrogel.","As shown in Fig. 7 a , the LED bulb emits a high-brightness light when the hydrogel is connected to a circuit powered by a 5 V power supply, providing intuitive proof of the conductivity of hydrogels. || As shown in Fig. 7 b, the relative resistance change (ΔR/R₀) of the POAL-2 hydrogel exhibits three distinct linear regions over the strain range of 0–100%, with corresponding GF values of 1.81 (0–10%), 0.51 (10–50%), and 1.08 (50–100%). || As illustrated in Fig. 7 c, when the finger is bent from 0° to 45°, the relative resistance change ( ) of the sensor reaches 5.5%. || Comparing Fig. 7 c–e, the strain response signals generated by distinct joint movements (finger, wrist, and elbow) exhibit characteristic patterns. || As illustrated in Fig. 7 f, the strain response signals produced by the sensor exhibit distinct and reproducible patterns corresponding to different spoken words.",selected_images/img1642.jpg,"[{""x"":0.5671804853938806,""y"":0.13869625520110956,""width"":31.30836279374221,""height"":33.148404993065185,""rotation"":0,""rectanglelabels"":[""A""],""original_width"":3547,""original_height"":2901},{""x"":32.7830320557663,""y"":0.13869625520110956,""width"":33.46364863823895,""height"":32.17753120665742,""rotation"":0,""rectanglelabels"":[""B""],""original_width"":3547,""original_height"":2901},{""x"":66.4735528881628,""y"":0,""width"":33.236776444081414,""height"":32.593619972260754,""rotation"":0,""rectanglelabels"":[""C""],""original_width"":3547,""original_height"":2901},{""x"":0,""y"":34.11927877947296,""width"":32.896468152845074,""height"":32.454923717059636,""rotation"":0,""rectanglelabels"":[""D""],""original_width"":3547,""original_height"":2901},{""x"":33.57708473531773,""y"":34.25797503467407,""width"":33.46364863823894,""height"":32.038834951456316,""rotation"":0,""rectanglelabels"":[""E""],""original_width"":3547,""original_height"":2901},{""x"":67.49447776187179,""y"":34.25797503467407,""width"":32.32928766745118,""height"":32.17753120665741,""rotation"":0,""rectanglelabels"":[""F""],""original_width"":3547,""original_height"":2901},{""x"":0.11343609707877612,""y"":67.82246879334258,""width"":64.88544752905995,""height"":32.17753120665742,""rotation"":0,""rectanglelabels"":[""G""],""original_width"":3547,""original_height"":2901},{""x"":66.13324459692647,""y"":67.68377253814147,""width"":33.866755403073526,""height"":32.31622746185853,""rotation"":0,""rectanglelabels"":[""H""],""original_width"":3547,""original_height"":2901}]"
img1643,"3D printing: (a) 5 × 5 grid structure, (a) 10 × 10 lattice structure, (c) 3 × 3 three-dimensional structure, (d) triangular pyramid microstructure; (e) SEM photograph of the triangular microstructure (30×).","As shown in Fig. 8 a–b , a 30-layer scaffold structure with 5 × 5 and 10 × 10 grid arrangements was successfully printed, which validates the good printability of POAL hydrogel and the high resolution characteristics of the DLP process. Fig. 8 c shows a three-dimensional 9-grid architecture, further confirming that DLP technology can construct complex geometries with robust structural integrity. || Leveraging the high printing resolution of photopolymerization and the excellent rheological behavior of the POAL hydrogel, triangular pyramidal microstructures were precisely fabricated ( Fig. 8 d). || As observed in the SEM image ( Fig. 8 e), the printed triangular pyramids exhibit well-defined morphology and high fidelity to the original design model. || The POAL-T-TENG and POAL-H-TENG were prepared using the triangular pyramid microstructure hydrogel depicted in Fig. 8 d and the hemispherical microstructure hydrogel shown in Fig. S6, respectively.",selected_images/img1643.jpg,"[{""x"":0.2247230464017978,""y"":0.27739251040221913,""width"":33.82081848347057,""height"":63.93897364771151,""rotation"":0,""rectanglelabels"":[""A""],""original_width"":1896,""original_height"":1536},{""x"":34.49498762267601,""y"":0,""width"":33.70845696026966,""height"":64.07766990291263,""rotation"":0,""rectanglelabels"":[""B""],""original_width"":1896,""original_height"":1536},{""x"":68.31580610614652,""y"":0,""width"":31.684193893853475,""height"":64.35506241331484,""rotation"":0,""rectanglelabels"":[""C""],""original_width"":1896,""original_height"":1536},{""x"":0.1123615232008989,""y"":65.0485436893204,""width"":67.64163696694114,""height"":34.9514563106796,""rotation"":0,""rectanglelabels"":[""D""],""original_width"":1896,""original_height"":1536},{""x"":67.97872153654383,""y"":64.77115117891817,""width"":32.02127846345617,""height"":35.090152565880715,""rotation"":0,""rectanglelabels"":[""E""],""original_width"":1896,""original_height"":1536}]"
img1644,"(a) The structure of POAL-TENG; (b) the working principle of POAL-TENG; open circuit voltage of POAL-T-TENG under (c) different force impacts (1 Hz), (d) different frequency impacts (0.78 kPa); (e) output current of POAL-T-TENG under different frequency impacts (0.78 kPa); (f) transfer charges of POAL-T-TENG under different frequency impacts(0.78 kPa); (g) open circuit voltage of POAL-P-TENG under different force impacts (1 Hz); (h) open circuit voltage of POAL-H-TENG under different force impacts (1 Hz).","Given its excellent mechanical properties and high ionic conductivity, the POAL hydrogel serves as an ideal material for constructing a single-electrode mode TENG. Fig. 9 a illustrates the schematic structure of the POAL-based triboelectric nanogenerator (POAL-TENG). || Owing to the high flexibility of both the triboelectric layer and the electrodes, the POAL-TENG is highly suitable for applications in flexible sensing and energy harvesting, such as harvesting energy from human motion and motion recognition. Fig. 9 b schematically illustrates the working principle of the POAL-TENG operating in single-electrode mode. || The open-circuit voltage of the POAL-T-TENG was tested under different impact frequencies and pressures using a linear motor ( Fig. 9 c–d). || As shown in Fig. 9 e, the output current increases with the impact frequency at a fixed pressure of 0.78 kPa, owing to the accelerated charge transfer process under higher contact–separation rates. || Correspondingly, Fig. 9 f presents the transferred charge (Q sc ) under different frequencies, indicating that the amount of transferred charge remains relatively stable, suggesting that the triboelectric charge density is mainly determined by the contact area and surface properties rather than the frequency.",selected_images/img1644.jpg,"[{""x"":0.1059859803058352,""y"":0.13869625520110956,""width"":49.60143878313087,""height"":28.987517337031896,""rotation"":0,""rectanglelabels"":[""A""],""original_width"":3549,""original_height"":2712},{""x"":49.91939672404837,""y"":1.4166507387727377e-15,""width"":50.08060327595161,""height"":28.84882108183079,""rotation"":0,""rectanglelabels"":[""B""],""original_width"":3549,""original_height"":2712},{""x"":0.3179579409175056,""y"":29.542302357836338,""width"":32.96163987511474,""height"":33.98058252427185,""rotation"":0,""rectanglelabels"":[""C""],""original_width"":3549,""original_height"":2712},{""x"":33.91551369786727,""y"":29.26490984743412,""width"":32.85565389480891,""height"":34.674063800277395,""rotation"":0,""rectanglelabels"":[""D""],""original_width"":3549,""original_height"":2712},{""x"":67.19511151389952,""y"":29.680998613037445,""width"":32.537695953891415,""height"":33.564493758668526,""rotation"":0,""rectanglelabels"":[""E""],""original_width"":3549,""original_height"":2712},{""x"":0.3179579409175056,""y"":64.21636615811373,""width"":32.64368193419724,""height"":35.78363384188627,""rotation"":0,""rectanglelabels"":[""F""],""original_width"":3549,""original_height"":2712},{""x"":33.49156977664393,""y"":64.35506241331484,""width"":32.53769595389141,""height"":35.36754507628294,""rotation"":0,""rectanglelabels"":[""G""],""original_width"":3549,""original_height"":2712},{""x"":66.66518161237033,""y"":63.938973647711514,""width"":33.33481838762967,""height"":36.061026352288486,""rotation"":0,""rectanglelabels"":[""H""],""original_width"":3549,""original_height"":2712}]"
img1645,"(a) Stability test of POAL-T-TENG after 1000 cycles; (b) open circuit voltage of POAL-T-TENG at different temperatures; (c) LEDs powered by POAL-T-TENG; (d) the relationship between the electrical output performance of POAL-T-TENG and external loads; open circuit voltage generated by POAL- T-TENG with (e) lifting leg, (f) bending fingers.","As shown in Fig. 10 a , the open-circuit voltage of the device exhibits negligible degradation after 1000 continuous contact–separation cycles, indicating excellent mechanical robustness and electrical stability of the POAL hydrogel-based TENG. || The temperature adaptability of the POAL-T-TENG was further investigated. Fig. 10 b presents the open-circuit voltage measured at different temperatures (25 °C, 0 °C, and −25 °C). || As shown in Fig. 10 c, the harvested energy is sufficient to illuminate multiple LEDs and display the pattern “TENG,” confirming the feasibility of the POAL-T-TENG as a self-powered energy source. || As depicted in Fig. 10 d, the output voltage rises as the load resistance increases, while the output power density exhibits a characteristic peak, reaching a maximum value at an optimal load. || POAL-T-TENG was also applied for monitoring human joint movements to further evaluate its sensing performance during real-world activities ( Fig. 10 e–f).",selected_images/img1645.jpg,"[{""x"":-7.216449660063518e-16,""y"":0.13869625520110956,""width"":62.933162004964,""height"":36.477115117891806,""rotation"":0,""rectanglelabels"":[""A""],""original_width"":3549,""original_height"":2544},{""x"":64.42446916147973,""y"":0,""width"":34.996007939569225,""height"":36.754507628294036,""rotation"":0,""rectanglelabels"":[""B""],""original_width"":3549,""original_height"":2544},{""x"":0.19884095420209794,""y"":38.141470180305134,""width"":99.51989757815002,""height"":26.352288488210817,""rotation"":0,""rectanglelabels"":[""C""],""original_width"":3549,""original_height"":2544},{""x"":0.2982614313031469,""y"":65.60332871012483,""width"":34.30006459986189,""height"":34.39667128987517,""rotation"":0,""rectanglelabels"":[""D""],""original_width"":3549,""original_height"":2544},{""x"":35.49311032507448,""y"":65.3259361997226,""width"":31.317450286830436,""height"":34.674063800277395,""rotation"":0,""rectanglelabels"":[""E""],""original_width"":3549,""original_height"":2544},{""x"":67.2082425203091,""y"":65.3259361997226,""width"":32.51049601204302,""height"":34.674063800277395,""rotation"":0,""rectanglelabels"":[""F""],""original_width"":3549,""original_height"":2544}]"
img1646,"(a) Schematic diagram of the data generation, collection, and analysis process; (b) datasets of different letters collected; (c) neural network structure of “ResNet-18 + Bidirectional LSTM”; (d) the feature extraction algorithm based on ResNet-18 and its four-stage residual blocks; (e) representative waveforms of letters; (f) the confusion matrix of the classification task; (g) plot of loss function with training period.","To systematically evaluate the feasibility of POAL-TENG for English handwritten letter recognition, we constructed a dedicated flexible writing board system ( Fig. 11 a ). || The raw signals ( Fig. 11 b) were sliced to extract valid voltage segments and standardized to a uniform length of 224 time points. || To convert the one-dimensional time-series signals into a format suitable for convolutional neural networks, we employed a signal visualization method that maps the voltage-time series into a color image ( Fig. 11 c). || The recognition model adopts a hybrid spatiotemporal architecture of “ResNet-18 + Bidirectional LSTM” ( Fig. 11 d). || After feature extraction by ResNet-18 and four-level residual blocks, a feature map with dimensions [512, 7, 7] is obtained ( Fig. 11 e).",selected_images/img1646.jpg,"[{""x"":0.16947588184465603,""y"":0.13869625520110956,""width"":99.31286676096843,""height"":13.592233009708737,""rotation"":0,""rectanglelabels"":[""A""],""original_width"":3321,""original_height"":4058},{""x"":0.16947588184465603,""y"":14.285714285714285,""width"":46.77534338912507,""height"":31.900138696255205,""rotation"":0,""rectanglelabels"":[""B""],""original_width"":3321,""original_height"":4058},{""x"":76.60309859378454,""y"":14.424410540915394,""width"":23.39690140621549,""height"":52.42718446601936,""rotation"":0,""rectanglelabels"":[""C""],""original_width"":3321,""original_height"":4058},{""x"":47.28377103465903,""y"":14.008321775312066,""width"":29.149851677280843,""height"":33.287101248266296,""rotation"":0,""rectanglelabels"":[""D""],""original_width"":3321,""original_height"":4058},{""x"":0.16947588184465603,""y"":47.295423023578365,""width"":78.46733329407573,""height"":20.943134535367545,""rotation"":0,""rectanglelabels"":[""E""],""original_width"":3321,""original_height"":4058},{""x"":0.16947588184465603,""y"":68.51595006934814,""width"":47.62272279834834,""height"":31.484049930651864,""rotation"":0,""rectanglelabels"":[""F""],""original_width"":3321,""original_height"":4058},{""x"":49.31748161679491,""y"":68.65464632454919,""width"":50.682518383205085,""height"":31.345353675450806,""rotation"":0,""rectanglelabels"":[""G""],""original_width"":3321,""original_height"":4058}]"
img1649,"(a) Photocatalytic degradation after 5, 30 and 60 min of Rhodamine B using different catalysts (GCN, GCN@CD, and GCN@CD-A) at a fixed dose of 0.5 g/L. (b) Effect of catalyst loading (0.5–1.25 g/L) for both GCN and GCN@CD-A on Rhodamine B removal efficiency. (c) Pseudo-first-order kinetic constants were determined for the different adsorbent loads and composites. (d) Quenching assay after 90 min of visible-light irradiation, performed under optimal conditions (GCN@CD-A at 1.0 g/L, 100 rpm orbital stirring).","(b) TGA curves; (c) PL emission spectra; (d) DRS. Fig. 2 e–h shows the XPS results: (e) survey spectrum; (f) high-resolution C 1s; (g) N 1s; and (h) O 1s spectra. || The unmodified GCN exhibited the lowest degradation efficiency, reaching approximately 45% Rhodamine B removal after 30 min, confirming the well-known limitations of GCN, such as fast charge recombination and low surface activity ( Fig. 2 a). || The effect of catalyst loading on the degradation of Rhodamine B was evaluated using both pristine GCN and the GCN@CD-A composite materials. Fig. 2 b shows the photocatalytic performance at three different catalyst concentrations (0.50, 1.00, and 1.25 g/L). || The pseudo-first-order kinetic model successfully represented the experimental degradation data (correlation coefficients (R 2 ) > 0.985), as shown by the dashed line in Fig. 2 b, and the apparent rate constants (k) determined ( Fig. 2 c). || The impact of each scavenger on the degradation efficiency of Rhodamine B is shown in Fig. 2 d.",selected_images/img1649.jpg,"[{""x"":2.010001555447116e-15,""y"":2.4965325936199703,""width"":47.84756621095039,""height"":46.87933425797504,""rotation"":0,""rectanglelabels"":[""A""],""original_width"":3150,""original_height"":2937},{""x"":51.985734099465034,""y"":1.3322676295501878e-15,""width"":48.014265900534966,""height"":48.68238557558946,""rotation"":0,""rectanglelabels"":[""B""],""original_width"":3150,""original_height"":2937},{""x"":-3.1086244689504387e-15,""y"":55.0624133148405,""width"":47.33029522488607,""height"":44.9375866851595,""rotation"":0,""rectanglelabels"":[""C""],""original_width"":3150,""original_height"":2937},{""x"":51.985734099465034,""y"":51.87239944521498,""width"":48.014265900534966,""height"":47.711511789181685,""rotation"":0,""rectanglelabels"":[""D""],""original_width"":3150,""original_height"":2937}]"
img1650,"(a) FTIR spectra of the components forming the GCN@CD-A composite: GCN@CD-A (green), pristine GCN (blue), and CD-A (black). (b) TGA curves; (c) PL emission spectra; (d) DRS. Fig. 2 e–h shows the XPS results: (e) survey spectrum; (f) high-resolution C 1s; (g) N 1s; and (h) O 1s spectra.","FTIR spectroscopy was employed to investigate the surface chemical functionalities of the GCN and GCN@CD-A samples, as shown in Fig. 3 a . || Subsequently, TGA was carried out to assess the thermal stability of both pristine GCN and the GCN@CD-A composite, with the thermogravimetric profiles shown in Fig. 3 b. || Both materials exhibited a minor weight loss below 150 °C (approximately 3–3.4%), which can be attributed to the evaporation of physically adsorbed water retained within the porous structure, an effect also indicated by the broad O H stretching bands observed in the FTIR spectra ( Fig. 3 a). || PL spectroscopy ( Fig. 3 c) was used to investigate the recombination behaviour of photogenerated electron–hole pairs in the synthesized materials. || As shown in Fig. 3 c, both GCN and GCN@CD-A display a strong emission peak centred around 460 nm, which is attributed to the direct recombination of photoexcited charge carriers, as well as n → π* transitions associated with lone electron pairs on nitrogen atoms within the heptazine framework of GCN, as previously reported in the literature [51,52] .",selected_images/img1650.jpg,"[{""x"":-8.881784197001252e-16,""y"":-2.220446049250313e-16,""width"":47.716377343295605,""height"":24.549237170596395,""rotation"":0,""rectanglelabels"":[""A""],""original_width"":2480,""original_height"":4331},{""x"":53.04510983848597,""y"":0,""width"":46.95489016151403,""height"":23.71705963938974,""rotation"":0,""rectanglelabels"":[""B""],""original_width"":2480,""original_height"":4331},{""x"":0.24221511341774418,""y"":24.826629680998614,""width"":47.716377343295605,""height"":24.271844660194176,""rotation"":0,""rectanglelabels"":[""C""],""original_width"":2480,""original_height"":4331},{""x"":52.80289472506823,""y"":24.549237170596395,""width"":47.19710527493177,""height"":23.994452149791957,""rotation"":0,""rectanglelabels"":[""D""],""original_width"":2480,""original_height"":4331},{""x"":0,""y"":49.375866851595006,""width"":45.77865643595365,""height"":24.82662968099861,""rotation"":0,""rectanglelabels"":[""E""],""original_width"":2480,""original_height"":4331},{""x"":52.076249384815,""y"":48.95977808599168,""width"":47.923750615185,""height"":25.104022191400837,""rotation"":0,""rectanglelabels"":[""F""],""original_width"":2480,""original_height"":4331},{""x"":1.7763568394002505e-15,""y"":74.75728155339806,""width"":47.716377343295605,""height"":24.96532593619972,""rotation"":0,""rectanglelabels"":[""G""],""original_width"":2480,""original_height"":4331},{""x"":52.31846449823274,""y"":74.34119278779472,""width"":47.68153550176726,""height"":25.658807212205275,""rotation"":0,""rectanglelabels"":[""H""],""original_width"":2480,""original_height"":4331}]"
img1651,TEM images of (a) CD-A and (b) GCN@CD-A composite; SEM images of (c) pristine GCN and (d) GCN@CD-A composite.,"To further confirm the morphological features and evaluate the structural impact of CD-A incorporation, TEM and SEM analyses were performed ( Fig. 4 ). || As shown in Fig. 4 a, CD-A sample exhibits predominantly spherical carbonaceous structures. || In the case of the composite GCN@CD-A ( Fig. 4 b), the TEM image reveals a layered, sheet-like structure characteristic of GCN synthesized from urea, with small, thin, and flat two-dimensional shapes [70,71] . || As seen in Fig. 4 c, pristine GCN presents an irregular, porous morphology composed of aggregated nanosheets [72] . || In contrast, the GCN@CD-A composite ( Fig. 4 d) displays a more compact and homogeneous texture, while still maintaining a porous structure.",selected_images/img1651.jpg,"[{""x"":0.10680081276631717,""y"":0.2773925104022192,""width"":45.06994298738585,""height"":42.85714285714286,""rotation"":0,""rectanglelabels"":[""A""],""original_width"":3544,""original_height"":2729},{""x"":51.90519500443015,""y"":0.4160887656033288,""width"":45.06994298738585,""height"":42.71844660194176,""rotation"":0,""rectanglelabels"":[""B""],""original_width"":3544,""original_height"":2729},{""x"":0,""y"":49.09847434119279,""width"":48.487568995908,""height"":50.90152565880721,""rotation"":0,""rectanglelabels"":[""C""],""original_width"":3544,""original_height"":2729},{""x"":51.5847925661312,""y"":48.821081830790575,""width"":48.4152074338688,""height"":51.178918169209425,""rotation"":0,""rectanglelabels"":[""D""],""original_width"":3544,""original_height"":2729}]"
img1652,"Degradation and stability assays of Rhodamine B using hydrogels: (a) CMC 2 SA 1 and (b) CMC 1 SA 1 . Degradation tests of powdered and hydrogel-incorporated GCN@CD-A, including controls, for (c) acebutolol and (d) paracetamol. Dashed lines indicate the pseudo-first-order kinetic fitting, with R 2 values above 0.98.","As shown in Fig. 5 a and b , both CMC/SA-based biopolymeric hydrogel formulations allowed for multiple reuse cycles without visible catalyst leaching, confirming their ability to effectively immobilize GCN@CD-A particles. || Although both hydrogels proved functional, the CMC 2 SA 1 formulation exhibited greater variability in photocatalytic performance over time ( Fig. 5 a). || The photocatalytic performance of the immobilized catalyst was further evaluated using two representative pharmaceutical pollutants: paracetamol and acebutolol ( Fig. 5 c and d). || As shown in Fig. 5 d, pristine GCN powder achieved less than 90% removal at 30 min, while immobilization led to a decrease to approximately 74%, corresponding to a reduction of about 13%. || Interestingly, paracetamol was more efficiently degraded than acebutolol in all cases, following the same trend observed under batch conditions ( Fig. 5 c and d), where paracetamol exhibited faster and more complete removal than acebutolol across all photocatalyst formulations.",selected_images/img1652.jpg,"[{""x"":-3.1086244689504387e-15,""y"":1.3322676295501878e-15,""width"":47.30136133831718,""height"":47.8502080443828,""rotation"":0,""rectanglelabels"":[""A""],""original_width"":3410,""original_height"":2922},{""x"":51.22333350958468,""y"":-1.3322676295501878e-15,""width"":48.77666649041532,""height"":48.40499306518724,""rotation"":0,""rectanglelabels"":[""B""],""original_width"":3410,""original_height"":2922},{""x"":-2.886579864025407e-15,""y"":49.65325936199723,""width"":48.25214247074566,""height"":49.93065187239944,""rotation"":0,""rectanglelabels"":[""C""],""original_width"":3410,""original_height"":2922},{""x"":50.629095301816875,""y"":49.51456310679612,""width"":49.370904698183125,""height"":48.95977808599167,""rotation"":0,""rectanglelabels"":[""D""],""original_width"":3410,""original_height"":2922}]"
img166,Illustrates the variation in surface energy of NiTi alloy droplets as a function of particle size.,"Substituting experimental process data into Eq. 15 enables the derivation of the correlation between particle size and specific surface energy for NiTi alloy powder, as demonstrated in Fig. 5 . Fig. 5 shows that the specific surface energy of NiTi droplets decreases monotonously with increasing particle size.",selected_images/img166.jpg,"[{""x"":0.31121761728756525,""y"":0,""width"":99.37756476542485,""height"":100,""rotation"":0,""rectanglelabels"":[""single""],""original_width"":2083,""original_height"":1558}]"
img1681,Geochemical and mineralogical characterisation of the tailings sample: (a) Chemical fraction of metals determined using BCR sequential extraction; (b) crystalline mineral phases identified using XRD; (c) mineral physical distribution measured using QEMSCAN (measurement area diameter: 27 mm 2 ); and (d) mineral mass (%) distribution measured using QEMSCAN.,"The total concentration of Al, Cu, Fe, Mn, V, Ca, K, Mg, P, and S) and geochemical composition of the tailings are displayed in Table 2 and Fig. 2 . || BCR sequential extraction measurements ( Fig. 2 a) revealed Ti as predominantly within the residual fraction, indicating minimal environmental mobility, whereas Cu has the highest non-residual proportions (20% exchangeable, 12% reducible, 28% oxidisable), followed by Mn (10% exchangeable and 10% reducible). || XRD analysis ( Fig. 2 b) did not detect any crystalline Cu mineral phase, with quartz and aluminosilicates being the most dominant phases. || This result was corroborated with the QEMSCAN analysis ( Fig. 2 c and d) which showed that the tailings are predominantly composed of plagioclase (40.6 wt%), a feldspar mineral group spanning the compositional range from albite (NaAlSi₃O₈) to anorthite (CaAl₂Si₂O₈), and quartz (21.4 wt%).",selected_images/img1681.jpg,"[{""x"":0.11416413068322563,""y"":0.27739251040221913,""width"":48.86224793242057,""height"":48.54368932038834,""rotation"":0,""rectanglelabels"":[""A""],""original_width"":3477,""original_height"":2862},{""x"":50.00388923925282,""y"":0.13869625520110956,""width"":49.99611076074716,""height"":48.127600554785005,""rotation"":0,""rectanglelabels"":[""B""],""original_width"":3477,""original_height"":2862},{""x"":2.73774916376998e-15,""y"":48.40499306518725,""width"":42.92571313689284,""height"":51.45631067961164,""rotation"":0,""rectanglelabels"":[""C""],""original_width"":3477,""original_height"":2862},{""x"":44.86650335850768,""y"":48.26629680998612,""width"":55.13349664149232,""height"":51.04022191400831,""rotation"":0,""rectanglelabels"":[""D""],""original_width"":3477,""original_height"":2862}]"
img1682,"Recovery efficiency (%) from tailings as a function of lixiviants after 7-day electrokinetic and static leaching treatment. Fig. 3 (a-f) represents recovery of Al, Cu, Fe, Mn, Mg and K.","Recovery efficiency (%) from tailings as a function of lixiviants after 7-day electrokinetic and static leaching treatment. Fig. 3 (a-f) represents recovery of Al, Cu, Fe, Mn, Mg and K. || A minor concentration of chalcopyrite (0.3 wt%) was detected. Fig. 3 shows the recovery efficiencies of major metals (Al, Cu, Fe, Mn, Mg and K) from the tailings sample after 7 days of either SL or EK treatment. || The extended treatments show a marked increase in metal (Al, Cu, Fe, Mn, Mg and K) recovery when using citric acid under both EK and SL conditions ( Fig. 8 ), compared to 7-day treatment ( Fig. 3 ).",selected_images/img1682.jpg,"[{""x"":0.7943554424657804,""y"":0.27739251040221913,""width"":49.44862629349483,""height"":32.59361997226075,""rotation"":0,""rectanglelabels"":[""A""],""original_width"":3029,""original_height"":4337},{""x"":51.23592603904284,""y"":-1.1102230246251556e-16,""width"":48.76407396095716,""height"":32.03883495145631,""rotation"":0,""rectanglelabels"":[""B""],""original_width"":3029,""original_height"":4337},{""x"":0,""y"":33.14840499306519,""width"":48.85285971164549,""height"":31.900138696255205,""rotation"":0,""rectanglelabels"":[""C""],""original_width"":3029,""original_height"":4337},{""x"":50.6401594571935,""y"":32.87101248266298,""width"":49.35984054280648,""height"":32.31622746185852,""rotation"":0,""rectanglelabels"":[""D""],""original_width"":3029,""original_height"":4337},{""x"":0.1985888606164451,""y"":65.46463245492372,""width"":49.448626293494826,""height"":34.39667128987517,""rotation"":0,""rectanglelabels"":[""E""],""original_width"":3029,""original_height"":4337},{""x"":50.24298173596061,""y"":65.46463245492372,""width"":49.75701826403939,""height"":34.535367545076284,""rotation"":0,""rectanglelabels"":[""F""],""original_width"":3029,""original_height"":4337}]"
img1684,"Heatmap of released elements from treated tailings after exposure to 0.001 M CaCl 2 or 0.43 M HNO 3 , to simulate their potential to undergo rainfall-driven leaching and their potentially bioavailable fraction respectively. (a) EK-treated tailings with CaCl 2 eluent, (b) SL-treated tailings with CaCl 2 eluent, (c) EK-treated tailings with 0.43 M HNO 3 eluent, and (d) SL-treated tailings with 0.43 M HNO 3 eluent.","Fig. 5 a and b show the leached elements within the untreated and EK or SL treated tailings samples due to their exposure to 0.001 M CaCl 2 (ISO 21268-1:2019), which is a proxy for their ‘actually bioavailable’ fraction under natural conditions. || As illustrated in Fig. 5 c and d, the untreated tailings contained high concentrations of potentially bioavailable metals: 680 mg/kg Cu, 3560 mg/kg Al, 3430 mg/kg Fe, 188 mg/kg Mn, 11.7 mg/kg V, and 10.6 mg/kg Zn.",selected_images/img1684.jpg,"[{""x"":0,""y"":0.1386962552011095,""width"":49.39201159607022,""height"":49.09847434119281,""rotation"":0,""rectanglelabels"":[""A""],""original_width"":3548,""original_height"":2987},{""x"":50.44290545981638,""y"":1.3550572283913143e-15,""width"":49.55709454018359,""height"":49.65325936199724,""rotation"":0,""rectanglelabels"":[""B""],""original_width"":3548,""original_height"":2987},{""x"":3.552713678800501e-15,""y"":50.34674063800277,""width"":49.508777580930904,""height"":49.65325936199723,""rotation"":0,""rectanglelabels"":[""C""],""original_width"":3548,""original_height"":2987},{""x"":50.55967144467709,""y"":50.20804438280165,""width"":49.44032855532291,""height"":49.79195561719834,""rotation"":0,""rectanglelabels"":[""D""],""original_width"":3548,""original_height"":2987}]"
img1709,"Components of the IFR with membrane integration. (A) Schematic of the CSM–w/m configuration. (B) Cross–sectional schematic of the reaction zone showing the placement of the Pd–SS membrane. (C) As–prepared Pd–SS membrane, with SEM images illustrating surface morphology and cross–sectional mapping of the stainless–steel substrate, Al 2 O 3 interlayer, and Pd layer (scale bar, 200 μm). (D) 3D–printed SS–CSM used in the preheating and reaction zones, with optical microscopy, laser confocal microscopy, and a surface roughness heatmap.","This objective is achieved through IFR that combines a 3D–printed stainless steel (SS) CSM (22.2 mm OD) with an in–house fabricated tubular Pd–based H 2 –selective membrane (9.6 mm OD, Fig. 1 A ). || Thermocouples M1–M3, positioned at the inlets and outlets of both zones, monitor the axial surface temperature for thermal analysis and M4–M6 monitor the membrane surface temperature. Fig. 1 B shows a cross–sectional view of the CSM–w/m configuration, where a 70 mm–long tubular Pd–stainless steel (Pd–SS) membrane is placed within the high–conversion region of the reaction zone to enable efficient H 2 extraction. || The membrane was fabricated by electroless plating (ELP) of Pd onto a porous stainless–steel (PSS) substrate, with an Al 2 O 3 interlayer applied via our reported coating method [34] to suppress intermetallic diffusion and ensure strong adhesion during the electroless plating (ELP) [35] ( Fig. 1 C). || Energy–dispersive X–ray spectroscopy (EDS, Fig. 1 C) and X–ray diffraction (XRD, Fig. S4) further verifies the elemental composition and crystalline structure. || Fig. 1 D shows the physical CSMs positioned in the preheating and reaction zones.",selected_images/img1709.jpg,"[{""x"":0,""y"":3.4492365813597093e-15,""width"":100,""height"":43.68932038834951,""rotation"":0,""rectanglelabels"":[""A""],""original_width"":3549,""original_height"":2176},{""x"":0.25511669595740866,""y"":44.24410540915395,""width"":52.63907826587865,""height"":28.432732316227465,""rotation"":0,""rectanglelabels"":[""B""],""original_width"":3549,""original_height"":2176},{""x"":0.3401555946098782,""y"":72.95423023578364,""width"":52.63907826587865,""height"":27.04576976421636,""rotation"":0,""rectanglelabels"":[""C""],""original_width"":3549,""original_height"":2176},{""x"":54.50993403623298,""y"":47.01803051317614,""width"":44.985577387156376,""height"":52.42718446601942,""rotation"":0,""rectanglelabels"":[""D""],""original_width"":3549,""original_height"":2176}]"
img1710,"Performance of IFR. (A–C) MCH dehydrogenation conversions at 2, 4, and 6 bara (553–613 K) for CSM–n/m, CSM–w/m, and PB. The dashed line indicates the nominal thermodynamic equilibrium. Bar charts show corresponding H 2 flow rates. (D–E) Long–term stability of the CSM at 594 K and 4 bara, demonstrating steady conversion and H 2 output over 60 h. (F) Benchmarking compactness: IFR requires 20–52% less reactor volume than PB to reach equivalent conversion.","As shown in Fig. 2 A–C , MCH dehydrogenation was evaluated in three reactor configurations, namely PB, CSM without membrane (CSM–n/m), and CSM with membrane (CSM–w/m), over the range 2–6 bara and 553–613 K. || The outlet H 2 balance directly confirms this behavior, as shown in Fig. 2 A–C, where the bar charts report the H 2 flow rates collected after condensation. || To assess whether these results align with thermodynamic expectations, we compared the experimental conversion at 6 bara with our equilibrium model for the IFR system which explicitly accounts for continuous H 2 removal and experimental correction (Fig. S10). || These measurements explain the performance trends observed in Fig. 2 A–C.",selected_images/img1710.jpg,"[{""x"":0.12166338175535928,""y"":0.27739251040221913,""width"":34.065746891500595,""height"":35.228848821081826,""rotation"":0,""rectanglelabels"":[""A""],""original_width"":3135,""original_height"":2750},{""x"":34.43073703676667,""y"":0.5547850208044383,""width"":29.564201766552294,""height"":34.95145631067961,""rotation"":0,""rectanglelabels"":[""B""],""original_width"":3135,""original_height"":2750},{""x"":64.72491909385113,""y"":0,""width"":35.15341752439351,""height"":34.812760055478506,""rotation"":0,""rectanglelabels"":[""C""],""original_width"":3135,""original_height"":2750},{""x"":11.43635788500377,""y"":35.78363384188627,""width"":78.35121785045136,""height"":3.4674063800277395,""rotation"":0,""rectanglelabels"":[""COMMON_PARTIAL""],""original_width"":3135,""original_height"":2750},{""x"":0.7299802905321556,""y"":39.528432732316226,""width"":99.27001970946785,""height"":28.710124826629688,""rotation"":0,""rectanglelabels"":[""D""],""original_width"":3135,""original_height"":2750},{""x"":0,""y"":70.18030513176144,""width"":49.76032313794194,""height"":29.819694868238557,""rotation"":0,""rectanglelabels"":[""E""],""original_width"":3135,""original_height"":2750},{""x"":49.8819865196973,""y"":70.31900138696255,""width"":48.42202593863298,""height"":29.680998613037445,""rotation"":0,""rectanglelabels"":[""F""],""original_width"":3135,""original_height"":2750}]"
img1711,"Experimental spatial temperature . (A–C) CSM–n/m, (D F) PB, and (G–I) CSM–w/m at 2, 4, and 6 bara, respectively. Bars show temperature deviations of individual measurement points from the set point. Dots indicate inlet–outlet temperature differences at the surface and core, highlighting relative radial and axial variations.","Under this condition, chosen to balance high conversion with downstream applicability, the reactor maintained a stable ∼59% MCH conversion and steady H 2 flow ( Fig. 3 D–E ), confirming robust operation. || A plug flow reactor model for first–order kinetics [2] , which is commonly adopted in process intensification studies [48] and benchmarking studies, showed that the IFR requires 20–52% less reactor volume to achieve the same conversion ( Fig. 3 F). || Developing a modular reactor design that allows non-destructive component retrieval is therefore a critical direction for future engineering optimization. Fig. 3 shows the absolute temperature difference between each measured axial and radial point (ΔT absolute ) and set temperatures, and the relative temperature difference between measured points (ΔT relative ), to map the spatial distribution under representative conditions.",selected_images/img1711.jpg,"[{""x"":0,""y"":0.41608876560332886,""width"":33.772108975773335,""height"":29.542302357836338,""rotation"":0,""rectanglelabels"":[""A""],""original_width"":2747,""original_height"":2553},{""x"":34.158812513663875,""y"":0.8321775312066574,""width"":29.647271238274307,""height"":29.542302357836338,""rotation"":0,""rectanglelabels"":[""B""],""original_width"":2747,""original_height"":2553},{""x"":63.67718257264134,""y"":0.27739251040221913,""width"":35.807212710171264,""height"":29.264909847434122,""rotation"":0,""rectanglelabels"":[""C""],""original_width"":2747,""original_height"":2553},{""x"":0.1289011792968448,""y"":30.374479889042995,""width"":33.643207796476496,""height"":30.65187239944521,""rotation"":0,""rectanglelabels"":[""D""],""original_width"":2747,""original_height"":2553},{""x"":34.158812513663875,""y"":30.651872399445214,""width"":29.260567700383774,""height"":29.542302357836338,""rotation"":0,""rectanglelabels"":[""E""],""original_width"":2747,""original_height"":2553},{""x"":63.80608375193818,""y"":30.79056865464632,""width"":36.19391624806182,""height"":29.40360610263523,""rotation"":0,""rectanglelabels"":[""F""],""original_width"":2747,""original_height"":2553},{""x"":0,""y"":61.58113730929266,""width"":33.77210897577335,""height"":34.67406380027738,""rotation"":0,""rectanglelabels"":[""G""],""original_width"":2747,""original_height"":2553},{""x"":34.28771369296072,""y"":61.58113730929264,""width"":29.647271238274307,""height"":34.812760055478506,""rotation"":0,""rectanglelabels"":[""H""],""original_width"":2747,""original_height"":2553},{""x"":64.19278728982873,""y"":61.44244105409153,""width"":35.80721271017127,""height"":35.22884882108184,""rotation"":0,""rectanglelabels"":[""I""],""original_width"":2747,""original_height"":2553}]"
img1712,"2D modelling results for MCH dehydrogenation. (A–C) Parity comparison of predicted and experimental conversions for CSM–n/m, PB, and CSM–w/m. (D F) Axial profiles of temperature, MCH, and H 2 at three radial positions, with dashed lines indicating the equilibrium limit. (G, H) Simulated fields of temperature, MCH, TOL, and H 2 concentrations in a 50 mm diameter reactor operated at 613 K and 6 bara, comparing CSM–n/m and PB.","Model predictions of MCH conversion agreed well with experiments across all configurations (CSM–n/m, PB, and CSM–w/m) and conditions (2–6 bara, 553–613 K), remaining within ±20% deviation ( Fig. 4 A–C ). || Axial profiles of temperature, MCH, and H 2 concentrations were obtained at three radial positions (wall, midway, core) for the CSM–n/m ( Fig. 4 D), PB ( Fig. 4 E), and CSM–w/m ( Fig. 4 F) at 613 K and 6 bara, representing conditions with the highest conversion and strongest gradients. || We further visualized temperature and concentration fields for scaled reactors (50 mm diameter, 250 mm length), CSM–n/m ( Fig. 4 G) and PB ( Fig. 4 H).",selected_images/img1712.jpg,"[{""x"":0,""y"":0.13869625520110956,""width"":34.444133031437666,""height"":24.410540915395284,""rotation"":0,""rectanglelabels"":[""A""],""original_width"":3083,""original_height"":4051},{""x"":35.17310939189137,""y"":0.27739251040221913,""width"":28.794566237921444,""height"":24.826629680998614,""rotation"":0,""rectanglelabels"":[""B""],""original_width"":3083,""original_height"":4051},{""x"":64.51440790015309,""y"":0.27739251040221913,""width"":32.43944804018997,""height"":24.687933425797503,""rotation"":0,""rectanglelabels"":[""C""],""original_width"":3083,""original_height"":4051},{""x"":0,""y"":25.797503467406386,""width"":34.44413303143766,""height"":23.02357836338417,""rotation"":0,""rectanglelabels"":[""D""],""original_width"":3083,""original_height"":4051},{""x"":35.17310939189138,""y"":26.074895977808595,""width"":28.97681032803487,""height"":22.884882108183074,""rotation"":0,""rectanglelabels"":[""E""],""original_width"":3083,""original_height"":4051},{""x"":64.14991971992622,""y"":25.936199722607483,""width"":35.85008028007374,""height"":22.88488210818308,""rotation"":0,""rectanglelabels"":[""F""],""original_width"":3083,""original_height"":4051},{""x"":23.509487624632058,""y"":49.375866851595006,""width"":60.140549737430845,""height"":6.518723994452145,""rotation"":0,""rectanglelabels"":[""COMMON_PARTIAL""],""original_width"":3083,""original_height"":4051},{""x"":0.18224409011342682,""y"":56.5880721220527,""width"":49.93488069107894,""height"":43.4119278779473,""rotation"":0,""rectanglelabels"":[""G""],""original_width"":3083,""original_height"":4051},{""x"":50.66385705153266,""y"":56.449375866851604,""width"":49.33614294846736,""height"":43.55062413314838,""rotation"":0,""rectanglelabels"":[""H""],""original_width"":3083,""original_height"":4051}]"
img1716,"X-rays diffraction patterns of support, catalyst, and slurry (A) calcined, (B) reduced, (C) post-reacted, and (D) Raman spectra for as-prepared CAT-P and SUL-P.","The XRD diffractograms of the fresh support, catalyst, and slurry powders are displayed in Fig. 4 (A). || Here, clearly, as exhibited Fig. 4 (A), the diffraction pattern of the synthesized SUP-P, CAT-P, and SUL-P aligns well with the hexagonal YAlO 3 , perovskite phase (JCPDS 00–025-1079), considering peak positions and relative intensities. || Additionally, the small peaks of segregated Y 2 O 3 phases' contribution are highlighted in Fig. 4 (A) with τ (Tau). || Fig. 4 (B) presents the diffraction peaks for reduced CAT-P and SUL-P, treated under the same conditions (H 2 balanced in N 2 , at 600 °C for 1 h). || No clear evidence of segregated Ni 0 diffraction peak (at 2θ = 44.50°) was noticed for CAT-P and SUL-P during the reductive treatments, as shown in Figs. 4 (A)–(B).",selected_images/img1716.jpg,"[{""x"":0,""y"":1.3869625520110953,""width"":49.421058229672745,""height"":48.12760055478501,""rotation"":0,""rectanglelabels"":[""A""],""original_width"":2621,""original_height"":2306},{""x"":50.03119475102672,""y"":1.8030513176144243,""width"":49.96880524897328,""height"":47.8502080443828,""rotation"":0,""rectanglelabels"":[""B""],""original_width"":2621,""original_height"":2306},{""x"":0,""y"":51.04022191400832,""width"":49.42105822967274,""height"":48.82108183079057,""rotation"":0,""rectanglelabels"":[""C""],""original_width"":2621,""original_height"":2306},{""x"":50.39727666383911,""y"":50.624133148404994,""width"":49.60272333616089,""height"":49.237170596393895,""rotation"":0,""rectanglelabels"":[""D""],""original_width"":2621,""original_height"":2306}]"
img1721,XPS analysis of the as-prepared CAT-P and SUL-P samples: (A) Survey spectra CAT-P; (B) Survey spectra SUL-P; (C) O1s; (D) Ni2p; (E) Mn2p; (F) Al2p-Ni3p; (G) Y3d; (H) C1s.,"Fig. 9 displays the XPS analysis of the as-prepared catalyst (CAT-P) and slurried (SUL-P) powders. Fig. 9 (A–B) shows the survey scan spectrum of both samples, presenting mainly expected peaks, along with some auger ones. || The solid lines indicated the bonding energies and the dotted ones depicted the shift in the respective energies in the diagrams. Fig. 9 (C) shows two O1s peak regions, where oxygen atoms are attached to Ni species as NiO and in the form of a perovskite lattice structure [92] . Fig. 9 (D) exhibited the Ni2p spectra ascribed to Ni 2+ species, with no additional sign of metal contents for calcined samples [92] . Fig. 9 (E) displayed the Mn2p spectra for the scan region. || The Mn2p 1/2 region highlighted the contribution of Mn oxide species, attributed to the presence of oxygen vacancies that developed during the calcination process, also reflected by EDX analysis [64,93] . Fig. 9 (F) shows the two peak regions for both samples, which are associated with the surface contribution of species Ni3p and Al2p [64] . Fig. 9 (G) highlighted the spectra of Y3d; the possible peaks of Y3d 5/2 and Y3d 3/2 marked at positions ca. 155.27 and 157.39 eV binding energies, respectively [94] . Fig. 9 (H) referred the two peak regions for C1s; the main contribution is shown at a binding energy of ca. 283.34 eV, which can signal the existence of carbon bonded to a metal, e.g., metal carbide or a carbon-metal interaction [95] , and the second peak appeared at 287.2 eV, that associated with the carboxyl group (C=O) for CAT-P sample [96] .",selected_images/img1721.jpg,"[{""x"":0.20609560060041504,""y"":0.9708737864077671,""width"":49.66903974470001,""height"":24.410540915395277,""rotation"":0,""rectanglelabels"":[""A""],""original_width"":2918,""original_height"":4336},{""x"":50.081230945900835,""y"":0.6934812760055478,""width"":49.66903974470003,""height"":24.410540915395288,""rotation"":0,""rectanglelabels"":[""B""],""original_width"":2918,""original_height"":4336},{""x"":0.4121912012008301,""y"":26.21359223300971,""width"":48.63856174169795,""height"":24.82662968099861,""rotation"":0,""rectanglelabels"":[""C""],""original_width"":2918,""original_height"":4336},{""x"":49.875135345300436,""y"":25.93619972260749,""width"":48.638561741697956,""height"":24.687933425797503,""rotation"":0,""rectanglelabels"":[""D""],""original_width"":2918,""original_height"":4336},{""x"":0.20609560060041504,""y"":51.59500693481276,""width"":48.226370540497115,""height"":23.71705963938973,""rotation"":0,""rectanglelabels"":[""E""],""original_width"":2918,""original_height"":4336},{""x"":49.46294414409961,""y"":51.31761442441054,""width"":47.814179339296274,""height"":23.994452149791947,""rotation"":0,""rectanglelabels"":[""F""],""original_width"":2918,""original_height"":4336},{""x"":0.4121912012008301,""y"":75.4507628294036,""width"":47.81417933929629,""height"":24.5492371705964,""rotation"":0,""rectanglelabels"":[""G""],""original_width"":2918,""original_height"":4336},{""x"":49.050752942898775,""y"":76.00554785020805,""width"":50.699517747702096,""height"":23.994452149791954,""rotation"":0,""rectanglelabels"":[""H""],""original_width"":2918,""original_height"":4336}]"
img1722,"Catalytic activity tests at 1 atm (A) T1-Screening at 100 ml/min and 200–550 °C (B) CH 4 selectivity (%) and CO selectivity (%) for T1-test; (C) Comparison of CO 2 conversion at 400 °C and H 2 /CO 2 = 4, and GHSV = 1000 h −1 for T1-test; (D) T2-GHSV =500–1000–2000 h −1 at 400 °C (E) T3- effect of feed ratios (CO 2 /H 2 ) at 400 °C; (F) T4-effect of CO 2 partial injection (%) at 400 °C and 1000 h −1 among structured catalysts.","Indeed, these findings are consistent with calcined samples' EDX mapping and elemental composition analysis, which are presented in supporting Fig. (S1). Fig. 10 (A–C) displayed the catalytic activity assessment based on the planned T1 experiment, as previously discussed in Table 1 . || Fig. 10 (A) shows the catalytic performance of powders and structured catalysts as a function of temperature for CO 2 methanation under ideal reaction conditions within equilibrium boundaries for the temperature range of 200–550 °C. || Monolithic architectures improve reactant distribution, reduce diffusion limitations, and assist in heat management, leading to increased catalytic efficiency even with similar active-phase compositions. Fig. 10 (B) shows both selectivity trends for CH 4 -CO of structured catalysts under the selected temperature range, which is important to consider for the production of SNG, as inferred from the diagram. || Interestingly, three comparisons for % improvements were established as displayed by Fig. 10 (C); at first sight, a remarkable difference was recorded between powder slurry and the 3D printed triangular geometry, which showed the 4.2 times higher CO 2 conversion achieved for TRI-3D when studied under the same reaction conditions. || In addition, Fig. 10 (C) exhibited the results of the regulated design with approximately 9.90% enhancement in CO 2 conversion.",selected_images/img1722.jpg,"[{""x"":-2.220446049250313e-16,""y"":0.13869625520110956,""width"":49.00737547703319,""height"":32.732316227461865,""rotation"":0,""rectanglelabels"":[""A""],""original_width"":2946,""original_height"":3731},{""x"":51.29087325911718,""y"":0.4160887656033287,""width"":48.70912674088282,""height"":32.593619972260754,""rotation"":0,""rectanglelabels"":[""B""],""original_width"":2946,""original_height"":3731},{""x"":0,""y"":33.841886269070734,""width"":48.48041445039843,""height"":32.73231622746186,""rotation"":0,""rectanglelabels"":[""C""],""original_width"":2946,""original_height"":3731},{""x"":51.64218061020702,""y"":33.980582524271846,""width"":48.35781938979298,""height"":31.34535367545076,""rotation"":0,""rectanglelabels"":[""D""],""original_width"":2946,""original_height"":3731},{""x"":0,""y"":66.85159500693482,""width"":49.358682828123044,""height"":33.148404993065185,""rotation"":0,""rectanglelabels"":[""E""],""original_width"":2946,""original_height"":3731},{""x"":50.93956590802734,""y"":66.01941747572816,""width"":49.06043409197266,""height"":33.98058252427184,""rotation"":0,""rectanglelabels"":[""F""],""original_width"":2946,""original_height"":3731}]"
img1723,"(A) Long-term stability test at 1 atm and 400 °C for 110 h under ideal gas conditions (CO 2 /H 2 /N 2 = 15/60/25); (B) CH 4 yield and CO yield under stability test; (C) Arrhenius plot for structured and non-structured catalysts, and (D) TGA analysis of calcined and spent powder catalysts (CAT-P, SUL-P).","Fig. 11 (A–B) evidenced the performance evaluation of the structured catalysts under the T5-Stability test design parameters (considering all optimal reaction conditions, i.e. 1 atm, 400 °C, GHSV = 1000 h −1 , and H 2 /CO 2 = 4) for 110 h Time on screen (ToS). || Conversley, the long-term stability experiment illustrated that at set test conditions shown in Fig. 11 (A), three monoliths (REC-CC, TRI-3D, and TRN-3D) showed almost stable CO 2 conversion profiles over 110 h ToS, while REC-3D, indicated a faster decline in CO 2 conversion measurements. || Moreover, Fig. 11 (A) also demonstrated the percentage of CH 4 -CO selectivity measurements during the stability assessments. || These three monoliths, i.e. REC-CC, TRI-3D, and TRN-3D presented almost constant trends for CH 4 selectivity, showing the highest contribution (97%) of CO 2 conversion towards methane production (CO 2 to CH 4 ). Fig. 11 (B) compares methane and carbon monoxide percentage yield estimated over long-term stability tests for three structured catalysts. || Finally, structured catalysts' stable CO 2 conversion performance was evaluated under tested reaction conditions. Fig. 11 (C) compares the apparent activation energies (Ea) of structured or non-structured catalysts via the Arrhenius plot.",selected_images/img1723.jpg,"[{""x"":0.2253045564223218,""y"":0.2773925104022192,""width"":48.44047963079918,""height"":49.375866851595006,""rotation"":0,""rectanglelabels"":[""A""],""original_width"":3158,""original_height"":2565},{""x"":49.34169785648847,""y"":0.4160887656033288,""width"":50.65830214351153,""height"":49.514563106796125,""rotation"":0,""rectanglelabels"":[""B""],""original_width"":3158,""original_height"":2565},{""x"":0,""y"":51.31761442441055,""width"":48.55313190901035,""height"":47.7115117891817,""rotation"":0,""rectanglelabels"":[""C""],""original_width"":3158,""original_height"":2565},{""x"":49.567002412910796,""y"":50.624133148405,""width"":50.01761152575543,""height"":48.68238557558946,""rotation"":0,""rectanglelabels"":[""D""],""original_width"":3158,""original_height"":2565}]"
img1725,"(a) Multistage representation of shockwave turboreactors indicating the stage components. (b) Representative thermodynamic profiles of the static temperature, total temperature, static pressure, and total pressure across a single stage, where S, R, and D are Stator, Rotor, and Diffuser, respectively, modified from [ 13 ]. (c) Flow boundary layer (BL) transition along an Additive Manufacturing (AM)-driven rough surface. (d) Dross formation on a highly angled SLM surface.","It uses typical turbomachinery components: a stator or inlet guide vane (IGV), a rotor, and a diffuser, along with the vaneless space, which constitutes a single stage ( Fig. 1 (b)). || A multistage configuration can easily be obtained by repeating multiple stages one after the other for a rapid temperature increase, as seen in Fig. 1 (a). || Several studies have shown that high angled or intricate designs lead to dross formation, as shown in Fig. 1 (c) and (d), cratered sharp edges and a change in intended channel cross-sectional areas [ 26 , 27 , 31 , 32 ]. || The stage heat input rate is dependent on mass flow ( ), using [ 18 , 19 ], this corresponds to around 202 kW for the baseline, while the energy addition is given for a single stage, while an industrial reactor would be a multistage configuration, as shown in Fig. 1 . || However, closer to the built plate, there is re-melting on the steepest down-skin side, leading to dross formation regions as discussed earlier in Fig. 1 (d).",selected_images/img1725.jpg,"[{""x"":2.779081447704763e-15,""y"":0,""width"":60.33291262552055,""height"":58.945908460471585,""rotation"":0,""rectanglelabels"":[""A""],""original_width"":3333,""original_height"":1928},{""x"":61.45613174354884,""y"":0.27739251040221913,""width"":38.54386825645116,""height"":55.2011095700416,""rotation"":0,""rectanglelabels"":[""B""],""original_width"":3333,""original_height"":1928},{""x"":0.3209197480080879,""y"":60.05547850208044,""width"":59.20969350749222,""height"":39.94452149791956,""rotation"":0,""rectanglelabels"":[""C""],""original_width"":3333,""original_height"":1928},{""x"":60.9747521215367,""y"":60.74895977808599,""width"":39.0252478784633,""height"":39.25104022191401,""rotation"":0,""rectanglelabels"":[""D""],""original_width"":3333,""original_height"":1928}]"
img1727,"(a) The eSRD numerical domain scaled from baseline [ 14 ] to the demonstrator scale, with periodic interfaces for CFD simulations. (b) Mesh domain of the stage at midspan. (d) Zoomed view of the blades section with hexahedral structured mesh at midspan for the demonstrator turboreactor and the corresponding (c) y + plot of the blades.","The numerical domain includes a single blade within the periodic domain for each blade cascade as shown in Fig. 3 (a) and (b). Fig. 3 (a) shows a representative domain scaling from the baseline scale to the demonstrator scale domain of D4, as discussed in Section 2.4 . || A multi-block structured mesh was generated, which is crucial for faster and more accurate simulation results. Fig. 3 (b) shows the mesh generated for the entire domain with a closer view; see Fig. 3 (d), which shows the mesh around the blades. || Additionally, near-wall refinement was ensured by maintaining average y + < 5, as shown in Fig. 3 (c), representing the y + around the blade midspan for the stator rotor and the diffuser, respectively.",selected_images/img1727.jpg,"[{""x"":0.1579778830963665,""y"":0.8688783570300156,""width"":56.39810426540284,""height"":45.90573986308583,""rotation"":0,""rectanglelabels"":[""A""],""original_width"":3333,""original_height"":1818},{""x"":56.6350710900474,""y"":0.5792522380200105,""width"":43.3649289099526,""height"":31.714060031595572,""rotation"":0,""rectanglelabels"":[""B""],""original_width"":3333,""original_height"":1818},{""x"":0.1579778830963665,""y"":47.35387045813585,""width"":48.49921011058452,""height"":52.64612954186415,""rotation"":0,""rectanglelabels"":[""C""],""original_width"":3333,""original_height"":1818},{""x"":56.79304897314377,""y"":38.8098999473407,""width"":43.20695102685621,""height"":59.95260663507107,""rotation"":0,""rectanglelabels"":[""D""],""original_width"":3333,""original_height"":1818}]"
img1730,Different design modifications adhering to manufacturing constraints.,"The most concerning part was the trailing edge of the stator and the leading edge of the diffuser, as shown in Fig. 6 (c). . || Initially, IGV blades were prismatic; however, the influence of the volute design [ 54 ] led to reactor blade design modifications, as seen in Fig. 6 (a) and (b). || Since the initial axial chord is kept at design length at the hub, the shroud axial chord is extended to achieve the required lean, as shown in Fig. 6 (a). || A sectional view of the printed assembly, Fig. 6 (a) and (b), confirms that sweep is essential to overcome the overhang from the blade LE to the volute. || The initial design featured rotor blades that were highly cambered and low-pitch, resulting in narrow gaps, as shown in Fig. 6 (c).",selected_images/img1730.jpg,"[{""x"":9.873617693522908,""y"":0,""width"":35.54502369668249,""height"":39.37299001354096,""rotation"":0,""rectanglelabels"":[""A""],""original_width"":3333,""original_height"":1792},{""x"":46.998420221169035,""y"":1.0283989928909953,""width"":37.75671406003159,""height"":36.287793034867974,""rotation"":0,""rectanglelabels"":[""B""],""original_width"":3333,""original_height"":1792},{""x"":3.552713678800502e-15,""y"":41.723616283006095,""width"":34.12322274881517,""height"":58.276383716993905,""rotation"":0,""rectanglelabels"":[""C""],""original_width"":3333,""original_height"":1792},{""x"":34.20221169036335,""y"":41.870530424847665,""width"":28.988941548183256,""height"":32.32111120514556,""rotation"":0,""rectanglelabels"":[""D""],""original_width"":3333,""original_height"":1792},{""x"":64.06003159557662,""y"":38.197676878808394,""width"":35.939968404423354,""height"":61.80232312119155,""rotation"":0,""rectanglelabels"":[""E""],""original_width"":3333,""original_height"":1792}]"
img1731,(a) Manufacturing workflow integrating from AM-driven modifications to component fabrication. (b) 3D scan deviation contour of the ‘as-built’ component cut-section before post-processing. (c) Final post-processed single monolithic centre block cut-section using IN718 of the eSRD turboreactor demonstrator. (d) EDM applied for post-processing of bearing pockets and internal channels.,"CFD confirmed that the slant reorients the absolute flow angle at the IGV inlet and changes stage temperature rise by <1 %, a negligible penalty for the gained print quality [ 54 ]. Fig. 7 (b) and (c) shows large mounting plates at both ends of the centre monolithic block, which restricted the use of a continuous lattice infill. || Instead, straight ribbed supporting structures were used, as seen in Fig. 7 (b). Fig. 7 (a) shows the fabrication methodology adopted for the additive-manufactured IN718 parts. || Once the part was printed, a high-resolution 3D scan was performed, as seen in Fig. 7 (b), imported into ZEISS INSPECT [ 62 ] to inspect and generate a colour-map of dimensional deviation of the ‘as-built’ component relative to the nominal CAD, revealing local errors within ±1.6 mm before any material removal from near the built plate. Fig. 7 (b) shows that the maximum deviations of 0.91 mm occurred near the supporting structures, while the high tolerance requirement surfaces had low deviations that are not consequential to the turboreactor performance. || Post-processing is then progressed in two steps: precision CNC milling eliminated the built-plate and overhang supports and brought the faces to the required high-tolerance finish (Ra < 0.8 µm) as seen in Fig. 7 (c), and electrical-discharge machining (EDM) opened the bearing pockets and channels that are inaccessible to rotary tools ( Fig. 7 (d)).",selected_images/img1731.jpg,"[{""x"":0.0781993092926314,""y"":5.773159728050814e-15,""width"":31.82711888210098,""height"":92.02127659574468,""rotation"":0,""rectanglelabels"":[""A""],""original_width"":3333,""original_height"":980},{""x"":32.29631473785677,""y"":3.9968028886505635e-15,""width"":31.123325098467298,""height"":98.93617021276596,""rotation"":0,""rectanglelabels"":[""B""],""original_width"":3333,""original_height"":980},{""x"":64.43623085712828,""y"":0.5319148936170213,""width"":17.594844590842058,""height"":81.11702127659575,""rotation"":0,""rectanglelabels"":[""C""],""original_width"":3333,""original_height"":980},{""x"":82.65666992231141,""y"":4.884981308350689e-15,""width"":17.343330077688606,""height"":71.80851063829788,""rotation"":0,""rectanglelabels"":[""D""],""original_width"":3333,""original_height"":980},{""x"":68.42439563105248,""y"":84.8404255319149,""width"":31.279723717052562,""height"":15.159574468085097,""rotation"":0,""rectanglelabels"":[""COMMON_PARTIAL""],""original_width"":3333,""original_height"":980}]"
img1732,"µCT-scan dimensional comparison of the SLM with post-machined IN718 turboreactor parts, colour scales show signed deviations between the ‘as-intended’ CAD and the ‘as-built’ geometry extracted from µCT data. (a) Deviation map of the drive turbine rotor [ 54 ] with a blade midspan slice indicating the blade profile deviations. (b) µCT verification cut-section of rotor press-fit integrity. (c) Volute top-view deviation map and corresponding mid-plane section. (d) Internal channel cross-sections are sampled in different print locations.","The colour scales in Fig. 8 show signed deviations between the ‘as-intended’ CAD and the ‘as-built’ geometry extracted from µCT data, where positive values mean oversized and negative values are undersized regions. || Depending on the print direction from the built plate, as seen in Fig. 8 (a) and (b), the blade edges had minimal deviations on the blade leading edge (LE). || Looking closer at the blade profile at midspan, most regions on the PS and SS are ‘as-intended’ with deviations at the leading and trailing edges; these deviations vary slightly from blade to blade and do not exceed the ±0.1 mm range. Fig. 8 (b) shows press-fit quality verification by µCT, displaying no deviation and a seamless fit between the shaft and the rotor blisk as seen in the raw µCT slice and deviation contour. || Fig. 8 (c) shows the volute top view deviation map, where surfaces that were supported during printing and subsequently removed ( Fig. 6 (e)), left scars around 2–4 % of the local hydraulic diameter. || However, most parts of the volute have <1 % of the local hydraulic diameter and do not compromise the flow area requirements of the volute. Fig. 8 (d) shows the cross-sections of the integrated internal bearing channels, where the edge radius was increased to maintain the integrity of the channels, leading to the ‘as-built’ geometry being close to the ‘as-intended’ design without any collapsed channels.",selected_images/img1732.jpg,"[{""x"":0.35366920880714975,""y"":5.6865464632454925,""width"":50.45680712315337,""height"":42.30235783633842,""rotation"":0,""rectanglelabels"":[""A""],""original_width"":3333,""original_height"":2833},{""x"":51.75359422211292,""y"":5.131761442441054,""width"":46.33066635373662,""height"":39.25104022191401,""rotation"":0,""rectanglelabels"":[""B""],""original_width"":3333,""original_height"":2833},{""x"":0,""y"":48.95977808599168,""width"":50.22102765061527,""height"":51.04022191400832,""rotation"":0,""rectanglelabels"":[""C""],""original_width"":3333,""original_height"":2833},{""x"":51.87148395838197,""y"":47.43411927877948,""width"":48.12851604161803,""height"":52.56588072122052,""rotation"":0,""rectanglelabels"":[""D""],""original_width"":3333,""original_height"":2833},{""x"":22.281160154850436,""y"":0,""width"":63.89623705782506,""height"":5.270457697642163,""rotation"":0,""rectanglelabels"":[""COMMON_ALL""],""original_width"":3333,""original_height"":2833}]"
img1733,"(a), (b) and (c) are SEM images before AM-driven modifications. (d), (e) and (f) are SEM images of the blisk (g) with the AM-driven modifications.","The SEM analysis was conducted at a magnification of × 50 at a voltage of 10 kV to provide detailed insights into the surface topography, Fig. 9 . || The SEM observations revealed the roughness patterns at the trailing edge, Fig. 9 , which are critical for understanding whether values such as loss coefficient, flow separation, and pressure distribution affect the AM feasibility of the blade and its aerodynamic performance. || The microscopy results are presented in Fig. 9 (a) to (f) for SEM and Fig. 10 (b) for optical microscopy. || The high roughness could already be visualised at lower magnification, as shown in Fig. 9 (a) to (c). || Adhering to the AM-driven constraints, JSM 7600F SEM was used to measure the new parts with 10x more magnification, as the quality of the bladed region was drastically improved, as seen in Fig. 9 (d).",selected_images/img1733.jpg,"[{""x"":0.15812392050015814,""y"":0,""width"":23.16515435327314,""height"":50,""rotation"":0,""rectanglelabels"":[""A""],""original_width"":3333,""original_height"":1365},{""x"":24.58826963777459,""y"":1.88609316924737e-15,""width"":23.244216313523243,""height"":50.19305019305019,""rotation"":0,""rectanglelabels"":[""B""],""original_width"":3333,""original_height"":1365},{""x"":49.01841535504902,""y"":0.7722007722007722,""width"":23.244216313523246,""height"":48.84169884169884,""rotation"":0,""rectanglelabels"":[""C""],""original_width"":3333,""original_height"":1365},{""x"":0.2371858807502372,""y"":53.47490347490348,""width"":23.56046415452356,""height"":46.52509652509652,""rotation"":0,""rectanglelabels"":[""D""],""original_width"":3333,""original_height"":1365},{""x"":25.062641399275066,""y"":52.702702702702695,""width"":23.876711995523877,""height"":47.297297297297305,""rotation"":0,""rectanglelabels"":[""E""],""original_width"":3333,""original_height"":1365},{""x"":49.96715887804996,""y"":52.509652509652504,""width"":24.034835916024043,""height"":47.490347490347496,""rotation"":0,""rectanglelabels"":[""F""],""original_width"":3333,""original_height"":1365},{""x"":74.3973045953244,""y"":52.509652509652504,""width"":25.6026954046756,""height"":47.490347490347496,""rotation"":0,""rectanglelabels"":[""G""],""original_width"":3333,""original_height"":1365},{""x"":72.57887950957269,""y"":12.355212355212355,""width"":13.04522344126296,""height"":20.07722007722006,""rotation"":0,""rectanglelabels"":[""COMMON_PARTIAL""],""original_width"":3333,""original_height"":1365}]"
img1735,(a) and (b) compare the static temperature and static pressure contours of the design with and without manufacturing constraints. (c) Comparison plot of total and static temperature and pressure across the computational domain.,"A 9.4 % decrease in temperature change ∆T tt was observed in D4-AM. Fig. 11 (a) shows that due to the new blade profiles in D4-AM, the flow separation occurs earlier on the pressure side (PS) of the rotor, leading to energy losses or imparting kinetic energy to the fluid inefficiently, leading to a lower temperature rise across the stage. || The same mass flow can be achieved by changing the pressure ratios; however, the static pressure levels inside the eSRD must remain low to avoid coke deposition [ 40 , 74 ], resulting in a stage total pressure ratio, π tt , that needs to be maintained around 1.1, as seen in Fig. 11 (c).",selected_images/img1735.jpg,"[{""x"":3.4416913763379853e-15,""y"":3.2196467714129536e-15,""width"":46.25460676497285,""height"":44.10540915395285,""rotation"":0,""rectanglelabels"":[""A""],""original_width"":2917,""original_height"":2157},{""x"":50.25445080895054,""y"":0,""width"":47.998128527732355,""height"":45.076282940360585,""rotation"":0,""rectanglelabels"":[""B""],""original_width"":2917,""original_height"":2157},{""x"":3.4416913763379853e-15,""y"":46.04715672676838,""width"":48.921169460957984,""height"":53.95284327323162,""rotation"":0,""rectanglelabels"":[""C""],""original_width"":2917,""original_height"":2157},{""x"":50.45957101633402,""y"":45.76976421636616,""width"":49.54042898366598,""height"":54.23023578363384,""rotation"":0,""rectanglelabels"":[""D""],""original_width"":2917,""original_height"":2157}]"
img175,"Surface images of raw zones 1 (a) and 2 (b), IPF map in building direction of zones 1 (c) and 2 (d), associated pole figures (e) and (f).","In Fig. 6 , the surface topography of each zone is compared with the associated microstructure. || Finally, the texture of the two zones, represented by pole figures (e) and (f) in Fig. 6 , is of interest.",selected_images/img175.jpg,"[{""x"":0.5695252405534769,""y"":0.13869625520110956,""width"":48.409645447045534,""height"":33.980582524271846,""rotation"":0,""rectanglelabels"":[""A""],""original_width"":3011,""original_height"":3091},{""x"":51.25727164981292,""y"":0.6934812760055479,""width"":48.552026757183896,""height"":33.287101248266296,""rotation"":0,""rectanglelabels"":[""B""],""original_width"":3011,""original_height"":3091},{""x"":0.711906550691846,""y"":36.1997226074896,""width"":48.1248828267688,""height"":32.454923717059636,""rotation"":0,""rectanglelabels"":[""C""],""original_width"":3011,""original_height"":3091},{""x"":50.83012771939781,""y"":36.33841886269071,""width"":49.16987228060219,""height"":32.316227461858524,""rotation"":0,""rectanglelabels"":[""D""],""original_width"":3011,""original_height"":3091},{""x"":1.1390504811069537,""y"":69.62552011095701,""width"":96.81929089409107,""height"":30.374479889042988,""rotation"":0,""rectanglelabels"":[""E""],""original_width"":3011,""original_height"":3091}]"
img1779,"Failure modes of TPR ABS 3D prints: (a) RE-ABS-UR, (b) RS-ABS-UR, (c) TO-ABS-UR, (d) RE-ABS-UD, (e) RS-ABS-UD, (f) TO-ABS-UD. Note: (a–c) bottom views of UR configurations, (d–f) bottom views of UD configurations.","The TPR load capacities can be related to the printing path- dependent anisotropy inherent to FDM 3D printed polymers [9] . Fig. 13 shows bottom views of the tested TPR specimens. || RE-ABS exhibited the highest load capacity ( Figs. 10 (a) and 11 (a)) and suffered from pure strut failure due to stress concentrations at its sharp corners (see Fig. 13 (a) and (d)). || Similar to RE-ABS, RS-ABS mostly failed at its struts (again near the joints), but also showed some vertical delamination among neighbouring filaments (i.e., intra-layer failure), see Fig. 13 (b) and (e). || However, TO-ABS samples contained significantly more intra-layer delamination and less strut failure, probably because of their lack of sharp angles (see Fig. 13 (c) and (f)).",selected_images/img1779.jpg,"[{""x"":0.15597266810859042,""y"":0.27739251040221913,""width"":49.75528112664035,""height"":33.009708737864074,""rotation"":0,""rectanglelabels"":[""A""],""original_width"":2288,""original_height"":2573},{""x"":0.31194533621718085,""y"":33.56449375866852,""width"":49.59930845853176,""height"":32.87101248266296,""rotation"":0,""rectanglelabels"":[""B""],""original_width"":2288,""original_height"":2573},{""x"":0,""y"":66.7128987517337,""width"":50.067226462857526,""height"":33.287101248266296,""rotation"":0,""rectanglelabels"":[""C""],""original_width"":2288,""original_height"":2573},{""x"":50.379171799074705,""y"":0.27739251040221913,""width"":49.620828200925295,""height"":33.009708737864074,""rotation"":0,""rectanglelabels"":[""D""],""original_width"":2288,""original_height"":2573},{""x"":50.067226462857526,""y"":33.42579750346741,""width"":49.932773537142474,""height"":32.732316227461865,""rotation"":0,""rectanglelabels"":[""E""],""original_width"":2288,""original_height"":2573},{""x"":50.5351444671833,""y"":66.7128987517337,""width"":49.4648555328167,""height"":33.148404993065185,""rotation"":0,""rectanglelabels"":[""F""],""original_width"":2288,""original_height"":2573}]"
img1780,"Lateral contraction of TPR ABS 3D prints: (a,c) top views of RE-ABS-UR, (b,d) top views of TO-ABS-UR. Note: (a,b) 2 mm vertical displacement, (c,d) 4 mm vertical displacement.","Finally, Fig. 14 illustrates how the auxetic top chords of the RE-ABS-UR and TO-ABS-UR specimens undergo lateral contraction during loading. || Through comparison of Fig. 14 (a) and (c) as well as Fig. 14 (b) and (d) for RE-ABS-UR and TO-ABS-UR, respectively, it can be clearly observed that the TPR designs exhibit more lateral contraction as a result of increasing compressive bending strains for larger vertical displacements.",selected_images/img1780.jpg,"[{""x"":0,""y"":0,""width"":49.91974045372103,""height"":49.930651872399444,""rotation"":0,""rectanglelabels"":[""A""],""original_width"":2288,""original_height"":3050},{""x"":0,""y"":50.06934812760056,""width"":49.549964598508275,""height"":49.93065187239942,""rotation"":0,""rectanglelabels"":[""B""],""original_width"":2288,""original_height"":3050},{""x"":50.10462838132741,""y"":0,""width"":49.89537161867259,""height"":50.069348127600556,""rotation"":0,""rectanglelabels"":[""C""],""original_width"":2288,""original_height"":3050},{""x"":50.10462838132741,""y"":50.34674063800277,""width"":49.89537161867259,""height"":49.51456310679612,""rotation"":0,""rectanglelabels"":[""D""],""original_width"":2288,""original_height"":3050}]"
img1781,"Flexural behaviour of TPRCC specimens: (a–c) Load–displacement curves, (d–i) deformation and fracture patterns. Note: (d,f,h) UR, (e,g,i) UD. The shaded areas represent the variations across parallel testing, and the solid lines represent the average results.","The load–displacement curves, deformation and fracture patterns of the six TPRCC layouts are shown in Fig. 15 . || Fig. 15 (a–c) illustrate that the TPRCC-UR specimens have significantly higher load capacities with respect to their UD counterparts. || RE-UR ( Fig. 15 (a)) exhibits load capacities of more than 6 kN, which is an improvement of 191 % with respect to the plain reference mortar (REF, see Fig. 16 (a)). || RE-UD has a significantly lower load capacity, reaching only about 4 kN ( Figs. 15 (a) and 16 (a)), although their toughness values are very close ( Fig. 16 (b)). || RS-UR ( Fig. 15 (b)) performs slightly less than RE-UD in both load capacity and toughness, as shown in Figs. 16 (a) and (b).",selected_images/img1781.jpg,"[{""x"":0,""y"":0.5547850208044383,""width"":48.97056500447581,""height"":32.73231622746187,""rotation"":0,""rectanglelabels"":[""A""],""original_width"":2713,""original_height"":3090},{""x"":0.31593912906113425,""y"":33.84188626907073,""width"":48.18071718182298,""height"":32.45492371705963,""rotation"":0,""rectanglelabels"":[""B""],""original_width"":2713,""original_height"":3090},{""x"":0.31593912906113425,""y"":67.12898751733704,""width"":48.18071718182297,""height"":32.87101248266296,""rotation"":0,""rectanglelabels"":[""C""],""original_width"":2713,""original_height"":3090},{""x"":49.28650413353694,""y"":0.27739251040221913,""width"":50.55026064978148,""height"":11.927877947295423,""rotation"":0,""rectanglelabels"":[""D""],""original_width"":2713,""original_height"":3090},{""x"":49.28650413353694,""y"":15.39528432732316,""width"":50.70823021431205,""height"":14.840499306518723,""rotation"":0,""rectanglelabels"":[""E""],""original_width"":2713,""original_height"":3090},{""x"":49.60244326259807,""y"":33.42579750346741,""width"":50.39755673740193,""height"":13.592233009708735,""rotation"":0,""rectanglelabels"":[""F""],""original_width"":2713,""original_height"":3090},{""x"":49.12853456900637,""y"":49.930651872399444,""width"":50.87146543099363,""height"":13.869625520110965,""rotation"":0,""rectanglelabels"":[""G""],""original_width"":2713,""original_height"":3090},{""x"":49.12853456900637,""y"":66.57420249653259,""width"":50.708230214312046,""height"":15.533980582524265,""rotation"":0,""rectanglelabels"":[""H""],""original_width"":2713,""original_height"":3090},{""x"":49.60244326259807,""y"":82.94036061026353,""width"":50.39755673740193,""height"":17.059639389736475,""rotation"":0,""rectanglelabels"":[""I""],""original_width"":2713,""original_height"":3090}]"
img1784,"Tensile surface images of TPRCC specimens after failure: (a) RE-UR, (b) RS-UR, (c) TO-UR, (d) RE-UD, (e) RS-UD, (f) TO-UD. Note: (a–c) bottom views of UR configurations, (d–f) bottom views of UD configurations.","Analogous to TPR, the TPRCC load capacities can be related to the printing path-dependent anisotropy of the 3D printed reinforcement in a similar manner. Fig. 18 shows bottom views of the tested TPRCC specimens, wherein RE ( Fig. 18 (a) and (d)) again suffered from pure strut failure in the strongest printing direction [9] reflecting the highest load capacity in Fig. 15 (a). || However, RS and TO ( Fig. 18 (b–c) and (e–f)) only showed vertical delamination between adjacent filaments (i.e., intra-layer failure), which is weaker [9] and thus produces relatively close load capacities (see Fig. 16 (a)). || However, especially TO-UD ( Fig. 18 (f)) displayed significantly more intra-layer delamination, relating to the astonishing high toughness in Fig. 16 (b).",selected_images/img1784.jpg,"[{""x"":0,""y"":0.13869625520110956,""width"":49.75528112664035,""height"":32.73231622746186,""rotation"":0,""rectanglelabels"":[""A""],""original_width"":2288,""original_height"":2573},{""x"":0,""y"":33.42579750346741,""width"":49.75528112664035,""height"":33.148404993065185,""rotation"":0,""rectanglelabels"":[""B""],""original_width"":2288,""original_height"":2573},{""x"":0.15597266810859042,""y"":66.99029126213593,""width"":50.06722646285753,""height"":33.009708737864074,""rotation"":0,""rectanglelabels"":[""C""],""original_width"":2288,""original_height"":2573},{""x"":49.91125379474894,""y"":0.13869625520110956,""width"":50.08874620525106,""height"":33.00970873786408,""rotation"":0,""rectanglelabels"":[""D""],""original_width"":2288,""original_height"":2573},{""x"":49.91125379474894,""y"":33.42579750346741,""width"":50.067226462857526,""height"":33.148404993065185,""rotation"":0,""rectanglelabels"":[""E""],""original_width"":2288,""original_height"":2573},{""x"":50.379171799074705,""y"":66.7128987517337,""width"":49.44333579042317,""height"":33.148404993065185,""rotation"":0,""rectanglelabels"":[""F""],""original_width"":2288,""original_height"":2573}]"
img1788,"DIC analysis images of TPRCC specimens before reaching peak load: (a) RE-UR, (b) RE-UD, (c) RS-UR, (d) RS-UD, (e) TO-UR, (f) TO-UD. Coloured regions indicate fine cracks or areas with concentrated horizontal strain. (For interpretation of the references to colour in this figure legend, the reader is referred to the web version of this article.)","DIC analysis results for all TPRCC specimens are presented in Fig. 22 . || The RE-UR layout showed distinct, parallel cracks with uniform spacing (see Fig. 22 (a)) which are likely reflections of the straight, vertical unit cell endings located right behind the longitudinal side surface as shown in Fig. 6 . || Among them, TO-UR ( Fig. 22 (e)) exhibited pronounced crack branching and deflection, primarily occurring near the height of the neutral axis.",selected_images/img1788.jpg,"[{""x"":0.09696463859192617,""y"":0.13869625520110956,""width"":49.839824236250045,""height"":32.87101248266297,""rotation"":0,""rectanglelabels"":[""A""],""original_width"":3051,""original_height"":2133},{""x"":50.0337535134339,""y"":0,""width"":49.9662464865661,""height"":33.00970873786408,""rotation"":0,""rectanglelabels"":[""B""],""original_width"":3051,""original_height"":2133},{""x"":0.19392927718385233,""y"":33.70319001386963,""width"":49.6458949590662,""height"":32.87101248266296,""rotation"":0,""rectanglelabels"":[""C""],""original_width"":3051,""original_height"":2133},{""x"":50.130718152025835,""y"":33.56449375866852,""width"":49.869281847974165,""height"":32.87101248266296,""rotation"":0,""rectanglelabels"":[""D""],""original_width"":3051,""original_height"":2133},{""x"":0.09696463859192617,""y"":66.85159500693482,""width"":49.742859597658125,""height"":33.148404993065185,""rotation"":0,""rectanglelabels"":[""E""],""original_width"":3051,""original_height"":2133},{""x"":50.227682790617756,""y"":66.85159500693482,""width"":49.772317209382244,""height"":33.148404993065185,""rotation"":0,""rectanglelabels"":[""F""],""original_width"":3051,""original_height"":2133}]"
img1789,"Reconstructed μ -CT images of TPRCC: (a–d) RE-UR, and (e–h) RE-UD. (For interpretation of the references to colour in this figure legend, the reader is referred to the web version of this article.)","The internal damage mechanisms of the composites were investigated via -CT scanning, as shown in the reconstructed images of the ROIs in Figs. 23 and 24 . || A comparison of the damage patterns in RE-UR and RE-UD at one-quarter height ( Fig. 23 (c) and (g)) reveals that in both cases, the TPR struts fractured. || At mid-height ( Fig. 23 (b) and (f)), RE-UD again demonstrates more pronounced mortar deterioration than RE-UR. || Near the top of the specimen, mortar failure in RE-UD ( Fig. 23 (e)) diminishes, whereas RE-UR ( Fig. 23 (a)) begins to exhibit damage within the mortar. || This induces lateral expansion in the lower tensile region, resulting in a damage morphology comparable to that observed in the lower part of RE-UD in Fig. 23 (g).",selected_images/img1789.jpg,"[{""x"":25.118483412322274,""y"":0.14007372301211163,""width"":24.407582938388625,""height"":31.656661400737224,""rotation"":0,""rectanglelabels"":[""A""],""original_width"":3059,""original_height"":1725},{""x"":25.27646129541864,""y"":34.318062137967345,""width"":23.93364928909953,""height"":31.516587677725113,""rotation"":0,""rectanglelabels"":[""B""],""original_width"":3059,""original_height"":1725},{""x"":25.039494470774095,""y"":68.63612427593469,""width"":24.40758293838862,""height"":31.36387572406531,""rotation"":0,""rectanglelabels"":[""C""],""original_width"":3059,""original_height"":1725},{""x"":0.1579778830963665,""y"":68.49605055292258,""width"":24.170616113744074,""height"":31.096366508688774,""rotation"":0,""rectanglelabels"":[""D""],""original_width"":3059,""original_height"":1725},{""x"":50.631911532385466,""y"":0.28014744602422326,""width"":24.48657187993681,""height"":31.236440231700893,""rotation"":0,""rectanglelabels"":[""E""],""original_width"":3059,""original_height"":1725},{""x"":50.71090047393365,""y"":34.318062137967345,""width"":24.01263823064771,""height"":31.236440231700897,""rotation"":0,""rectanglelabels"":[""F""],""original_width"":3059,""original_height"":1725},{""x"":50.55292259083728,""y"":68.21590310689835,""width"":24.48657187993681,""height"":31.784096893101648,""rotation"":0,""rectanglelabels"":[""G""],""original_width"":3059,""original_height"":1725},{""x"":75.75039494470775,""y"":68.21590310689835,""width"":24.17061611374406,""height"":31.376513954713005,""rotation"":0,""rectanglelabels"":[""H""],""original_width"":3059,""original_height"":1725},{""x"":0.23696682464454977,""y"":12.466561348077935,""width"":24.249605055292257,""height"":52.80779357556608,""rotation"":0,""rectanglelabels"":[""COMMON_PARTIAL""],""original_width"":3059,""original_height"":1725},{""x"":75.59241706161137,""y"":12.0463401790416,""width"":24.40758293838863,""height"":53.087941021590304,""rotation"":0,""rectanglelabels"":[""COMMON_PARTIAL""],""original_width"":3059,""original_height"":1725}]"
img1790,"Reconstructed μ -CT images of TPRCC: (a–d) TO-UR, and (e–h) TO-UD. (For interpretation of the references to colour in this figure legend, the reader is referred to the web version of this article.)","The internal damage mechanisms of the composites were investigated via -CT scanning, as shown in the reconstructed images of the ROIs in Figs. 23 and 24 . || A similar failure mechanism is also observed in the TO group, as depicted in Fig. 24 . || Notably, the matrix in Fig. 24 (a) shows less severe damage, potentially due to the fact that delamination of the ABS 3D printed reinforcement takes less force than the strut failure observed in Fig. 23 (a).",selected_images/img1790.jpg,"[{""x"":25.118483412322274,""y"":0.14007372301211163,""width"":24.407582938388625,""height"":31.516587677725116,""rotation"":0,""rectanglelabels"":[""A""],""original_width"":3059,""original_height"":1725},{""x"":25.118483412322274,""y"":34.318062137967345,""width"":24.565560821484997,""height"":31.376513954713005,""rotation"":0,""rectanglelabels"":[""B""],""original_width"":3059,""original_height"":1725},{""x"":25.19747235387046,""y"":68.35597682991047,""width"":24.48657187993681,""height"":31.644023170089525,""rotation"":0,""rectanglelabels"":[""C""],""original_width"":3059,""original_height"":1725},{""x"":0.1579778830963665,""y"":68.07582938388626,""width"":24.32859399684044,""height"":31.92417061611374,""rotation"":0,""rectanglelabels"":[""D""],""original_width"":3059,""original_height"":1725},{""x"":50.4739336492891,""y"":0,""width"":24.48657187993681,""height"":31.796735123749336,""rotation"":0,""rectanglelabels"":[""E""],""original_width"":3059,""original_height"":1725},{""x"":50.55292259083728,""y"":34.598209583991576,""width"":24.012638230647717,""height"":31.37651395471299,""rotation"":0,""rectanglelabels"":[""F""],""original_width"":3059,""original_height"":1725},{""x"":50.4739336492891,""y"":68.35597682991047,""width"":24.48657187993681,""height"":31.644023170089525,""rotation"":0,""rectanglelabels"":[""G""],""original_width"":3059,""original_height"":1725},{""x"":75.59241706161137,""y"":68.35597682991047,""width"":24.24960505529225,""height"":31.236440231700882,""rotation"":0,""rectanglelabels"":[""H""],""original_width"":3059,""original_height"":1725},{""x"":0.07898894154818326,""y"":12.606635071090047,""width"":24.328593996840443,""height"":53.087941021590304,""rotation"":0,""rectanglelabels"":[""COMMON_PARTIAL""],""original_width"":3059,""original_height"":1725},{""x"":76.14533965244867,""y"":10.085308056872037,""width"":23.85466034755133,""height"":53.368088467614534,""rotation"":0,""rectanglelabels"":[""COMMON_PARTIAL""],""original_width"":3059,""original_height"":1725}]"
img1825,"a) printed 316L-Al 2 O 3 scaffold, b) higher magnification of the cut edge, c) printed and trimmed 316L-Al 2 O 3 scaffold, d) sintered 316L-Al 2 O 3 scaffold (1280 °C, 1h, Ar) with an interlayer distance of 1.5 mm, e) sintered 316L-Al 2 O 3 scaffold (1280 °C, 1h, Ar) with a gradually decraesed interlayer distance, f) higher magnification of a sintered 316L-Al 2 O 3 scaffold (1280 °C, 1h, Ar) with good adhesion between the layers.","The final scaffold comprised a total of eight layers with a designed final height of 12 mm ( Fig. 3 a). || As can be observed from Fig. 3 , the fabrication of multi-layer and multi-material structures requires controlling the continuity of the ink at the change of printing direction so as good adhesion between consecutive layers. || The sharp change in printing directions, for instance when the nozzle is drawing lines with small curvature radius ( Fig. 3 a), may cause the rupture of the filament due to the tensile stress generated by the balance of adhesion force between the substrate and the shell ink, and the adhesion force of the shell ink with the nozzle. || In Fig. 3 b, the cut edge of the scaffold printed with F = 600 mm/min is reported: the continuity of both the inner metallic core and the outer shell ink are clearly visible, thus showing good control of the printing process and the optimized rheological properties of the produced inks. Fig. 3 c shows the same scaffold after trimming the external curves: all struts show the presence of 316L core. || As shown in Fig. 3 d, the delaminated multilayer structure remains connected solely through the internal metallic filament, whose continuity and ductility preserve the linkage between the separated layers.",selected_images/img1825.jpg,"[{""x"":7.771561172376097e-16,""y"":2.886579864025407e-15,""width"":34.988998154192686,""height"":43.5506241331484,""rotation"":0,""rectanglelabels"":[""A""],""original_width"":3059,""original_height"":1864},{""x"":36.08768650202966,""y"":0.13869625520110956,""width"":32.284534528747834,""height"":43.689320388349515,""rotation"":0,""rectanglelabels"":[""B""],""original_width"":3059,""original_height"":1864},{""x"":69.47090937861448,""y"":0.27739251040221913,""width"":30.52909062138552,""height"":43.41192787794729,""rotation"":0,""rectanglelabels"":[""C""],""original_width"":3059,""original_height"":1864},{""x"":0.5070869297709086,""y"":51.73370319001387,""width"":32.96065043510906,""height"":48.26629680998613,""rotation"":0,""rectanglelabels"":[""D""],""original_width"":3059,""original_height"":1864},{""x"":35.15802713078299,""y"":52.42718446601942,""width"":35.411570595668444,""height"":47.57281553398058,""rotation"":0,""rectanglelabels"":[""E""],""original_width"":3059,""original_height"":1864},{""x"":72.42891646894478,""y"":50.34674063800277,""width"":27.571083531055223,""height"":49.65325936199723,""rotation"":0,""rectanglelabels"":[""F""],""original_width"":3059,""original_height"":1864}]"
img1830,"Backscattered SEM images of polished section of filaments: a) solid 316L sintered at 1280 °C, b) solid 316L sintered at 1350 °C, c) 316L-Al 2 O 3 , P core = 0.5 MPa, sintered at 1280 °C, d) 316L-Al 2 O 3 , P core = 0.5 MPa, sintered at 1350 °C, e) solid Al 2 O 3 sintered at 1350 °C, f) shell Al 2 O 3 sintered at 1350 °C, g) and h) higher magnification images of the core of 316L-Al 2 O 3 sintered at 1280 °C and 1350 °C respectively.","In Fig. 8 the section of filaments after sintering are reported. || In Fig. 8 a and b 316L filaments sintered at 1280 °C and 1350 °C are reported respectively. || In Fig. 8 e and f, Al 2 O 3 solid and shell filaments sintered at 1350 °C are presented, where two pores morphology can be observed. || In Fig. 8 c and d 316L-Al 2 O 3 core-shell filaments sintered at 1280 °C and 1350 °C, respectively are presented. || The steel core shows equiaxed grains with a second intergranular phase ( Fig. 8 g and h), as better detailed in the following.",selected_images/img1830.jpg,"[{""x"":75.35545023696683,""y"":50.79116260925275,""width"":24.56556082148499,""height"":49.20883739074725,""rotation"":0,""rectanglelabels"":[""H""],""original_width"":3592,""original_height"":1551},{""x"":0.1579778830963665,""y"":0.3658649620129907,""width"":24.565560821484993,""height"":49.20883739074724,""rotation"":0,""rectanglelabels"":[""A""],""original_width"":3592,""original_height"":1551},{""x"":0.07898894154818326,""y"":50.79116260925276,""width"":24.56556082148499,""height"":49.20883739074725,""rotation"":0,""rectanglelabels"":[""E""],""original_width"":3592,""original_height"":1551},{""x"":25.19747235387046,""y"":50.79116260925276,""width"":24.56556082148499,""height"":49.20883739074725,""rotation"":0,""rectanglelabels"":[""F""],""original_width"":3592,""original_height"":1551},{""x"":25.039494470774095,""y"":0.30179785146004734,""width"":24.56556082148499,""height"":49.20883739074725,""rotation"":0,""rectanglelabels"":[""B""],""original_width"":3592,""original_height"":1551},{""x"":50.31595576619273,""y"":50.79116260925275,""width"":24.56556082148499,""height"":49.20883739074725,""rotation"":0,""rectanglelabels"":[""G""],""original_width"":3592,""original_height"":1551},{""x"":50.31595576619273,""y"":-1.887379141862766e-15,""width"":24.56556082148499,""height"":49.20883739074725,""rotation"":0,""rectanglelabels"":[""C""],""original_width"":3592,""original_height"":1551},{""x"":75.11848341232228,""y"":0.548797443019486,""width"":24.56556082148499,""height"":49.20883739074725,""rotation"":0,""rectanglelabels"":[""D""],""original_width"":3592,""original_height"":1551}]"
img184,"Image2Gcode overview. Our end-to-end framework generates printer-ready G-code toolpaths directly from visual inputs. (a) The system accepts object photographs and hand-drawn sketches. (b) Preprocessing extracts geometric boundaries from input images. (c) A Denoising Diffusion Probabilistic Model (DDPM) comprises (i) a pre-trained DinoV2 vision encoder that extracts multi-scale semantic features, (ii) a 1D U-Net decoder conditioned on these features via cross-attention that progressively denoises sequences to generate toolpaths, and (iii) Gaussian noise initialization during inference. (d) The predicted G-code defines continuous extrusion trajectories capturing geometry-specific infill patterns. (e) Physical parts fabricated via MEX.","As shown in Fig. 1 , our framework employs a Denoising Diffusion Probabilistic Model (DDPM) that integrates a pre-trained frozen DinoV2 [45] vision encoder with a 1D U-Net decoder through multi-scale cross-attention.",selected_images/img184.jpg,"[{""x"":0.315955766192733,""y"":0.36371921108204447,""width"":18.009478672985782,""height"":98.38604659769302,""rotation"":0,""rectanglelabels"":[""A""],""original_width"":3145,""original_height"":1366},{""x"":18.48341232227488,""y"":0.9092980277051111,""width"":22.906793048973142,""height"":98.74976580877507,""rotation"":0,""rectanglelabels"":[""B""],""original_width"":3145,""original_height"":1366},{""x"":41.46919431279621,""y"":0.36371921108204447,""width"":25.987361769352283,""height"":98.93162541431609,""rotation"":0,""rectanglelabels"":[""C""],""original_width"":3145,""original_height"":1366},{""x"":67.61453396524486,""y"":0.5455788166230667,""width"":15.639810426540294,""height"":98.74976580877507,""rotation"":0,""rectanglelabels"":[""D""],""original_width"":3145,""original_height"":1366},{""x"":83.4913112164297,""y"":0.18185960554102223,""width"":16.350710900473928,""height"":99.81814039445898,""rotation"":0,""rectanglelabels"":[""E""],""original_width"":3145,""original_height"":1366}]"
img1843,"DSC/TG analysis of the individual binder components PE 150 (a), stearic acid (b), lignin sulfonate (c) and cellulose (d).","For this purpose, it was important to exceed the onset-point of the initial decomposition temperature of the main ingredients of the binder system. Fig. 5 shows the results of DSC/TG analysis for each binder component separately. || The DSC/TG signals of LDPE PE150 and LDPE PE70 were identical, therefore the DSC/TG signal of PE150 has been selected as representative for LDPE in Fig. 5 . || It is clearly visible that both the stearic acid and LDPE have very distinct melting points indicated in the range between 70 °C to 120 °C (see the first endothermic peaks in Fig. 5 a and b). || As seen from Fig. 5 d, cellulose reveals an endothermic peak starting at approx. 300 °C which could be related with phase transformation of cellulose [37–39] . || Such alteration of binder characteristic is the result of heating the polymer over the temperature of its first exothermic peak for LDPE (onset point at 220 °C see Fig. 5 a).",selected_images/img1843.jpg,"[{""x"":2.4237685691946833,""y"":-2.6645352591003757e-15,""width"":25.097732603596555,""height"":90.70977134701836,""rotation"":0,""rectanglelabels"":[""A""],""original_width"":3500,""original_height"":899},{""x"":27.834245504300238,""y"":0,""width"":22.986708365910868,""height"":91.62295696460579,""rotation"":0,""rectanglelabels"":[""B""],""original_width"":3500,""original_height"":899},{""x"":51.21188428459734,""y"":0,""width"":22.752150117279122,""height"":91.31856175874333,""rotation"":0,""rectanglelabels"":[""C""],""original_width"":3500,""original_height"":899},{""x"":74.27677873338546,""y"":0.3043952058624777,""width"":22.90852228303362,""height"":91.31856175874331,""rotation"":0,""rectanglelabels"":[""D""],""original_width"":3500,""original_height"":899},{""x"":44.72243940578577,""y"":92.84053778805571,""width"":13.838936669272861,""height"":7.1594622119442874,""rotation"":0,""rectanglelabels"":[""COMMON_ALL""],""original_width"":3500,""original_height"":899},{""x"":98.2017200938233,""y"":17.04613152829876,""width"":1.7982799061766999,""height"":62.40101720180795,""rotation"":0,""rectanglelabels"":[""COMMON_ALL""],""original_width"":3500,""original_height"":899},{""x"":0,""y"":12.784598646224069,""width"":1.7982799061766999,""height"":62.40101720180795,""rotation"":0,""rectanglelabels"":[""COMMON_ALL""],""original_width"":3500,""original_height"":899}]"
img1844,"DSC/TG analysis of the AR78-TiO 2 filament after extrusion EX (a) and after partial debinding in coke grit C (b), in alumina powder A (c) and in alumina powder within coke grit A+ C (d).","Figs. 6 to 10 show the results of the DSC/TG analysis of samples from each filament variant after the different pre-debinding procedure. || Fig. 6 presents the results of DSC/TG analysis from the AR78T filaments. || From the filament in as-extruded state ( Fig. 6 a) common characteristic temperature points for DSC-signal of the binder mixture can be observed, with its endothermic LDPE melting peak at approx. 110 °C and subsequent exothermic peaks of polymer decomposition starting from approx. 180 °C [42] . || Here, only for the AR78T_EX, the sharp peak was strongly overlapping with other lower temperature peaks visible in the temperature range between 320 °C and 450 °C (see Fig. 6 a). || The existence of these overlapping peaks was more clearly exhibited on the DSC/TG signal of other pre-debinding variants of the AR78T filament (see Fig. 6 b-d).",selected_images/img1844.jpg,"[{""x"":72.40031274433154,""y"":0.9152217059209615,""width"":24.706802189210297,""height"":91.82724449406979,""rotation"":0,""rectanglelabels"":[""D""],""original_width"":3500,""original_height"":897},{""x"":2.580140734949179,""y"":1.830443411841923,""width"":24.315871774824082,""height"":90.60694888617518,""rotation"":0,""rectanglelabels"":[""A""],""original_width"":3500,""original_height"":897},{""x"":27.28694292415948,""y"":1.8304434118419217,""width"":21.89210320562942,""height"":90.60694888617516,""rotation"":0,""rectanglelabels"":[""B""],""original_width"":3500,""original_height"":897},{""x"":49.72634870992961,""y"":1.830443411841923,""width"":21.89210320562942,""height"":90.60694888617516,""rotation"":0,""rectanglelabels"":[""C""],""original_width"":3500,""original_height"":897},{""x"":43.627834245504296,""y"":93.65768790591173,""width"":13.682564503518378,""height"":6.342312094088271,""rotation"":0,""rectanglelabels"":[""COMMON_ALL""],""original_width"":3500,""original_height"":897},{""x"":97.73260359655981,""y"":17.389212412498267,""width"":1.7200938232994525,""height"":57.35389357104691,""rotation"":0,""rectanglelabels"":[""COMMON_ALL""],""original_width"":3500,""original_height"":897},{""x"":0.3909304143862392,""y"":16.168916804603654,""width"":1.7200938232994525,""height"":57.35389357104691,""rotation"":0,""rectanglelabels"":[""COMMON_ALL""],""original_width"":3500,""original_height"":897}]"
img1845,"DSC/TG analysis of the 316L-AR78 filament after extrusion EX (a) and after partial debinding in coke grit C (b), in alumina powder A (c) and in alumina powder within coke grit A+ C (d).","Figs. 6 to 10 show the results of the DSC/TG analysis of samples from each filament variant after the different pre-debinding procedure. || Such preservation was revealed for both C and A+ C pre-debinding procedures, presented in Figs. 7 to 10 b and d.",selected_images/img1845.jpg,"[{""x"":2.112309376267372,""y"":2.735562310030395,""width"":24.721843070388505,""height"":89.05775075987842,""rotation"":0,""rectanglelabels"":[""A""],""original_width"":3485,""original_height"":897},{""x"":27.225320849668357,""y"":2.43161094224924,""width"":22.061897929903665,""height"":89.96960486322189,""rotation"":0,""rectanglelabels"":[""B""],""original_width"":3485,""original_height"":897},{""x"":49.6783871825845,""y"":1.82370820668693,""width"":22.60953369412114,""height"":90.5775075987842,""rotation"":0,""rectanglelabels"":[""C""],""original_width"":3485,""original_height"":897},{""x"":72.6790892797181,""y"":1.5197568389057752,""width"":24.878310431593505,""height"":90.27355623100304,""rotation"":0,""rectanglelabels"":[""D""],""original_width"":3485,""original_height"":897},{""x"":43.73262745679486,""y"":93.9209726443769,""width"":12.282687854591757,""height"":6.079027355623097,""rotation"":0,""rectanglelabels"":[""COMMON_ALL""],""original_width"":3485,""original_height"":897},{""x"":98.0441579849376,""y"":18.237082066869302,""width"":1.9558420150623819,""height"":55.623100303951375,""rotation"":0,""rectanglelabels"":[""COMMON_ALL""],""original_width"":3485,""original_height"":897},{""x"":0,""y"":17.02127659574468,""width"":1.9558420150623819,""height"":55.623100303951375,""rotation"":0,""rectanglelabels"":[""COMMON_ALL""],""original_width"":3485,""original_height"":897}]"
img1846,"DSC/TG analysis of the 316L-AR78-TiO 2 filament after extrusion EX (a) and after partial debinding in coke grit C (b), in alumina powder A (c) and in alumina powder within coke grit A+ C (d).","Figs. 6 to 10 show the results of the DSC/TG analysis of samples from each filament variant after the different pre-debinding procedure. || Such preservation was revealed for both C and A+ C pre-debinding procedures, presented in Figs. 7 to 10 b and d.",selected_images/img1846.jpg,"[{""x"":2.5801407349491803,""y"":1.20997306923812,""width"":24.23768569194684,""height"":89.84050039093037,""rotation"":0,""rectanglelabels"":[""A""],""original_width"":3482,""original_height"":900},{""x"":26.974198592650506,""y"":1.8149596038571798,""width"":22.595777951524628,""height"":89.84050039093042,""rotation"":0,""rectanglelabels"":[""B""],""original_width"":3482,""original_height"":900},{""x"":49.804534792806884,""y"":1.8149596038571798,""width"":22.67396403440187,""height"":90.14299365823994,""rotation"":0,""rectanglelabels"":[""C""],""original_width"":3482,""original_height"":900},{""x"":72.63487099296326,""y"":0.60498653461906,""width"":25.25410476935103,""height"":91.05047346016846,""rotation"":0,""rectanglelabels"":[""D""],""original_width"":3482,""original_height"":900},{""x"":44.253322908522286,""y"":92.56293979671618,""width"":13.526192337763874,""height"":7.437060203283821,""rotation"":0,""rectanglelabels"":[""COMMON_ALL""],""original_width"":3482,""original_height"":900},{""x"":0,""y"":16.63712970202415,""width"":2.3455824863174355,""height"":57.171227521501166,""rotation"":0,""rectanglelabels"":[""COMMON_ALL""],""original_width"":3482,""original_height"":900},{""x"":98.04534792806881,""y"":20.56954217704804,""width"":1.9546520719311928,""height"":56.86873425419165,""rotation"":0,""rectanglelabels"":[""COMMON_ALL""],""original_width"":3482,""original_height"":900}]"
img1847,"DSC/TG analysis of the 316L-MgO filament after extrusion EX (a) and after partial debinding in coke grit C (b), in alumina powder A (c) and in alumina powder within coke grit A+ C (d).","Figs. 6 to 10 show the results of the DSC/TG analysis of samples from each filament variant after the different pre-debinding procedure. || Such preservation was revealed for both C and A+ C pre-debinding procedures, presented in Figs. 7 to 10 b and d.",selected_images/img1847.jpg,"[{""x"":2.502651113467656,""y"":0.3048780487804878,""width"":24.322640509013823,""height"":92.37804878048789,""rotation"":0,""rectanglelabels"":[""A""],""original_width"":3220,""original_height"":826},{""x"":27.1381230116649,""y"":0.9146341463414633,""width"":22.36744432661718,""height"":90.85365853658536,""rotation"":0,""rectanglelabels"":[""B""],""original_width"":3220,""original_height"":826},{""x"":49.74019088016967,""y"":1.2195121951219512,""width"":22.211028632025453,""height"":90.85365853658537,""rotation"":0,""rectanglelabels"":[""C""],""original_width"":3220,""original_height"":826},{""x"":72.4204665959703,""y"":0.3048780487804965,""width"":25.026511134676564,""height"":92.98780487804876,""rotation"":0,""rectanglelabels"":[""D""],""original_width"":3220,""original_height"":826},{""x"":43.718186638388126,""y"":92.3780487804878,""width"":12.826086956521728,""height"":7.621951219512198,""rotation"":0,""rectanglelabels"":[""COMMON_ALL""],""original_width"":3220,""original_height"":826},{""x"":98.0448038176034,""y"":18.597560975609756,""width"":1.9551961823966064,""height"":55.18292682926828,""rotation"":0,""rectanglelabels"":[""COMMON_ALL""],""original_width"":3220,""original_height"":826},{""x"":2.7755575615628914e-17,""y"":14.939024390243901,""width"":1.9551961823966064,""height"":55.18292682926828,""rotation"":0,""rectanglelabels"":[""COMMON_ALL""],""original_width"":3220,""original_height"":826}]"
img1848,"DSC/TG analysis of the LSM filament after extrusion EX (a) and after partial debinding in coke grit C (b), in alumina powder A (c) and in alumina powder within coke grit A+ C (d).","Figs. 6 to 10 show the results of the DSC/TG analysis of samples from each filament variant after the different pre-debinding procedure. || The sharp carbon removal peak from the DSC signal of LSM-containing samples after pre-debinding procedures had lower temperature of the peak maximum than other filament variants (see Fig. 10 b-d) ranging from 350 °C to 450 °C for the C procedure and 330 °C to 420 °C for A and A+ C procedures. || Such preservation was revealed for both C and A+ C pre-debinding procedures, presented in Figs. 7 to 10 b and d.",selected_images/img1848.jpg,"[{""x"":27.130570758405003,""y"":1.219551442845595,""width"":22.283033620015633,""height"":90.24680677057401,""rotation"":0,""rectanglelabels"":[""B""],""original_width"":3221,""original_height"":826},{""x"":49.804534792806884,""y"":0,""width"":22.048475371383894,""height"":92.3810217955538,""rotation"":0,""rectanglelabels"":[""C""],""original_width"":3221,""original_height"":826},{""x"":72.16575449569976,""y"":-4.884981308350688e-15,""width"":25.488663017982816,""height"":91.46635821341961,""rotation"":0,""rectanglelabels"":[""D""],""original_width"":3221,""original_height"":826},{""x"":43.471462079749806,""y"":92.0761339348424,""width"":13.682564503518371,""height"":7.923866065157597,""rotation"":0,""rectanglelabels"":[""COMMON_ALL""],""original_width"":3221,""original_height"":826},{""x"":97.96716184519155,""y"":18.293271642683923,""width"":1.8764659890539486,""height"":58.84335711729995,""rotation"":0,""rectanglelabels"":[""COMMON_ALL""],""original_width"":3221,""original_height"":826},{""x"":-2.7755575615628914e-17,""y"":13.719953732012941,""width"":1.8764659890539486,""height"":58.84335711729995,""rotation"":0,""rectanglelabels"":[""COMMON_ALL""],""original_width"":3221,""original_height"":826},{""x"":2.3455824863174355,""y"":1.5244393035569919,""width"":24.23768569194683,""height"":89.33214318843973,""rotation"":0,""rectanglelabels"":[""A""],""original_width"":3221,""original_height"":826}]"
img1850,"SEM overview micrographs of the cross-section of sintered AR78-TiO 2 filaments after different debinding procedures (EX, C, A and A+ C)","After the sintering at 1400 °C under air atmosphere, the cross-sections of AR78T and LSM filaments debound via each described procedure were analyzed by the help of SEM. Figs. 12 and 13 show cross-sections of AR78T and LSM filaments, respectively.",selected_images/img1850.jpg,"[{""x"":0.19959889899439265,""y"":0.13869625520110956,""width"":47.50453796066545,""height"":49.098474341192784,""rotation"":0,""rectanglelabels"":[""A""],""original_width"":2915,""original_height"":4195},{""x"":52.494510435525264,""y"":0.27739251040221913,""width"":47.504537960665466,""height"":48.95977808599167,""rotation"":0,""rectanglelabels"":[""B""],""original_width"":2915,""original_height"":4195},{""x"":0.19959889899439265,""y"":51.59500693481276,""width"":47.30493906167106,""height"":48.40499306518724,""rotation"":0,""rectanglelabels"":[""C""],""original_width"":2915,""original_height"":4195},{""x"":52.294911536530876,""y"":51.45631067961165,""width"":47.705088463469124,""height"":48.54368932038835,""rotation"":0,""rectanglelabels"":[""D""],""original_width"":2915,""original_height"":4195}]"
img1851,"SEM overview micrographs of the cross-section of sintered LSM filaments after different debinding procedures (EX, C, A and A+ C)","After the sintering at 1400 °C under air atmosphere, the cross-sections of AR78T and LSM filaments debound via each described procedure were analyzed by the help of SEM. Figs. 12 and 13 show cross-sections of AR78T and LSM filaments, respectively. || In Fig. 13 a the flat surface of the analyzed filament indicates the region where the filament was lying on the corundum supports during the debinding.",selected_images/img1851.jpg,"[{""x"":0.3991977979887853,""y"":0.13869625520110956,""width"":47.70413685965985,""height"":48.95977808599168,""rotation"":0,""rectanglelabels"":[""A""],""original_width"":2915,""original_height"":4195},{""x"":52.294911536530876,""y"":0.27739251040221913,""width"":47.705088463469124,""height"":49.51456310679611,""rotation"":0,""rectanglelabels"":[""B""],""original_width"":2915,""original_height"":4195},{""x"":0,""y"":51.45631067961165,""width"":48.10333465764863,""height"":48.54368932038835,""rotation"":0,""rectanglelabels"":[""C""],""original_width"":2915,""original_height"":4195},{""x"":52.09531263753648,""y"":51.45631067961165,""width"":47.90468736246352,""height"":48.54368932038835,""rotation"":0,""rectanglelabels"":[""D""],""original_width"":2915,""original_height"":4195}]"
img1852,"Multi-material demonstrator containing of LSM (top layer) and AR78T (bottom layer); after printing (a), after pre-debinding according to the A+ C routine (b), after second debinding in air (c) and after sintering (d).","Fig. 14 presents the LSM/AR78T multi-material demonstrator in different states: (a) after printing, (b) after pre-debinding, (c) after second debinding, (d) after sintering. || After sintering the LSM grit of multi-material demonstrator did exhibit numerous cracks on the surface, caused by the difference in the sintering activity and thermal expansion coefficient between LSM/AR78T (see Fig. 14 d).",selected_images/img1852.jpg,"[{""x"":0.16408893174765418,""y"":0.27739251040221913,""width"":58.00543737279575,""height"":49.098474341192784,""rotation"":0,""rectanglelabels"":[""A""],""original_width"":3239,""original_height"":1916},{""x"":61.36926047362267,""y"":0.27739251040221913,""width"":38.63073952637733,""height"":48.95977808599167,""rotation"":0,""rectanglelabels"":[""C""],""original_width"":3239,""original_height"":1916},{""x"":0.16408893174765418,""y"":51.17891816920943,""width"":57.75930397517426,""height"":48.82108183079057,""rotation"":0,""rectanglelabels"":[""B""],""original_width"":3239,""original_height"":1916},{""x"":61.28721600774883,""y"":51.31761442441054,""width"":38.71278399225117,""height"":48.68238557558946,""rotation"":0,""rectanglelabels"":[""D""],""original_width"":3239,""original_height"":1916}]"
img1856,"Temperature–time curves of the Joule heated carbon felt at different currents (5–25 A) as a function of (a) the width (10, 20, and 30 mm, fixed length = 50 mm) and (b) the length (30, 50, and 70 mm, fixed width = 10 mm). (c) Optical images of the heated felts with varying widths (10 mm, 20 mm, and 30 mm) at 25 A. (d) Optical images of the heated felts with varying lengths (30 mm, 50 mm, and 70 mm) at 25 A.","To confirm the relationship between the dimensions of the carbon felt and the resulting temperature rise, carbon felts with varying widths (10 mm, 20 mm, 30 mm) and lengths (30 mm, 50 mm, 70 mm) were applied, and their heating behavior was monitored under various currents of 5 A, 10 A, 15 A, 20 A, and 25 A for a duration of 10 s, as shown in Fig. 2 . Fig. 2 (a) shows the temperature–time profile of carbon felts with fixed length (50 mm) and variable width (10, 20, 30 mm). || In particular, the higher heat capacity requires a longer time for the temperature to reach a steady state, while the narrowest case with a width of 10 mm has a relatively low heat capacity and reaches temperature stabilization quickly. Fig. 2 (b) presents temperature–time profiles for carbon felts with fixed width (10 mm) and varying lengths (30, 50, 70 mm). || In addition, the heated carbon felts at 25 A for various parameters are shown in Fig. 2 (c and d).",selected_images/img1856.jpg,"[{""x"":2.3412216785126936e-16,""y"":3.2028625398340166e-15,""width"":50.1890833757615,""height"":36.061026352288486,""rotation"":0,""rectanglelabels"":[""A""],""original_width"":2765,""original_height"":2102},{""x"":51.55979363602391,""y"":0.27739251040221913,""width"":48.08029835997321,""height"":36.061026352288486,""rotation"":0,""rectanglelabels"":[""B""],""original_width"":2765,""original_height"":2102},{""x"":1.4432899320127035e-15,""y"":37.03190013869626,""width"":48.291176861552046,""height"":62.55201109570041,""rotation"":0,""rectanglelabels"":[""C""],""original_width"":2765,""original_height"":2102},{""x"":51.34891513444507,""y"":36.89320388349513,""width"":48.54564561476549,""height"":63.106796116504746,""rotation"":0,""rectanglelabels"":[""D""],""original_width"":2765,""original_height"":2102}]"
img1857,"(a–d) Temperature–time profiles for UHS debinding schedules (profiles i–iv) of alumina-silica specimens. Each profile graph contains inset optical images of the specimen after debinding and after sintering (30 s at 1100 °C) (Scale bars = 2 mm). (e) Schematic representation of the debinding process: The decomposition gases generated during the removal of the organic binder escape through the pore network. (f) Schematic representation of the sintering process after complete removal of the organic components during the debinding process. (g) Schematic diagram of the sintering process with remaining residual organics. Scanning electron microscopy (SEM) images of alumina-silica surfaces after UHS sintering with (h) complete removal of organics—showing a uniform, dense grain structure—and (i) incomplete organic removal.","The dwell temperatures were selected based on TG-DSC analysis ( Fig. S2(a) ), which indicated that organic mass loss occurred mainly at approximately 350–450 °C and was complete at 650 °C. Fig. 3 (a–d) presents the temperature–time graphs for the Profiles (i–iv), each with inset images of the same specimen after UHS debinding in air and after UHS sintering under argon. || In Fig. 3 (a), Profile (i) was debinded for 30 s at 450 °C in air and then sintered for 30 s at 1100 °C. || In Fig. 3 (b), the specimen was debinded at 450 °C for 30 s and then held at 650 °C for 30 s before sintering according to Profile (ii). || Profile (iii) increased the dwell time to 240 s at 650 °C, as shown in Fig. 3 (c), which resulted in a brighter appearance of the specimen, indicating more effective removal of carbon residues. || Finally, for Profile (iv) the dwell time at 650 °C was increased to 270 s ( Fig. 3 (d)).",selected_images/img1857.jpg,"[{""x"":0.6292759203636098,""y"":1.1095700416088765,""width"":31.91327881844021,""height"":31.484049930651878,""rotation"":0,""rectanglelabels"":[""A""],""original_width"":3061,""original_height"":1984},{""x"":32.992037539063546,""y"":1.3869625520110958,""width"":31.913278818440205,""height"":31.345353675450763,""rotation"":0,""rectanglelabels"":[""B""],""original_width"":3061,""original_height"":1984},{""x"":0.2696896801558328,""y"":33.56449375866852,""width"":31.373899458128545,""height"":31.067961165048544,""rotation"":0,""rectanglelabels"":[""C""],""original_width"":3061,""original_height"":1984},{""x"":32.63245129885577,""y"":33.841886269070734,""width"":32.992037539063546,""height"":31.06796116504855,""rotation"":0,""rectanglelabels"":[""D""],""original_width"":3061,""original_height"":1984},{""x"":0.5393793603116656,""y"":67.12898751733704,""width"":30.65472697771299,""height"":31.206657420249655,""rotation"":0,""rectanglelabels"":[""E""],""original_width"":3061,""original_height"":1984},{""x"":31.46379601818049,""y"":66.85159500693482,""width"":30.47493385760911,""height"":32.45492371705964,""rotation"":0,""rectanglelabels"":[""F""],""original_width"":3061,""original_height"":1984},{""x"":62.47810923610126,""y"":66.99029126213593,""width"":37.21717586150491,""height"":32.03883495145631,""rotation"":0,""rectanglelabels"":[""G""],""original_width"":3061,""original_height"":1984},{""x"":68.23148907942569,""y"":1.5256588072122053,""width"":29.755761377193565,""height"":29.81969486823856,""rotation"":0,""rectanglelabels"":[""H""],""original_width"":3061,""original_height"":1984},{""x"":68.41128219952958,""y"":34.11927877947296,""width"":29.665864817141614,""height"":29.403606102635237,""rotation"":0,""rectanglelabels"":[""I""],""original_width"":3061,""original_height"":1984}]"
img1858,"SEM images of alumina-silica pellet depending sintering time. (a) Debinded alumina-silica pellet. UHS-sintered specimens for (b) 5 s, (c) 10 s, (d) 15 s, (e) 20 s, (f) 25 s, (g) 30 s, (h) 35 s, and (i) 40 s.","After establishing that complete debinding was achieved under Profile (iv) (650 °C for 270 s), the CDR-specimens were ultrafast-sintered at 1100 °C while varying the dwell time from 5 s to 40 s ( Fig. 4 ). || At short UHS dwell times (5–10 s; Fig. 4 (b and c)), the microstructure remains underdeveloped, with rough internal surfaces and interconnected pores. || At UHS dwell times (15–25 s; Fig. 4 (d–f)), the pore network begins to reorganize. || At 30 s ( Fig. 4 (g)), the specimen exhibits the most homogeneous and compact microstructure. || Notably, extending the dwell time beyond 30 s (35–40 s; Fig. 4 (h and i)) does not produce further meaningful microstructural changes.",selected_images/img1858.jpg,"[{""x"":0.3164682365511032,""y"":0,""width"":32.17427071602883,""height"":31.761442441054093,""rotation"":0,""rectanglelabels"":[""A""],""original_width"":2765,""original_height"":2103},{""x"":33.54563307441693,""y"":0.27739251040221913,""width"":32.701717776947326,""height"":32.03883495145631,""rotation"":0,""rectanglelabels"":[""B""],""original_width"":2765,""original_height"":2103},{""x"":67.19675556101757,""y"":0.13869625520110956,""width"":32.70171777694733,""height"":32.03883495145631,""rotation"":0,""rectanglelabels"":[""C""],""original_width"":2765,""original_height"":2103},{""x"":0.10548941218370106,""y"":34.25797503467407,""width"":32.27976012821252,""height"":31.48404993065187,""rotation"":0,""rectanglelabels"":[""D""],""original_width"":2765,""original_height"":2103},{""x"":33.86210131096805,""y"":34.396671289875144,""width"":32.17427071602882,""height"":31.345353675450788,""rotation"":0,""rectanglelabels"":[""E""],""original_width"":2765,""original_height"":2103},{""x"":67.19675556101757,""y"":34.25797503467407,""width"":32.49073895257993,""height"":31.48404993065187,""rotation"":0,""rectanglelabels"":[""F""],""original_width"":2765,""original_height"":2103},{""x"":0.42195764873480424,""y"":68.0998613037448,""width"":32.17427071602883,""height"":31.345353675450752,""rotation"":0,""rectanglelabels"":[""G""],""original_width"":2765,""original_height"":2103},{""x"":33.86210131096804,""y"":68.51595006934814,""width"":32.174270716028815,""height"":30.92926490984742,""rotation"":0,""rectanglelabels"":[""H""],""original_width"":2765,""original_height"":2103},{""x"":67.29828222305267,""y"":68.37725381414702,""width"":32.59622836476363,""height"":31.206657420249645,""rotation"":0,""rectanglelabels"":[""I""],""original_width"":2765,""original_height"":2103}]"
img1859,"SEM images of alumina-silica specimen (a) sintered in the furnace, (b) using UHS process. (c) Three-point bending test of sintered alumina-silica specimens. (d) FT-IR spectra of alumina-silica specimens depending on sintering method. (e) XRD analysis of alumina-silica specimens depending on sintering method. (Q = quartz, A = alumina) (f) Dental application images with 3D-printed alumina-silica sintered by UHS process.","Therefore, 30 s at 1100 °C was identified as the optimal UHS dwell time for alumina–silica ceramics, as longer dwell times do not contribute additional improvements to the microstructure. Fig. 5 compares alumina-silica specimens processed in the UHS sintering process with those sintered in a conventional furnace. Fig. 5 (a) and (b) show that the microstructures of the alumina–silica specimens sintered by a conventional furnace and by UHS are remarkably similar. || As shown in Fig. 5 (c), the three-point bending strengths of the UHS-sintered (32.04 MPa) and furnace-sintered (30.33 MPa) specimens are comparable. || The FT-IR spectra in Fig. 5 (d) indicate similar chemical bonding characteristics for alumina-silica sintered with UHS and in a conventional furnace. || The XRD analysis in Fig. 5 (e) confirms that the crystalline structure of the ceramic is preserved in both UHS sintering and sintering in conventional furnaces, with prominent alumina (A) and quartz (Q) peaks appearing consistently in both alumina-silica samples. || Finally, Fig. 5 (f) shows a ceramic dental restoration sintered with UHS to demonstrate its practical application in dental ceramics.",selected_images/img1859.jpg,"[{""x"":-8.881784197001252e-16,""y"":3.2196467714129536e-15,""width"":32.069510268562404,""height"":44.30548507238024,""rotation"":0,""rectanglelabels"":[""A""],""original_width"":3060,""original_height"":1653},{""x"":32.859399684044234,""y"":-3.3306690738754696e-15,""width"":32.38546603475514,""height"":43.72059418033562,""rotation"":0,""rectanglelabels"":[""B""],""original_width"":3060,""original_height"":1653},{""x"":66.27172195892575,""y"":1.332267629550188e-15,""width"":33.49131121642969,""height"":50.1543939928265,""rotation"":0,""rectanglelabels"":[""C""],""original_width"":3060,""original_height"":1653},{""x"":0,""y"":50.300616715837656,""width"":32.30647709320695,""height"":49.40693783814004,""rotation"":0,""rectanglelabels"":[""D""],""original_width"":3060,""original_height"":1653},{""x"":32.859399684044234,""y"":49.86194854680417,""width"":32.780410742496045,""height"":50.13805145319583,""rotation"":0,""rectanglelabels"":[""E""],""original_width"":3060,""original_height"":1653},{""x"":65.95576619273301,""y"":50.30061671583764,""width"":34.04423380726699,""height"":46.352603194536435,""rotation"":0,""rectanglelabels"":[""F""],""original_width"":3060,""original_height"":1653}]"
img1860,"Illustration of the LIS process, a) The first layer of slurry is deposited in the build platform by the doctor blade. b) The laser locally dries the slurry, producing the first layer of the green body. c) A new layer of slurry is deposited. d) The laser locally dries the second layer of slurry. e) The excess slurry is drained. f) The printed green body remains.","LIS technology is based on the selective drying of a slurry using a laser ( Fig. 1 ), with many features resembling the well-established stereolithography [ 25 ].",selected_images/img1860.jpg,"[{""x"":0,""y"":1.707522246320545,""width"":33.333333333333336,""height"":43.712569505805924,""rotation"":0,""rectanglelabels"":[""A""],""original_width"":3061,""original_height"":1416},{""x"":33.649289099526065,""y"":1.878274470952598,""width"":33.25434439178516,""height"":42.68805615801359,""rotation"":0,""rectanglelabels"":[""B""],""original_width"":3061,""original_height"":1416},{""x"":67.14060031595577,""y"":1.7075222463205437,""width"":32.701421800947855,""height"":41.663542810221266,""rotation"":0,""rectanglelabels"":[""C""],""original_width"":3061,""original_height"":1416},{""x"":0,""y"":51.90867628814453,""width"":33.72827804107425,""height"":40.63902946242893,""rotation"":0,""rectanglelabels"":[""D""],""original_width"":3061,""original_height"":1416},{""x"":33.807266982622394,""y"":51.90867628814456,""width"":32.385466034755126,""height"":47.98137512160726,""rotation"":0,""rectanglelabels"":[""E""],""original_width"":3061,""original_height"":1416},{""x"":66.42969984202212,""y"":51.737924063512466,""width"":33.57030015797788,""height"":44.22482617970208,""rotation"":0,""rectanglelabels"":[""F""],""original_width"":3061,""original_height"":1416}]"
img1861,"(a) The CeraMax Vario V900 machine for Laser Induced Slip-Casting employed in this work. (b) Details of the build platform, (c) and (d) examples LIS printed alumina parts.","The CeraMax Vario V900, depicted in Fig. 2 a, is equipped with a 120 W CO 2 -Laser that has a focused spot with a diameter of ∼0.5 mm. || The slurry is stored in a reservoir from which it is pumped and spread out by a doctor blade, which deposits it on a build plate ( Fig. 2 b) that is lowered into the vat for every new layer. || During printing, the infrared CO 2 laser progressively dries the slurry according to customizable parameters, as described in the Supplementary Material. Fig. 2 c and d shows examples of alumina parts printed through optimized LIS parameters.",selected_images/img1861.jpg,"[{""x"":0.1579778830963665,""y"":0.14451385896883526,""width"":43.522906793048975,""height"":99.28102111158982,""rotation"":0,""rectanglelabels"":[""A""],""original_width"":3059,""original_height"":1672},{""x"":43.838862559241704,""y"":0.7225692948441763,""width"":55.924170616113756,""height"":45.52186557518311,""rotation"":0,""rectanglelabels"":[""B""],""original_width"":3059,""original_height"":1672},{""x"":43.838862559241704,""y"":46.96700416487146,""width"":26.461295418641384,""height"":52.60304466465603,""rotation"":0,""rectanglelabels"":[""C""],""original_width"":3059,""original_height"":1672},{""x"":70.45813586097947,""y"":46.822490305902626,""width"":29.225908372827803,""height"":52.8920723825937,""rotation"":0,""rectanglelabels"":[""D""],""original_width"":3059,""original_height"":1672}]"
img1864,"SEM micrographies of unpolished green bodies (a: LIS, b: SC); polished green bodies (c: SC, d: LIS); samples sintered at 1190°C-3h in air (e: SC, f: LIS); and at the 1180°C-3h condition in simulated Martian atmosphere (g: SC, h: LIS), evidencing the different morphology before and after sintering and between LIS and SC specimens. The represented samples are those characterized by their compressive strength.","Such findings are confirmed by the LIS and SC green bodies micrographs reported in Fig. 5 a–d. || The effect of the printing process can be clearly observed in unpolished LIS samples ( Fig. 5 b), where ∼250 μm wide layers are present, consistently with the layer height parameter chosen during printing (see Table 4 ). || Conversely, such a structure is absent in SC specimens ( Fig. 5 a). || Clearer insights can come from micrographs of resin-embedded and polished samples, for which higher porosity levels, estimated and reported in Supplementary Table S2 , can be observed in the case of LIS ( Fig. 5 d). || Details on the microstructure of the LIS and SC samples prior to and after sintering are depicted in Fig. 5 .",selected_images/img1864.jpg,"[{""x"":9.975411837616585,""y"":3.0513176144244105,""width"":43.55118826666753,""height"":21.220527045769767,""rotation"":0,""rectanglelabels"":[""A""],""original_width"":1721,""original_height"":3019},{""x"":9.488806382123093,""y"":26.0748959778086,""width"":43.307885538920786,""height"":20.80443828016644,""rotation"":0,""rectanglelabels"":[""B""],""original_width"":1721,""original_height"":3019},{""x"":56.689535564991814,""y"":2.912621359223301,""width"":43.310464435008186,""height"":21.359223300970875,""rotation"":0,""rectanglelabels"":[""C""],""original_width"":1721,""original_height"":3019},{""x"":57.6627464759788,""y"":25.93619972260749,""width"":42.09137190018705,""height"":21.081830790568652,""rotation"":0,""rectanglelabels"":[""D""],""original_width"":1721,""original_height"":3019},{""x"":9.245503654376346,""y"":55.617198335644936,""width"":43.794490994414275,""height"":20.80443828016643,""rotation"":0,""rectanglelabels"":[""E""],""original_width"":1721,""original_height"":3019},{""x"":9.732109109869839,""y"":78.77947295423023,""width"":43.307885538920786,""height"":20.943134535367548,""rotation"":0,""rectanglelabels"":[""F""],""original_width"":1721,""original_height"":3019},{""x"":56.44623283724507,""y"":55.75589459084605,""width"":43.55118826666753,""height"":20.80443828016643,""rotation"":0,""rectanglelabels"":[""G""],""original_width"":1721,""original_height"":3019},{""x"":56.44623283724507,""y"":78.50208044382804,""width"":43.55118826666753,""height"":21.49791955617196,""rotation"":0,""rectanglelabels"":[""H""],""original_width"":1721,""original_height"":3019}]"
img1872,"Weibull fracture probability plots of the compressive strength measured for the cases of (a) LIS-AIR (LIS sample sintered in air at 1190°C-3h), (b) SC-AIR (SC sample sintered in air at 1190°C-3h), (c) LIS-CO 2 (LIS sample sintered in simulated Martian atmosphere at 1180°C-3h), (d) SC-CO 2 (SC sample sintered in simulated Martian atmosphere at 1180°C-3h).","To identify statistically robust trends, the Weibull characteristic compressive strength [ 47 ] was evaluated and reported in Fig. 13 .",selected_images/img1872.jpg,"[{""x"":0,""y"":0,""width"":48.95147638920206,""height"":49.51456310679613,""rotation"":0,""rectanglelabels"":[""A""],""original_width"":3592,""original_height"":2811},{""x"":50.36249455563141,""y"":0.2773925104022192,""width"":49.63750544436859,""height"":48.82108183079057,""rotation"":0,""rectanglelabels"":[""B""],""original_width"":3592,""original_height"":2811},{""x"":0.10853985895610217,""y"":51.31761442441055,""width"":49.060016248158185,""height"":48.68238557558945,""rotation"":0,""rectanglelabels"":[""C""],""original_width"":3592,""original_height"":2811},{""x"":49.92833511980702,""y"":51.59500693481278,""width"":50.07166488019298,""height"":48.40499306518722,""rotation"":0,""rectanglelabels"":[""D""],""original_width"":3592,""original_height"":2811}]"
img1885,Simulation mixing of different types of microreactors under different Reynolds indexes.,"We first introduce the performance comparison of K1-K6 series. Fig. 5 shows the variation of MI with mixing distance in six microreactors from K1 to K6 under different Re. || In Figs. 5a-5f , the curves of the mixing index of the six microreactors with the mixing distance at Re = 2.5 and 7.5 are similar. || ( Fig. 5 ).",selected_images/img1885.jpg,"[{""x"":-2.886579864025407e-15,""y"":-4.440892098500627e-16,""width"":33.33915024420712,""height"":49.04831625183016,""rotation"":0,""rectanglelabels"":[""A""],""original_width"":3549,""original_height"":1915},{""x"":33.65516114699581,""y"":0,""width"":33.65516114699581,""height"":49.780380673499266,""rotation"":0,""rectanglelabels"":[""B""],""original_width"":3549,""original_height"":1915},{""x"":67.0733141169001,""y"":0,""width"":32.926685883099886,""height"":48.60907759882869,""rotation"":0,""rectanglelabels"":[""C""],""original_width"":3549,""original_height"":1915},{""x"":-2.886579864025407e-15,""y"":51.83016105417276,""width"":33.33915024420712,""height"":48.16983894582723,""rotation"":0,""rectanglelabels"":[""D""],""original_width"":3549,""original_height"":1915},{""x"":33.65516114699581,""y"":51.53733528550512,""width"":33.57615842129864,""height"":48.46266471449488,""rotation"":0,""rectanglelabels"":[""E""],""original_width"":3549,""original_height"":1915},{""x"":67.62633319678032,""y"":51.53733528550512,""width"":32.37366680321968,""height"":48.46266471449488,""rotation"":0,""rectanglelabels"":[""F""],""original_width"":3549,""original_height"":1915}]"
img1887,Effect of C H + on Xs.,The results are shown in Fig. 7 .,selected_images/img1887.jpg,"[{""x"":-4.4408920985006257e-16,""y"":2.220446049250313e-16,""width"":33.8107103454682,""height"":48.69942196531791,""rotation"":0,""rectanglelabels"":[""A""],""original_width"":3547,""original_height"":1939},{""x"":34.04770130583364,""y"":0.1445086705202312,""width"":32.94174349079495,""height"":49.421965317919074,""rotation"":0,""rectanglelabels"":[""B""],""original_width"":3547,""original_height"":1939},{""x"":67.06844178341707,""y"":8.881784197001252e-16,""width"":32.852561229794446,""height"":48.98843930635838,""rotation"":0,""rectanglelabels"":[""C""],""original_width"":3547,""original_height"":1939},{""x"":0.15799397357695424,""y"":50.86705202312138,""width"":33.41572541152582,""height"":49.13294797687862,""rotation"":0,""rectanglelabels"":[""D""],""original_width"":3547,""original_height"":1939},{""x"":33.65271637189125,""y"":50.57803468208093,""width"":33.41572541152582,""height"":49.42196531791907,""rotation"":0,""rectanglelabels"":[""E""],""original_width"":3547,""original_height"":1939},{""x"":67.22643575699402,""y"":50.72254335260116,""width"":32.77356424300598,""height"":49.27745664739884,""rotation"":0,""rectanglelabels"":[""F""],""original_width"":3547,""original_height"":1939}]"
img1888,(a) The mixing comparison diagram of the microreactors from K1 to K6 at Re = 25; (b) Optimized microreactors: K7 and K8; (c-f) The optimized microreactor is mixed and compared under different Reynolds indexes.,"Fig. 8a shows the MI comparison diagram of the six microreactors at Re = 25. || On this basis, we optimized its structure and named it K7 and K8 ( Fig. 8b ). || When the flow rate is equal to 0.145 ml/min, the extraction efficiency of In is 96.04 %, while the co-extraction rate of Ge is 11.82 % ( Fig. 8a ).",selected_images/img1888.jpg,"[{""x"":0.315955766192733,""y"":0.14030618296021138,""width"":33.0173775671406,""height"":48.82655167015356,""rotation"":0,""rectanglelabels"":[""A""],""original_width"":3549,""original_height"":1998},{""x"":34.4391785150079,""y"":0.14030618296021138,""width"":31.43759873617693,""height"":50.08930731679547,""rotation"":0,""rectanglelabels"":[""B""],""original_width"":3549,""original_height"":1998},{""x"":66.82464454976304,""y"":0.4209185488806342,""width"":33.175355450236964,""height"":49.66838876791483,""rotation"":0,""rectanglelabels"":[""C""],""original_width"":3549,""original_height"":1998},{""x"":0.5529225908372828,""y"":53.596961890800756,""width"":33.254344391785146,""height"":46.403038109199244,""rotation"":0,""rectanglelabels"":[""D""],""original_width"":3549,""original_height"":1998},{""x"":34.12322274881517,""y"":53.45665570784054,""width"":32.93838862559241,""height"":46.54334429215946,""rotation"":0,""rectanglelabels"":[""E""],""original_width"":3549,""original_height"":1998},{""x"":67.53554502369668,""y"":53.31634952488032,""width"":32.464454976303315,""height"":46.68365047511968,""rotation"":0,""rectanglelabels"":[""F""],""original_width"":3549,""original_height"":1998}]"
img1891,Real photos of fluid flow patterns in K8 at a flow rate of 0.145 ml/min. (a) 0.00 s; (b) 0.25 s; (c) 0.50 s; (d) 1.00 s.,Fig. 11 shows the two-phase flow pattern through K8 at a flow rate of 0.145 ml/min.,selected_images/img1891.jpg,"[{""x"":0,""y"":0,""width"":47.31437598736177,""height"":48.963198922642626,""rotation"":0,""rectanglelabels"":[""A""],""original_width"":2756,""original_height"":1525},{""x"":52.29067930489732,""y"":0.2854997021728433,""width"":47.70932069510268,""height"":48.820449071556205,""rotation"":0,""rectanglelabels"":[""B""],""original_width"":2756,""original_height"":1525},{""x"":2.7360946578439873e-15,""y"":51.81819594437109,""width"":47.23538704581362,""height"":48.181804055628895,""rotation"":0,""rectanglelabels"":[""C""],""original_width"":2756,""original_height"":1525},{""x"":52.21169036334913,""y"":51.67544609328464,""width"":47.78830963665087,""height"":48.32455390671536,""rotation"":0,""rectanglelabels"":[""D""],""original_width"":2756,""original_height"":1525}]"
img1894,"(a) 3D CAD model (body-centered cubic), (b) sliced CAD design, (c) 3D-printed structure (3D-MCC) before, and (d) after functionalization with citric acid (CA/3D-MCC).","The 3D CAD model and the resultant 3D prints before and after functionalization are illustrated in Fig. 1 and Fig. S2 for batch and column studies, respectively.",selected_images/img1894.jpg,"[{""x"":0.30383262765361796,""y"":0.13869625520110956,""width"":49.11960813733491,""height"":49.098474341192784,""rotation"":0,""rectanglelabels"":[""A""],""original_width"":1516,""original_height"":1107},{""x"":50.84132636070541,""y"":0.27739251040221913,""width"":49.11960813733491,""height"":48.404993065187234,""rotation"":0,""rectanglelabels"":[""B""],""original_width"":1516,""original_height"":1107},{""x"":0.10127754255120598,""y"":51.45631067961165,""width"":49.0183305947837,""height"":48.54368932038835,""rotation"":0,""rectanglelabels"":[""C""],""original_width"":1516,""original_height"":1107},{""x"":50.94260390325661,""y"":51.04022191400832,""width"":49.05739609674339,""height"":48.95977808599168,""rotation"":0,""rectanglelabels"":[""D""],""original_width"":1516,""original_height"":1107}]"
img1900,"High-resolution spectra of CA/3D-MCC before adsorption (a) C1s, (b) N1s, (c) O1s and after adsorption (d) C1s, (e) N1s, (f) O1s, (g) Pb4f.","Figs. 6 and 7 present measured survey and high-resolution XPS spectra of CA/3D-MCC samples, respectively. || The deconvoluted XPS spectra in Fig. 7 g further confirmed effective Pb(II) adsorption onto the CA/3D-MCC surface. || Typically, there was a significant shift of the C1s carboxyl O=CO peak from 289.0 to 288.9 eV ( Fig. 7 d), with a similar but less pronounced shift of the O1s OC=O peak from 531.1 to 531.3 eV ( Fig. 7 f).",selected_images/img1900.jpg,"[{""x"":0,""y"":0,""width"":49.56796540728738,""height"":24.13314840499306,""rotation"":0,""rectanglelabels"":[""A""],""original_width"":2779,""original_height"":4337},{""x"":50.00087340211085,""y"":0.13869625520110956,""width"":49.99912659788909,""height"":23.855755894590835,""rotation"":0,""rectanglelabels"":[""D""],""original_width"":2779,""original_height"":4337},{""x"":0.21645399741173524,""y"":24.687933425797503,""width"":49.56796540728737,""height"":24.133148404993065,""rotation"":0,""rectanglelabels"":[""B""],""original_width"":2779,""original_height"":4337},{""x"":50.43378139693431,""y"":24.410540915395284,""width"":49.56621860306569,""height"":24.549237170596395,""rotation"":0,""rectanglelabels"":[""E""],""original_width"":2779,""original_height"":4337},{""x"":0,""y"":49.51456310679612,""width"":50.00087340211085,""height"":25.658807212205275,""rotation"":0,""rectanglelabels"":[""C""],""original_width"":2779,""original_height"":4337},{""x"":50.65023539434604,""y"":49.65325936199723,""width"":49.34976460565396,""height"":24.410540915395288,""rotation"":0,""rectanglelabels"":[""F""],""original_width"":2779,""original_height"":4337},{""x"":25.108663699761298,""y"":75.45076282940343,""width"":50.86668939175779,""height"":24.54923717059632,""rotation"":0,""rectanglelabels"":[""G""],""original_width"":2779,""original_height"":4337}]"
img1907,"(a) Design domain for our CFD model showing the rectangular cavity, inlets and separator, outlet and examples of obstacles, meshed and refined to allow simulation. (b) Example simulation results for Re = 90 showing the evolution of the simulation over 4 s. Overview of the proposed diffusion-based model for static mixer design generation: (c) During training, the diffusion model is conditioned on the performance values of a static mixer, and the timestep, t , to perform reverse denoising on a noisy image to generate a design that resembles the resized static mixer. The model is optimised by backpropagating the L 1 loss between the transformed static mixer and the generated output. (d) During inference, the diffusion process, conditioned on target performance values and timestep, t , iteratively refines an initial Gaussian noise input towards a final design by alternating between the forward noising and reverse denoising operations. The reverse denoising operation gradually recovers the design while the forward noising operation adds noise back to the image with a decreasing noise schedule. At the end of the step-by-step process, the final output undergoes inverse resizing to recover the original static mixer dimensions. If the resulting design violates filtering rules, the process is repeated with a new random noise seed.","To enable generation of a large numerical dataset while maintaining manageable computational effort, we used a two-dimensional design domain with length L = 50 mm and width W = 3 mm ( Fig. 2 a). || (3) The regions occupied by obstacles were removed from the OpenFOAM fluidic domain using the built-in library snappyHexMesh , generating a new channel geometry ( Fig. 2 a). || The regions occupied by obstacles were removed from the OpenFOAM fluidic domain using the built-in library snappyHexMesh , generating a new channel geometry ( Fig. 2 a). || Concentration maps for an example simulation are shown in Fig. 2 b. || During training ( Fig. 2 c) an image of an input static mixer with randomly generated internal geometry associated by performance values p was first resized to a fixed size of 256 × 256 for ease of training.",selected_images/img1907.jpg,"[{""x"":-1.5543122344752194e-15,""y"":0.5547850208044383,""width"":49.97410925075494,""height"":28.57142857142857,""rotation"":0,""rectanglelabels"":[""A""],""original_width"":3549,""original_height"":2848},{""x"":50.53061380811301,""y"":0.4160887656033287,""width"":48.30459557868072,""height"":28.57142857142857,""rotation"":0,""rectanglelabels"":[""B""],""original_width"":3549,""original_height"":2848},{""x"":0.7791063803013019,""y"":31.345353675450767,""width"":43.74125820834451,""height"":54.09153952843272,""rotation"":0,""rectanglelabels"":[""C""],""original_width"":3549,""original_height"":2848},{""x"":50.19671107369816,""y"":31.900138696255205,""width"":49.80328892630184,""height"":68.0998613037448,""rotation"":0,""rectanglelabels"":[""D""],""original_width"":3549,""original_height"":2848}]"
img1914,Visual analysis of the C a (accuracy) index.,"Fig. 5 illustrates the C a index, which assesses process accuracy by measuring the centering of the process mean (μ) within the tolerance defined by the LSL and USL. || The optimal condition, shown in Fig. 5 (a), corresponds to a C a value of 1.00, wherein the process mean exactly coincides with the manufacturing target. Fig. 5 (b) addresses the interpretation of negative C a values, as requested by the reviewer. || Other deviations, such as locating the mean precisely on a specification limit ( Fig. 5 c), represent a high-risk condition yielding C a = 0.00, under which 50% of the output would be statistically non-conforming. || Lastly, intermediate values, such as that shown in Fig. 5 (d), result in C a = 0.50 and serve as an early warning, indicating a significant deviation that warrants intervention to re-center the process ( Barbosa, de Oliveira, et al., 2025 ).",selected_images/img1914.jpg,"[{""x"":1.2205801548090621e-15,""y"":0,""width"":49.66936055659288,""height"":48.40499306518725,""rotation"":0,""rectanglelabels"":[""A""],""original_width"":1964,""original_height"":1390},{""x"":51.04361163918636,""y"":2.9976021664879227e-15,""width"":48.95638836081364,""height"":48.127600554785026,""rotation"":0,""rectanglelabels"":[""B""],""original_width"":1964,""original_height"":1390},{""x"":0,""y"":49.37586685159501,""width"":50.847290055958716,""height"":50.62413314840499,""rotation"":0,""rectanglelabels"":[""C""],""original_width"":1964,""original_height"":1390},{""x"":51.04361163918636,""y"":49.2371705963939,""width"":48.95638836081364,""height"":50.7628294036061,""rotation"":0,""rectanglelabels"":[""D""],""original_width"":1964,""original_height"":1390}]"
img1915,Illustration of C gk index under different process conditions.,"Fig. 6 provides a visual decomposition of the C gk index, which quantifies capability by considering both bias (systematic error) and repeatability (random error). || The ideal scenario ( Fig. 6 a) is represented by a distribution with low variability and perfect centering on the target (Bias = 0), indicating a system that is both precise and accurate. || Conversely, Fig. 6 (b) illustrates a purely systematic error, where the precise distribution is shifted from the target (Bias ≠ 0). Fig. 6 (c) demonstrates a predominantly random error, characterized by a high-dispersion distribution that, despite being centered, compromises reliability. || Finally, the most critical scenario ( Fig. 6 d) exhibits a combination of both errors, resulting in a system that is neither accurate nor precise.",selected_images/img1915.jpg,"[{""x"":0,""y"":1.4432899320127035e-15,""width"":50.65465581346065,""height"":48.82108183079057,""rotation"":0,""rectanglelabels"":[""A""],""original_width"":1754,""original_height"":1266},{""x"":51.75584398331849,""y"":0.27739251040221913,""width"":48.24415601668151,""height"":48.82108183079057,""rotation"":0,""rectanglelabels"":[""B""],""original_width"":1754,""original_height"":1266},{""x"":1.8873791418627665e-15,""y"":50.069348127600556,""width"":51.05508787522714,""height"":49.930651872399444,""rotation"":0,""rectanglelabels"":[""C""],""original_width"":1754,""original_height"":1266},{""x"":51.65573596787687,""y"":50.069348127600556,""width"":47.94383197035664,""height"":49.930651872399444,""rotation"":0,""rectanglelabels"":[""D""],""original_width"":1754,""original_height"":1266}]"
img1919,Response surface analysis for EN.,"Fig. 10 (a) illustrates the main effect of LW on energy consumption, demonstrating a monotonically decreasing relationship across the experimental range of 0.4 to 0.6 mm. || This inverse relationship reflects the physical mechanism whereby increased extrusion width reduces the total number of passes required by the nozzle to cover the specimen cross-section, thereby diminishing cumulative machine runtime and electrical energy demand. Fig. 10 (b) presents the main effect of LH on energy consumption, revealing a favorable trend toward energy reduction. || Fig. 10 (c) examines the main effect of ID on energy consumption, revealing a positive relationship that contrasts with the previous parameters. || Fig. 10 (d) demonstrates the main effect of print speed (S) on energy consumption, exhibiting the most pronounced sensitivity among all analyzed parameters. || Fig. 10 (e) presents interaction plots examining the combined effects of layer height (LH) and print speed (S) on energy consumption, with three distinct curves representing S values of 20, 35, and 50 mm/s.",selected_images/img1919.jpg,"[{""x"":0,""y"":0,""width"":44.6931366470645,""height"":23.717059639389724,""rotation"":0,""rectanglelabels"":[""A""],""original_width"":3284,""original_height"":4337},{""x"":46.89115976085454,""y"":0.13869625520110956,""width"":43.777293682985295,""height"":23.439667128987516,""rotation"":0,""rectanglelabels"":[""B""],""original_width"":3284,""original_height"":4337},{""x"":0.3663371856316761,""y"":26.49098474341193,""width"":44.326799461432806,""height"":22.746185852981966,""rotation"":0,""rectanglelabels"":[""C""],""original_width"":3284,""original_height"":4337},{""x"":46.15848538959119,""y"":26.0748959778086,""width"":44.69313664706449,""height"":23.023578363384193,""rotation"":0,""rectanglelabels"":[""D""],""original_width"":3284,""original_height"":4337},{""x"":0,""y"":52.1497919556172,""width"":43.960462275801135,""height"":23.578363384188627,""rotation"":0,""rectanglelabels"":[""E""],""original_width"":3284,""original_height"":4337},{""x"":46.52482257522287,""y"":52.28848821081831,""width"":43.7772936829853,""height"":23.855755894590843,""rotation"":0,""rectanglelabels"":[""F""],""original_width"":3284,""original_height"":4337},{""x"":9.158429640791903,""y"":78.08599167822469,""width"":39.38124745540519,""height"":21.914008321775313,""rotation"":0,""rectanglelabels"":[""G""],""original_width"":3284,""original_height"":4337},{""x"":90.85162203665568,""y"":55.33980582524271,""width"":9.148377963344316,""height"":36.0610263522885,""rotation"":0,""rectanglelabels"":[""COMMON_ALL""],""original_width"":3284,""original_height"":4337}]"
img1920,Response surface analysis for Costs.,"Fig. 11 presents the main effects, interactions, and response surface plots for the manufacturing costs. || The dashed line on the contour plot delineates the optimal operating region for cost minimization. Fig. 11 (a) illustrates the effect of Infill Density (ID) on Ct, showing a pronounced positive linear relationship. || In contrast, Fig. 11 (b) demonstrates the effect of LH on manufacturing cost, exhibiting a negative linear trend. || Fig. 11 (c) presents the effect of LW on manufacturing costs, also demonstrating a negative trend. || Fig. 11 (d) illustrates the effect of Printing Speed (S) on manufacturing cost, revealing a negative linear relationship of moderate magnitude.",selected_images/img1920.jpg,"[{""x"":0,""y"":0.13869625520110956,""width"":28.4493868651386,""height"":21.220527045769753,""rotation"":0,""rectanglelabels"":[""A""],""original_width"":3531,""original_height"":4337},{""x"":30.15294296484751,""y"":1.1102230246251565e-15,""width"":29.641876134934847,""height"":21.497919556171983,""rotation"":0,""rectanglelabels"":[""B""],""original_width"":3531,""original_height"":4337},{""x"":61.66873080946215,""y"":-6.66133814775094e-16,""width"":29.982587354876628,""height"":20.943134535367545,""rotation"":0,""rectanglelabels"":[""C""],""original_width"":3531,""original_height"":4337},{""x"":1.3322676295501878e-15,""y"":25.93619972260749,""width"":28.279031255167723,""height"":22.052704576976424,""rotation"":0,""rectanglelabels"":[""D""],""original_width"":3531,""original_height"":4337},{""x"":30.323298574818402,""y"":25.79750346740638,""width"":29.98258735487662,""height"":22.607489597780862,""rotation"":0,""rectanglelabels"":[""E""],""original_width"":3531,""original_height"":4337},{""x"":61.66873080946215,""y"":24.965325936199722,""width"":30.32329857481841,""height"":23.855755894590846,""rotation"":0,""rectanglelabels"":[""F""],""original_width"":3531,""original_height"":4337},{""x"":0,""y"":52.28848821081831,""width"":28.279031255167723,""height"":21.63661581137309,""rotation"":0,""rectanglelabels"":[""G""],""original_width"":3531,""original_height"":4337},{""x"":29.30116491499306,""y"":52.704576976421635,""width"":29.812231744905738,""height"":21.359223300970882,""rotation"":0,""rectanglelabels"":[""H""],""original_width"":3531,""original_height"":4337},{""x"":61.49837519949125,""y"":52.42718446601942,""width"":30.32329857481841,""height"":22.19140083217753,""rotation"":0,""rectanglelabels"":[""I""],""original_width"":3531,""original_height"":4337},{""x"":1.8739117096797888,""y"":78.2246879334258,""width"":32.70827711441086,""height"":21.7753120665742,""rotation"":0,""rectanglelabels"":[""J""],""original_width"":3531,""original_height"":4337},{""x"":91.99202938428056,""y"":7.489597780859916,""width"":8.007970615719444,""height"":82.5242718446602,""rotation"":0,""rectanglelabels"":[""COMMON_ALL""],""original_width"":3531,""original_height"":4337}]"
img1921,"Contour plot, response surface, and main effects for C gk;w .","Fig. 12 displays the main effects, interactions, and response surface plots. || The main effects plots presented in Fig. 12 (a–d) reveal distinct patterns of parameter influence on C gk;w , with each factor demonstrating a unique sensitivity profile that contrasts markedly with the cost-driven optimization discussed previously. Fig. 12 (a) illustrates the effect of ID on C gk;w , showing a positive linear relationship. || In marked contrast, Fig. 12 (b) demonstrates the effect of LH on C gk;w , exhibiting a pronounced positive linear trend. || Fig. 12 (c) presents the effect of LW on C gk;w , also demonstrating a positive linear relationship. || Fig. 12 (d) illustrates the effect of S on C gk;w , revealing a nonlinear parabolic relationship with a pronounced minimum point.",selected_images/img1921.jpg,"[{""x"":0,""y"":0,""width"":27.93409754574802,""height"":21.49791955617198,""rotation"":0,""rectanglelabels"":[""A""],""original_width"":3510,""original_height"":4337},{""x"":29.990595524576108,""y"":0.27739251040221913,""width"":30.333345187714116,""height"":21.081830790568652,""rotation"":0,""rectanglelabels"":[""B""],""original_width"":3510,""original_height"":4337},{""x"":62.209063859549296,""y"":0,""width"":29.819220693007104,""height"":21.63661581137309,""rotation"":0,""rectanglelabels"":[""C""],""original_width"":3510,""original_height"":4337},{""x"":0.8568741578450316,""y"":26.629680998613036,""width"":28.276847208886043,""height"":21.35922330097088,""rotation"":0,""rectanglelabels"":[""D""],""original_width"":3510,""original_height"":4337},{""x"":31.361594177128154,""y"":26.0748959778086,""width"":29.305096198300078,""height"":21.914008321775317,""rotation"":0,""rectanglelabels"":[""E""],""original_width"":3510,""original_height"":4337},{""x"":63.58006251210134,""y"":25.93619972260749,""width"":28.10547237731705,""height"":22.33009708737864,""rotation"":0,""rectanglelabels"":[""F""],""original_width"":3510,""original_height"":4337},{""x"":0.6854993262760253,""y"":52.011095700416085,""width"":28.10547237731703,""height"":22.05270457697643,""rotation"":0,""rectanglelabels"":[""G""],""original_width"":3510,""original_height"":4337},{""x"":30.847469682421135,""y"":51.87239944521498,""width"":28.962346535162062,""height"":22.746185852981966,""rotation"":0,""rectanglelabels"":[""H""],""original_width"":3510,""original_height"":4337},{""x"":62.3804386911183,""y"":51.59500693481276,""width"":29.6478458614381,""height"":22.468793342579758,""rotation"":0,""rectanglelabels"":[""I""],""original_width"":3510,""original_height"":4337},{""x"":3.5988714629491323,""y"":78.08599167822469,""width"":36.331464292629335,""height"":21.914008321775313,""rotation"":0,""rectanglelabels"":[""J""],""original_width"":3510,""original_height"":4337},{""x"":92.5424090472634,""y"":7.350901525658807,""width"":7.457590952736595,""height"":82.24687933425797,""rotation"":0,""rectanglelabels"":[""COMMON_ALL""],""original_width"":3510,""original_height"":4337}]"
img1922,"Contour plot, response surface, and main effects for C gk;t .","Fig. 13 illustrates the analysis for the C gk;t index, evaluating the measurement system's capability for the specimen's thickness. || The main effects plots presented in Fig. 13 (a), 13(b), 13(c), and 13(d) elucidate the individual parametric influence on C gk;t through systematic univariate analysis. Fig. 13 (a) demonstrates a pronounced inverse linear relationship between ID and C gk;t across the investigated parametric domain. || Fig. 13 (b) and 13(c) reveal quadratic functional relationships between the geometric parameters and C gk;t . Fig. 13 (b) demonstrates that LH exhibits a pronounced parabolic response with optimal capability, C gk;t ≈ 1.3, achieved at the minimum LH value of 0.12 mm. || Similarly, Fig. 13 (c) illustrates that LW demonstrates quadratic behavior, with maximum capability, C gk;t ≈ 0.725, achieved at LW ≈ 0.40 mm. || Fig. 13 (d) presents the effect of S on C gk;t , revealing a pronounced quadratic response with a critical minimum point.",selected_images/img1922.jpg,"[{""x"":0,""y"":0,""width"":28.399675586461097,""height"":21.081830790568652,""rotation"":0,""rectanglelabels"":[""A""],""original_width"":3516,""original_height"":4337},{""x"":31.82132324748051,""y"":0.13869625520110956,""width"":28.74184035256305,""height"":21.081830790568652,""rotation"":0,""rectanglelabels"":[""B""],""original_width"":3516,""original_height"":4337},{""x"":61.247493132247435,""y"":-2.2204460492503136e-16,""width"":30.79482894917469,""height"":21.081830790568652,""rotation"":0,""rectanglelabels"":[""C""],""original_width"":3516,""original_height"":4337},{""x"":0,""y"":25.93619972260749,""width"":29.768334650868866,""height"":22.607489597780862,""rotation"":0,""rectanglelabels"":[""D""],""original_width"":3516,""original_height"":4337},{""x"":31.99240563053148,""y"":26.21359223300971,""width"":28.912922735614018,""height"":22.05270457697642,""rotation"":0,""rectanglelabels"":[""E""],""original_width"":3516,""original_height"":4337},{""x"":62.958316962757145,""y"":26.21359223300971,""width"":28.570757969512066,""height"":21.220527045769767,""rotation"":0,""rectanglelabels"":[""F""],""original_width"":3516,""original_height"":4337},{""x"":3.8857805861880484e-16,""y"":52.56588072122052,""width"":28.74184035256304,""height"":21.081830790568652,""rotation"":0,""rectanglelabels"":[""G""],""original_width"":3516,""original_height"":4337},{""x"":31.136993715276628,""y"":52.56588072122052,""width"":28.74184035256304,""height"":21.08183079056866,""rotation"":0,""rectanglelabels"":[""H""],""original_width"":3516,""original_height"":4337},{""x"":62.787234579706166,""y"":52.56588072122052,""width"":28.3996755864611,""height"":21.08183079056866,""rotation"":0,""rectanglelabels"":[""I""],""original_width"":3516,""original_height"":4337},{""x"":-1.2212453270876722e-15,""y"":78.64077669902912,""width"":29.597252267817897,""height"":21.359223300970882,""rotation"":0,""rectanglelabels"":[""J""],""original_width"":3516,""original_height"":4337},{""x"":33.361064694939245,""y"":78.50208044382802,""width"":34.72972375934701,""height"":21.49791955617198,""rotation"":0,""rectanglelabels"":[""K""],""original_width"":3516,""original_height"":4337},{""x"":92.04232208142213,""y"":6.24133148404993,""width"":7.957677918577877,""height"":83.63384188626907,""rotation"":0,""rectanglelabels"":[""COMMON_ALL""],""original_width"":3516,""original_height"":4337}]"
img1923,Response surface analysis for Dimensional Accuracy (Y̅ w ).,"Fig. 14 shows the main effects, interactions, and response surface plots for the average width (Y̅ w ) of the specimens, with the objective of reaching the target of 10 mm. || The main effects plots 14(a), 14(b), 14(c), and 14(d) illustrate the individual contribution of each factor to Y̅ w . Fig. 14 (a) demonstrates a quadratic effect for ID. || The average width approaches the minimum value of 10.25 mm at the extreme levels of ID (10% and 90%), with the maximum deviation (Y̅w ≈ 10.475 mm) occurring at an intermediate ID of approximately 50%. Fig. 14 (b) demonstrates a strong inverse linear relationship between LH and Y̅ w . || Fig. 14 (c), similar to ID, exhibits a quadratic effect for LW, with the width approaching the minimum deviation (Y̅w ≈ 10.30 mm) at the extreme LW values (0.40 mm and 0.60 mm), and the maximum deviation (Y̅w ≈ 10.5 mm) occurring at an intermediate LW of approximately 0.50 mm. || Fig. 14 (d) for S reveals the most significant linear effect, with the average width decreasing sharply from Y̅w ≈ 10.60 mm at 20 mm/s to Y̅w ≈ 10.30 mm at 50 mm/s.",selected_images/img1923.jpg,"[{""x"":0,""y"":0,""width"":41.68392076314699,""height"":22.0527045769764,""rotation"":0,""rectanglelabels"":[""A""],""original_width"":3275,""original_height"":4336},{""x"":44.07110565266645,""y"":1.3550572283913143e-15,""width"":43.520216832008124,""height"":21.914008321775313,""rotation"":0,""rectanglelabels"":[""B""],""original_width"":3275,""original_height"":4336},{""x"":2.6910815918953007e-15,""y"":25.65880721220527,""width"":42.602068797577594,""height"":23.717059639389745,""rotation"":0,""rectanglelabels"":[""C""],""original_width"":3275,""original_height"":4336},{""x"":44.98925368709701,""y"":25.381414701803052,""width"":41.683920763147036,""height"":23.99445214979195,""rotation"":0,""rectanglelabels"":[""D""],""original_width"":3275,""original_height"":4336},{""x"":0,""y"":52.56588072122052,""width"":41.50029115626092,""height"":22.607489597780855,""rotation"":0,""rectanglelabels"":[""E""],""original_width"":3275,""original_height"":4336},{""x"":44.98925368709701,""y"":52.28848821081831,""width"":41.50029115626091,""height"":22.884882108183085,""rotation"":0,""rectanglelabels"":[""F""],""original_width"":3275,""original_height"":4336},{""x"":9.181480344305513,""y"":77.94729542302358,""width"":37.82769901853871,""height"":22.052704576976424,""rotation"":0,""rectanglelabels"":[""G""],""original_width"":3275,""original_height"":4336},{""x"":87.22406327090238,""y"":21.914008321775313,""width"":12.775936729097623,""height"":58.66851595006935,""rotation"":0,""rectanglelabels"":[""COMMON_ALL""],""original_width"":3275,""original_height"":4336}]"
img1924,Response surface analysis for Dimensional Accuracy (Y̅ t ).,"The analysis for the average thickness (Y̅ t ) is presented in Fig. 15 , with the objective of reaching the target of 4 mm. || The main effects plots 15(a), 15(b), 15(c), and 15(d) illustrate the individual contribution of each factor to the dimensional accuracy of Y̅ t . Fig. 15 (a) and 15(c), for ID and LW respectively, exhibit a parabolic relationship, where the minimum thickness (greatest deviation from the 4.00 mm target) occurs at intermediate factor levels. || Similarly, for LW 15(c), the minimum Y̅t ≈ 3.88 mm is observed at an intermediate LW of approximately 0.50 mm, with the thickness increasing toward 4.00 mm at the extreme values (0.40 mm and 0.60 mm). Fig. 15 (b) for LH demonstrates an inverse parabolic relationship, where the maximum thickness, Y̅t ≈ 3.87 mm, is achieved at an intermediate LH of approximately 0.20 mm. || The thickness decreases significantly at the extreme LH levels, reaching Y̅t ≈ 3.74 mm at 0.28 mm LH. Fig. 15 (d) for S also exhibits an inverse parabolic effect, with the maximum thickness, Y̅t ≈ 3.89 mm, occurring at an intermediate speed of approximately 40 mm/s, and decreasing toward the extremes. || Second, the fitted response surface models (Equations presented in Table 4 and visualized in Figs. 10-15 ) can be employed for “what-if” scenario simulation, allowing engineers to rapidly assess the impact of process parameter changes on multiple responses simultaneously, without the need to conduct additional physical experiments.",selected_images/img1924.jpg,"[{""x"":2.461894661181765,""y"":-8.881784197001251e-16,""width"":40.71595016569842,""height"":28.43273231622746,""rotation"":0,""rectanglelabels"":[""A""],""original_width"":2879,""original_height"":3931},{""x"":45.260986463264764,""y"":0.13869625520110956,""width"":41.28407970289421,""height"":28.29403606102635,""rotation"":0,""rectanglelabels"":[""B""],""original_width"":2879,""original_height"":3931},{""x"":0,""y"":35.64493758668514,""width"":42.799091802082984,""height"":29.12621359223299,""rotation"":0,""rectanglelabels"":[""C""],""original_width"":2879,""original_height"":3931},{""x"":44.31410390127177,""y"":35.367545076282944,""width"":43.55659785167739,""height"":29.54230235783634,""rotation"":0,""rectanglelabels"":[""D""],""original_width"":2879,""original_height"":3931},{""x"":2.6645352591003757e-15,""y"":71.28987517337032,""width"":41.094703190495615,""height"":28.43273231622746,""rotation"":0,""rectanglelabels"":[""E""],""original_width"":2879,""original_height"":3931},{""x"":52.83604695920876,""y"":71.84466019417447,""width"":33.70901920695018,""height"":27.60055478502073,""rotation"":0,""rectanglelabels"":[""COMMON_ALL""],""original_width"":2879,""original_height"":3931},{""x"":87.68132524055056,""y"":21.220527045769764,""width"":12.318674759449436,""height"":56.86546463245492,""rotation"":0,""rectanglelabels"":[""COMMON_ALL""],""original_width"":2879,""original_height"":3931}]"
img1972,"Schematic illustration of the skeletonization algorithm: a) binary mask of the defect; b) uniform arc-length sampling of the outer contour (step Δ s ), yielding equally spaced key points; c) Voronoi tessellation induced by the same key points; d) medial axis segments obtained as Voronoi edges equidistant from key points on opposite sides of the boundary; e) final one-pixel-wide skeleton after topology-preserving thinning.","During the second phase, the skeletonization algorithm started from the binary mask of each detected defect ( Fig. 8 (a)). || The outer contour was re-parameterized by arc length and uniformly sampled every to obtain equally spaced boundary samples (i.e., key points, as shown in Fig. 8 (b)). || A constrained Voronoi tessellation built from the key points was computed inside the mask as in Fig. 8 (c); only Voronoi edges fully contained in the mask were retained. || Edges equidistant from the key points on opposite sides of the boundary provided a discrete approximation of the medial axis of the defect ( Fig. 8 (d)). || The resulting medial structure was converted into a one-pixel-wide trace, i.e., the skeleton ( Fig. 8 (e)), by applying a procedure that thins the topology of the defect while preserving its structure: at each iteration pixels were removed only when their deletion did not change the connectivity of the shape; in this way, the skeleton preserves the topology of the original mask.",selected_images/img1972.jpg,"[{""x"":0.3127443315089914,""y"":6.880375293197812,""width"":17.12275215011728,""height"":93.11962470680218,""rotation"":0,""rectanglelabels"":[""A""],""original_width"":2244,""original_height"":663},{""x"":17.82642689601251,""y"":6.351115655259518,""width"":19.39014855355747,""height"":93.64888434474048,""rotation"":0,""rectanglelabels"":[""B""],""original_width"":2244,""original_height"":663},{""x"":37.92025019546521,""y"":6.086485836290372,""width"":20.641125879593424,""height"":93.91351416370964,""rotation"":0,""rectanglelabels"":[""C""],""original_width"":2244,""original_height"":663},{""x"":59.030492572322125,""y"":4.234077103506345,""width"":21.422986708365904,""height"":95.76592289649365,""rotation"":0,""rectanglelabels"":[""D""],""original_width"":2244,""original_height"":663},{""x"":81.31352619233776,""y"":4.498706922475492,""width"":18.68647380766224,""height"":95.50129307752451,""rotation"":0,""rectanglelabels"":[""E""],""original_width"":2244,""original_height"":663}]"
img1981,"XRD spectra of the heat-treated LPBF AlSi7Mg samples at different layer thicknesses along the BD (a) and the perpendicular direction with respect to the BD (c), with a magnification of the Al (111) peak (b) and Al (200) peak (d).","Fig. 5 a-c show the XRD spectra along the BD and perpendicular direction, accompanied by relative peak heights, which allows for phase identification. || Specifically, as shown in Fig. 5 b, the intensity of the Al (111) peak decreases as the layer thickness increases from L20 to L30, indicating a reduction in preferred crystallographic orientation. || In the zoomed-in plot of Fig. 5 d, the Al (200) peaks for the L25 sample appear broader compared to those for the L20 sample, implying the presence of smaller grains.",selected_images/img1981.jpg,"[{""x"":0.6701891994807924,""y"":0.9708737864077672,""width"":65.09212599957192,""height"":49.37586685159501,""rotation"":0,""rectanglelabels"":[""A""],""original_width"":2495,""original_height"":1507},{""x"":66.76759899827394,""y"":3.467406380027739,""width"":33.09059172436412,""height"":46.18585298196949,""rotation"":0,""rectanglelabels"":[""B""],""original_width"":2495,""original_height"":1507},{""x"":0.41886824967549524,""y"":50.624133148404994,""width"":64.75703139983156,""height"":48.82108183079056,""rotation"":0,""rectanglelabels"":[""C""],""original_width"":2495,""original_height"":1507},{""x"":66.68382534833884,""y"":53.536754507628295,""width"":33.09059172436412,""height"":43.55062413314841,""rotation"":0,""rectanglelabels"":[""D""],""original_width"":2495,""original_height"":1507}]"
img2001,Comparison of the EA and SEA values of the tested lattice structures: (a & b) up to the damage initiation and (c & d) up to the densification.,"Comparison of EA and specific EA values in different stages (damage initiation and densification) are illustrated in Fig. 11 . || By comparison of the results, as depicted in Fig. 11 , it could be seen that both EA and specific EA values up to the densification have decreased in fourfold specimens after aging process. || This indicates that compared to the control counterparts, higher amounts of energy were dissipated in the aged re-entrant lattice structure during the loading process which is in an agreement with the results reported in Fig. 11 .",selected_images/img2001.jpg,"[{""x"":2.2923912431506796e-15,""y"":3.2196467714129536e-15,""width"":48.60162856248042,""height"":49.237170596393895,""rotation"":0,""rectanglelabels"":[""A""],""original_width"":2480,""original_height"":1514},{""x"":49.70236231041116,""y"":-2.6645352591003757e-15,""width"":50.29763768958884,""height"":48.82108183079057,""rotation"":0,""rectanglelabels"":[""B""],""original_width"":2480,""original_height"":1514},{""x"":0,""y"":50.069348127600556,""width"":49.70236231041116,""height"":49.930651872399444,""rotation"":0,""rectanglelabels"":[""C""],""original_width"":2480,""original_height"":1514},{""x"":50.04104961746678,""y"":50.069348127600556,""width"":49.95895038253322,""height"":49.930651872399444,""rotation"":0,""rectanglelabels"":[""D""],""original_width"":2480,""original_height"":1514}]"
img2036,3D reconstruction rendering of defects in WAAM-T6 Al-Li alloys and crack growth due to microporosity during in-situ tensile test.,"Fig. 3 shows the 3D space distribution and morphological characteristics of microporosity, and 2D slices of microporosity and crack growth until fracture of the specimens under stress stretching for specimens in the state of 0.36% (initial state), 1.53%, 4.02%, and 4.26% strains for WAAM-T6 Al-Li alloys, where E d <50 is the average diameter of all micropores with an individual diameter less than 50 μm, E d ≥50 is the average diameter of all micropores with an individual diameter greater than or equal to 50 μm, S <0.4 is the average sphericity of all micropores with an individual sphericity less than 0.4, S ≥0.4 is the average sphericity of all micropores with an individual sphericity greater than or equal to 0.4. || It can be found that in the initial state, porosity defects with different morphological features are distributed in the WAAM-T6 Al-Li alloy, as shown in Fig. 3 (a). || In addition, the 2D slice characteristics under different strain conditions are analyzed, as shown in Figs. 3 (b)–(e). || In other words, the near-surface large-sized micropores act as a crack source under stress, and the microporosity in the middle position acts as a medium for crack expansion ( Figs. 3 (d) and (e)), which accelerates the growth of the cracks and ultimately leads to fracture.",selected_images/img2036.jpg,"[{""x"":0.47409414155096513,""y"":0.7898894154818323,""width"":55.152951800428966,""height"":99.21011058451809,""rotation"":0,""rectanglelabels"":[""A""],""original_width"":2953,""original_height"":1477},{""x"":55.8640930127554,""y"":2.3696682464454977,""width"":20.386048086691495,""height"":44.86571879936809,""rotation"":0,""rectanglelabels"":[""B""],""original_width"":2953,""original_height"":1477},{""x"":78.62061180720174,""y"":2.2116903633491303,""width"":20.702110847725447,""height"":44.865718799368096,""rotation"":0,""rectanglelabels"":[""C""],""original_width"":2953,""original_height"":1477},{""x"":55.7850773224969,""y"":50.86887835703001,""width"":20.623095157466977,""height"":45.813586097946285,""rotation"":0,""rectanglelabels"":[""D""],""original_width"":2953,""original_height"":1477},{""x"":78.69962749746023,""y"":51.18483412322274,""width"":20.781126537983933,""height"":45.18167456556083,""rotation"":0,""rectanglelabels"":[""E""],""original_width"":2953,""original_height"":1477}]"
img2037,Evolution of microporosity defects with different characteristics during in-situ tensile test process.,"In order to visualize the defects with different morphologies, we render the reconstructed volume with different colors to show their characteristics in Fig. 4 . || To quantitatively study the evolution of microporosity during in-situ tensile testing process, the microporosity under different strain conditions are reconstructed in 3D, as shown in Fig. 4 . || It can be seen that we classify the microporosity into four colors according to size and morphology, and their color representations have been defined in Fig. 4 . || It can be seen that other characteristic defects are irregularly distributed inside the WAAM-T6 Al-Li alloy, while the large-sized micropores ( E d ≥ 50 μm, sphericity of micropores S p ≥ 0.4) form an obvious aggregation band ( Figs. 4 (a)–(d)), which has large-sized and high-density distribution in the interlayer region in the direction of the arc travel path, and the microporosity grow up significantly after high-temperature exposure during heat treatment. || It indicates that with the increase of strain, there is little effect on the size and morphology of the microporosity, and only some of the large-sized micropores morphology changed at the final fracture, as shown in Fig. 4(d) and Fig. 5(d) .",selected_images/img2037.jpg,"[{""x"":0,""y"":0.975609756097561,""width"":46.29129967418567,""height"":45.36585365853659,""rotation"":0,""rectanglelabels"":[""A""],""original_width"":2927,""original_height"":1422},{""x"":52.68992642095878,""y"":0.975609756097561,""width"":47.31007357904122,""height"":44.55284552845528,""rotation"":0,""rectanglelabels"":[""B""],""original_width"":2927,""original_height"":1422},{""x"":0,""y"":47.80487804878049,""width"":48.58216604031431,""height"":43.902439024390254,""rotation"":0,""rectanglelabels"":[""C""],""original_width"":2927,""original_height"":1422},{""x"":53.08490338063613,""y"":48.94308943089431,""width"":46.054313498379265,""height"":43.25203252032521,""rotation"":0,""rectanglelabels"":[""D""],""original_width"":2927,""original_height"":1422},{""x"":9.716433208062861,""y"":93.0081300813008,""width"":85.15703250643712,""height"":6.991869918699194,""rotation"":0,""rectanglelabels"":[""COMMON_ALL""],""original_width"":2927,""original_height"":1422}]"
img2038,Quantitative correlation between microporosity size and sphericity during in-situ tensile process.,"To quantitatively investigate the evolution patterns of microporosity characteristics during continuous stretching, the relationship between size and morphology is first quantified for four strain conditions, as shown in Fig. 5 . || It indicates that with the increase of strain, there is little effect on the size and morphology of the microporosity, and only some of the large-sized micropores morphology changed at the final fracture, as shown in Fig. 4(d) and Fig. 5(d) .",selected_images/img2038.jpg,"[{""x"":0,""y"":2.015631845585936e-15,""width"":49.38628807171484,""height"":49.34114202049778,""rotation"":0,""rectanglelabels"":[""A""],""original_width"":2935,""original_height"":1584},{""x"":50.413522863606545,""y"":0,""width"":49.586477136393455,""height"":49.04831625183016,""rotation"":0,""rectanglelabels"":[""B""],""original_width"":2935,""original_height"":1584},{""x"":0,""y"":50.366032210834575,""width"":49.46530613262962,""height"":49.633967789165425,""rotation"":0,""rectanglelabels"":[""C""],""original_width"":2935,""original_height"":1584},{""x"":50.334504802691804,""y"":50.366032210834554,""width"":49.665495197308196,""height"":49.633967789165446,""rotation"":0,""rectanglelabels"":[""D""],""original_width"":2935,""original_height"":1584}]"
img2039,Comparison of microporosity size evolution under different strain conditions.,"Previous studies have shown that the size of defects is an important factor influencing the fracture failure of alloys. 54–57 To further elucidate the effect of continuous strain conditions on the evolution of microporosity size, statistics of the size distribution are quantified, as shown in Fig. 6 , where P is the percentage of large-sized micropores. || Although the percentage of large-sized micropores increased, from 2.79% in the initial state ( ε = 0.36%) to 3.11% at fracture ( ε = 4.26%), the largest-sized micropores also increased only from 108 μm ( Fig. 6 (a)) to 113 μm ( Fig. 6 (c)).",selected_images/img2039.jpg,"[{""x"":-1.7763568394002505e-15,""y"":3.2196467714129536e-15,""width"":44.61646704519676,""height"":48.95977808599168,""rotation"":0,""rectanglelabels"":[""A""],""original_width"":2953,""original_height"":2289},{""x"":55.5824420779921,""y"":0,""width"":44.4175579220079,""height"":48.68238557558946,""rotation"":0,""rectanglelabels"":[""B""],""original_width"":2953,""original_height"":2289},{""x"":0.10750955914505243,""y"":50.762829403606105,""width"":46.01409131408244,""height"":49.237170596393895,""rotation"":0,""rectanglelabels"":[""C""],""original_width"":2953,""original_height"":2289},{""x"":56.01248031457231,""y"":50.762829403606105,""width"":43.98751968542769,""height"":49.237170596393895,""rotation"":0,""rectanglelabels"":[""D""],""original_width"":2953,""original_height"":2289}]"
img2040,Quantitative statistics on aggregation of large-sized micropores ( E d ≥ 50 μm) under different strain conditions.,"Therefore, in order to determine the effect of the degree of aggregation of large-sized micropores on the damage of WAAM-T6 Al-Li alloy, we have quantified the evolution of the degree of aggregation of large-sized micropores under continuous strain, as shown in Fig. 7 . || It can be seen that in the initial state, the aggregation of micropores in the aggregation band is more serious in the size range of 50–80 μm, and the maximum number of neighboring micropores over 100 μm is 4 ( Fig. 7 (a)). || When the strain is 1.53%, it can be clearly seen that the aggregation of micropores in the size range of 50–80 μm is intensified, and the maximum number of neighboring micropores in the range of 100 μm is 5, and the number of neighboring micropores in the range of 100 μm is also significantly more than that in the case of a strain of 1.53% ( Fig. 7 (b)). || Further, at a strain of 4.02%, the maximum number of neighboring micropores over 100 μm reaches 6, and the degree of aggregation between micropores in the size range of 50–80 μm is further intensified, where the number of neighboring micropores over 100 μm for the largest size micropores already reaches 4 ( Fig. 7 (c)). || When fracture occurs at a strain of 4.26%, the degree of microporosity aggregation decreases because some porosity disappeared ( Fig. 7 (d)).",selected_images/img2040.jpg,"[{""x"":0,""y"":2.6485209464012052e-15,""width"":46.49155085057603,""height"":47.43411927877946,""rotation"":0,""rectanglelabels"":[""A""],""original_width"":2940,""original_height"":2190},{""x"":53.930198986668174,""y"":2.6485209464012052e-15,""width"":45.9664864558861,""height"":47.988904299583915,""rotation"":0,""rectanglelabels"":[""B""],""original_width"":2940,""original_height"":2190},{""x"":0,""y"":51.31761442441054,""width"":46.904809080358916,""height"":48.68238557558946,""rotation"":0,""rectanglelabels"":[""C""],""original_width"":2940,""original_height"":2190},{""x"":53.72356987177673,""y"":51.87239944521498,""width"":46.27643012822327,""height"":48.12760055478502,""rotation"":0,""rectanglelabels"":[""D""],""original_width"":2940,""original_height"":2190}]"
img2041,Analysis of microporosity in near fracture region.,"In order to avoid being affected by the disappearance of the microporosity due to the fracture, the microporosity in the near-fracture region are visualized and accurately quantified, as shown in Fig. 8 . || It can be seen that the fracture surface of WAAM-T6 Al-Li alloy is cover by a range of microporosity morphologies and sizes, including the small-sized micropores (blue and green, E d < 50 μm) irregularly distributed at the fracture surface, as shown in Figs. 8 (a) and (b). || However, it can be clearly seen that the large-sized micropores (red, E d ≥ 50 μm) form clustering bands at the fracture surface ( Fig. 8 (a)), which cover the fracture surface along the aggregation band ( Fig. 8 (a)), proving their effect on crack initiation and propagation. || In order to visualize the effect of the microporosity aggregation bands on the crack propagation, the top views of the fracture surface with microporosity aggregation bands are reconstructed and visualized as shown in Figs. 8 (c) and (d). || It is clear that the large-sized micropores near the surface act as a crack initiator, and the cracks propagate rapidly along the clustering band ( Fig. 8 (c)).",selected_images/img2041.jpg,"[{""x"":-2.220446049250313e-15,""y"":1.7763568394002505e-15,""width"":42.53320514223528,""height"":45.07628294036061,""rotation"":0,""rectanglelabels"":[""A""],""original_width"":2953,""original_height"":2795},{""x"":53.16650642779411,""y"":0.4160887656033287,""width"":41.6142778706438,""height"":47.57281553398059,""rotation"":0,""rectanglelabels"":[""B""],""original_width"":2953,""original_height"":2795},{""x"":0,""y"":51.04022191400832,""width"":43.18958176480065,""height"":48.95977808599168,""rotation"":0,""rectanglelabels"":[""C""],""original_width"":2953,""original_height"":2795},{""x"":46.60274020214052,""y"":50.624133148404994,""width"":53.39725979785948,""height"":49.375866851595006,""rotation"":0,""rectanglelabels"":[""D""],""original_width"":2953,""original_height"":2795}]"
img2043,"Quantitative statistical analysis of microporosity size distribution, morphology, and aggregation in near-fracture regions.","Secondly, the morphology, size and aggregation degree of the microporosity in the near-fracture region of WAAM-T6 Al-Li alloy are quantitatively and statistically analyzed, as shown in Fig. 10 . || It can be seen that the sphericity of both small-sized and large-sized micropores is almost above 0.4, indicating that they are all dominated by gas pores, consistent with the overall microporosity type in WAAM-T6 Al-Li alloy ( Figs. 10 (a) and (b)). || In addition, the largest microporosity size reaches 111.6 μm also in the near-fracture region, as shown in Figs. 10 (a) and (b). || Further, the degree of porosity aggregation in the near-fracture region is quantified, as shown in Figs. 10 (c) and (d). || Firstly, in terms of the small-sized micropores in the near-fracture region ( Fig. 10 (c)), the most serious degree of aggregation is still in the range of 15–21 μm, where the number of neighboring micropores over 100 μm can reach up to 30.",selected_images/img2043.jpg,"[{""x"":0,""y"":0,""width"":48.84249920037123,""height"":45.63106796116505,""rotation"":0,""rectanglelabels"":[""A""],""original_width"":2953,""original_height"":3023},{""x"":51.2562273585291,""y"":0.27739251040221913,""width"":48.55853118176444,""height"":47.29542302357836,""rotation"":0,""rectanglelabels"":[""B""],""original_width"":2953,""original_height"":3023},{""x"":0,""y"":48.68238557558946,""width"":49.126467218978036,""height"":51.31761442441054,""rotation"":0,""rectanglelabels"":[""C""],""original_width"":2953,""original_height"":3023},{""x"":50.54630731201208,""y"":49.09847434119279,""width"":49.45369268798792,""height"":50.90152565880721,""rotation"":0,""rectanglelabels"":[""D""],""original_width"":2953,""original_height"":3023}]"
img2053,Environmental profiles of the hub carrier obtained from LPBF and CNC machining processes.,"The visual comparative of the environmental impacts calculated above is reported in Fig. 7 below, over the major stages of the hub carrier life cycle, and according to each of the impact categories retained in Table 9 . || In CNC machining, the consumption of mineral resources ( Fig. 7 a) is about 5–35 times higher than in LPBF, and the majority of the impact comes from steel production. || In terms of fossil resources consumption ( Fig. 7 b) , the differences are obvious in the raw material production phase (steel powder and ingots). || In the raw material production phase, the global warming potential ( Fig. 7 c) is dominated by 65 % by LPBF without the use of recycled powder, compared to machining. || Finally, regarding the ecotoxicity potential ( Fig. 7 d), we observe an environmental profile similar to those of the GWP and ADP fossil impacts.",selected_images/img2053.jpg,"[{""x"":0.315955766192733,""y"":0.7115052184802491,""width"":49.842022116903635,""height"":48.809257987745085,""rotation"":0,""rectanglelabels"":[""A""],""original_width"":3059,""original_height"":1698},{""x"":50.631911532385466,""y"":0.42690313108814937,""width"":49.131121642969994,""height"":49.23616111883323,""rotation"":0,""rectanglelabels"":[""B""],""original_width"":3059,""original_height"":1698},{""x"":0.315955766192733,""y"":51.51297781797003,""width"":50.07898894154819,""height"":47.52854859448063,""rotation"":0,""rectanglelabels"":[""C""],""original_width"":3059,""original_height"":1698},{""x"":50.631911532385466,""y"":51.655278861666076,""width"":49.131121642969994,""height"":47.95545172556879,""rotation"":0,""rectanglelabels"":[""D""],""original_width"":3059,""original_height"":1698}]"
img2054,Comparison of the impacts on the life cycle of the part obtained by CNC machining versus LPBF depending on the rate of recycled powder used in the LPBF.,"This parametric analysis yielded the following results ( Fig. 8 ): The impact abiotic minerals depletion ( Fig. 8 a) amounts to nearly 2.00E-04 kg Sb eq. for the machining process, but decreases slightly from 4.00E-05 to 2.00E-05 kg Sb eq. with the increase in the recycling rate for the LPBF process. || Regarding the impact on the depletion of fossil resources ( Fig. 8 b) , the LPBF has a greater impact on the full use of new powder, but the impact decreases sharply with the integration of recycled powder, becoming lower than that of machining up to 32 % recycled powder rate. || Regarding the impact on global warming potential ( Fig. 8 c) , on one hand, the GWP over the life cycle of the machined part is estimated at 80 kg CO 2 eq. || The impact on ecotoxicity ( Fig. 8 d) is around 4500 kg DCB eq., considering the entire life cycle of the part produced by the machining process.",selected_images/img2054.jpg,"[{""x"":0.15804743207030067,""y"":0.32102728731942215,""width"":51.365415422847725,""height"":47.51203852327448,""rotation"":0,""rectanglelabels"":[""A""],""original_width"":3059,""original_height"":1506},{""x"":52.62979487941012,""y"":0,""width"":47.01911104091447,""height"":47.99357945425362,""rotation"":0,""rectanglelabels"":[""B""],""original_width"":3059,""original_height"":1506},{""x"":0.15804743207030067,""y"":50.88282504012841,""width"":51.44443913888287,""height"":48.475120385232756,""rotation"":0,""rectanglelabels"":[""C""],""original_width"":3059,""original_height"":1506},{""x"":52.70881859544527,""y"":50.7223113964687,""width"":47.0981347569496,""height"":48.47512038523274,""rotation"":0,""rectanglelabels"":[""D""],""original_width"":3059,""original_height"":1506}]"
img2059,"Comparison of costs incurred while drilling WAAM-CMT and wrought Ti-6Al-4V with three different tools under LCO 2 environment: a) fabrication cost of the workpieces, b) overall cost of machine-tool utilization and labour, c) overall cost of utilized cutting fluid, d) cost of the utilized cutting tools, e) costs of the energy consumed, f) waste managing and processing costs, and g) overall machining costs.","The fabrication cost via WAAM-CMT process was approximately 192.8 % more than the fabrication via wrought process which can be seen from Fig. 5 a. || The reason for the identical value is that the operations were conducted using the same equipment and in the same cutting environment. Fig. 5 b compares the for three different cutting tools under LCO 2 cutting environment. || As seen in Appendix EA6 , LCO 2 coolant utilization cost was found to be 7.20 $/h and the same for all three tools due to the fact that the drilling operations of all the different tools were carried out under the same cutting environment and same machine tool. Fig. 5 c compares the for three different cutting tools. || Fig. 5 d shows the for different tools utilized to drill the WAAMed Ti-6AL-4V plate. || As can be seen from Fig. 5 d, for WAAMed Ti-6Al-4V the increased by 49.57 % and 414.99 % for Tool B and Tool C as compared to that of Tool A.",selected_images/img2059.jpg,"[{""x"":1.9426540842874367,""y"":0.5547850208044383,""width"":43.32118607960983,""height"":23.1622746185853,""rotation"":0,""rectanglelabels"":[""A""],""original_width"":3060,""original_height"":4286},{""x"":47.20649424818471,""y"":0.4160887656033287,""width"":52.79350575181529,""height"":24.271844660194173,""rotation"":0,""rectanglelabels"":[""B""],""original_width"":3060,""original_height"":4286},{""x"":1.5541232674299494,""y"":25.104022191400833,""width"":46.62369802289847,""height"":24.271844660194173,""rotation"":0,""rectanglelabels"":[""C""],""original_width"":3060,""original_height"":4286},{""x"":49.14914833247215,""y"":25.104022191400833,""width"":50.12047537461585,""height"":24.271844660194173,""rotation"":0,""rectanglelabels"":[""D""],""original_width"":3060,""original_height"":4286},{""x"":1.3598578590012056,""y"":50.069348127600556,""width"":48.17782129032843,""height"":24.549237170596392,""rotation"":0,""rectanglelabels"":[""E""],""original_width"":3060,""original_height"":4286},{""x"":50.50900619147337,""y"":49.93065187239945,""width"":45.06957475546854,""height"":24.965325936199704,""rotation"":0,""rectanglelabels"":[""F""],""original_width"":3060,""original_height"":4286},{""x"":24.477441462021694,""y"":74.89597780859917,""width"":54.20004895161947,""height"":24.133148404993058,""rotation"":0,""rectanglelabels"":[""G""],""original_width"":3060,""original_height"":4286}]"
img2060,"Comparison of different CE values from production and drilling operations: a) CE from fabrication stage, b) CE from power consumed, c) CE from material wastage, d) CE due to the recycling of the chips, e) Total CE from whole machining operation, and f) Total CE from additive and subtractive processes.","The total CE released from the manufacturing of wrought and WAAM-CMT Ti-6Al-4V plate was calculated using equations (8) and (12 ) and found to be 58.36 ± 5 % and 60 ± 5 %, respectively. Fig. 6 a shows the estimated CE in a graphical format. || The while drilling WAAM-CMT and wrought Ti-6Al-4V with different drill bits can be seen in Fig. 6 b. || The carbon emissions produced due to ( while drilling AMed and wrought Ti-6Al-4V with different drill bits can be seen from Fig. 6 c. || The power utilized during the recycling of chips was assumed to be 18.4 MJ/kg ( Campatelli et al., 2020 ). Fig. 6 d compares the || for wrought and WAAM-CMT Ti-6Al-4V plates using different drill bits. Fig. 6 e shows that the for Tool A was higher for WAAM-CMT followed by Tool B and Tool C, whereas for wrought Ti-6Al-4V, it was Tool B followed by Tool C and then Tool A. Fig. 6 indicates the CE from various moments while drilling WAAM-CMT and wrought Ti-6AL-4V with different drill bits and the which is the summation of overall CE from additive and subtractive processes.",selected_images/img2060.jpg,"[{""x"":0.5968609033891489,""y"":0.4160887656033287,""width"":46.55515046435361,""height"":31.345353675450763,""rotation"":0,""rectanglelabels"":[""A""],""original_width"":3059,""original_height"":3291},{""x"":49.091809303757486,""y"":0.13869625520110956,""width"":50.908190696242514,""height"":33.00970873786408,""rotation"":0,""rectanglelabels"":[""B""],""original_width"":3059,""original_height"":3291},{""x"":1.641367484320159,""y"":32.87101248266297,""width"":46.107504786811745,""height"":34.11927877947296,""rotation"":0,""rectanglelabels"":[""C""],""original_width"":3059,""original_height"":3291},{""x"":48.9425940779102,""y"":33.42579750346741,""width"":49.53945498129936,""height"":33.42579750346741,""rotation"":0,""rectanglelabels"":[""D""],""original_width"":3059,""original_height"":3291},{""x"":1.9397979360147335,""y"":67.40638002773926,""width"":44.76456775418616,""height"":32.45492371705963,""rotation"":0,""rectanglelabels"":[""E""],""original_width"":3059,""original_height"":3291},{""x"":48.64416362621562,""y"":66.99029126213591,""width"":48.64416362621562,""height"":32.31622746185853,""rotation"":0,""rectanglelabels"":[""F""],""original_width"":3059,""original_height"":3291}]"
img2103,"3D printer (a), 3D printed model (b), printed specimen with a paste made of 30% calcium rich stream, 70% cement, with sand to binder ration of 1 and water to binder ratio of 0.4, after printing (c) and after drying (d).",This speed was then used to print a cylinder of 10 cm high and 10 cm external diameter ( Fig. 15 ).,selected_images/img2103.jpg,"[{""x"":2.924339035450146,""y"":0.3246753246753247,""width"":18.889649445205,""height"":98.37662337662337,""rotation"":0,""rectanglelabels"":[""A""],""original_width"":3159,""original_height"":1538},{""x"":22.999531332864663,""y"":37.33766233766234,""width"":22.051097051097045,""height"":58.92857142857143,""rotation"":0,""rectanglelabels"":[""B""],""original_width"":3159,""original_height"":1538},{""x"":45.76195409528742,""y"":37.17532467532468,""width"":24.26411037522149,""height"":58.76623376623376,""rotation"":0,""rectanglelabels"":[""C""],""original_width"":3159,""original_height"":1538},{""x"":70.73739018183461,""y"":36.36363636363637,""width"":29.262609818165387,""height"":60.22727272727273,""rotation"":0,""rectanglelabels"":[""D""],""original_width"":3159,""original_height"":1538}]"
img212,MBT sample micrographs: (a) YZ orientation; (b) XY orientation; (c) surface YZ orientation; (d) tested burr ring; (e) fracture surface; (f) detail of fracture surface.,"The surface of the as-built specimens, particularly in the YZ plane (parallel to the build direction), is characterized by numerous partially melted or adhered spherical powder particles ( Fig. 4 (a), (c)). || Fractographic analysis confirmed a ductile failure mode, originating from within the material bulk rather than from surface imperfections, indicating that the surface particles did not act as critical flaw initiators under these loading conditions ( Fig. 4 (d)–(f)).",selected_images/img212.jpg,"[{""x"":0.15804676627847358,""y"":0.45731707317073167,""width"":30.028885592909983,""height"":48.93292682926829,""rotation"":0,""rectanglelabels"":[""A""],""original_width"":2664,""original_height"":1381},{""x"":30.898142807441587,""y"":0.9146341463414633,""width"":34.1381015161503,""height"":48.78048780487805,""rotation"":0,""rectanglelabels"":[""B""],""original_width"":2664,""original_height"":1381},{""x"":65.74745477184501,""y"":0.6097560975609756,""width"":34.138101516150286,""height"":48.93292682926829,""rotation"":0,""rectanglelabels"":[""C""],""original_width"":2664,""original_height"":1381},{""x"":0.07902338313923679,""y"":50.45731707317073,""width"":30.028885592909983,""height"":49.39024390243904,""rotation"":0,""rectanglelabels"":[""D""],""original_width"":2664,""original_height"":1381},{""x"":30.661072658023876,""y"":50.91463414634146,""width"":34.21712489928954,""height"":49.08536585365854,""rotation"":0,""rectanglelabels"":[""E""],""original_width"":2664,""original_height"":1381},{""x"":65.66843138870577,""y"":50.91463414634146,""width"":34.21712489928953,""height"":48.47560975609756,""rotation"":0,""rectanglelabels"":[""F""],""original_width"":2664,""original_height"":1381}]"
img2135,Model predictions for a three-point bending isostatic beam. Experiments from [61] .,"The force vs. mid-span deflection curves predicted by the models under force control based on a monolateral or a bilateral damage evolution is shown in Fig. 6 a, along with the experimental results from [61] (dots) and the linear elastic material response (dashed line) as a reference baseline in absence of damage. || Moreover, as expected, monolateral damage evolution is more gradual than the bilateral one, see Fig. 6 b for the same set of input parameters and Fig. 6 c along the beam for different load levels (dashed curves: monolateral damage model; solid curves bilateral damage model). || The L 2 norm of the relative error on the phase field variable s is shown in Fig. 6 d for the monolateral degradation model and goes down to when s < 1, while it does not converge when s → 1 and the structure loses its elastic equilibrium due to the formation of a kinematism.",selected_images/img2135.jpg,"[{""x"":0,""y"":0,""width"":49.135846619017,""height"":47.711511789181685,""rotation"":0,""rectanglelabels"":[""A""],""original_width"":2583,""original_height"":2094},{""x"":51.8343828177731,""y"":0.13869625520110956,""width"":48.1656171822269,""height"":47.98890429958391,""rotation"":0,""rectanglelabels"":[""B""],""original_width"":2583,""original_height"":2094},{""x"":0.11243900828150347,""y"":49.51456310679612,""width"":51.27218777636558,""height"":50.48543689320388,""rotation"":0,""rectanglelabels"":[""C""],""original_width"":2583,""original_height"":2094},{""x"":52.50901686746211,""y"":49.930651872399444,""width"":47.49098313253789,""height"":50.069348127600556,""rotation"":0,""rectanglelabels"":[""D""],""original_width"":2583,""original_height"":2094}]"
img2138,Plot of edges composing the network according to the value of their height (from the thickest (a) to the thinnest (d)).,"This leads to four classes of edges according to the height of their cross-sections: the thickest edges have mm ( Fig. 9 a) and are sub-vertical, connecting the upper side of the specimen with the lower side. || Edges with mm are further partitioning the domain and are shown in Fig. 9 b, aligned sub-horizontally and one inclined. || The left portion of the specimen is further partitioned by thinner straight edges with mm ( Fig. 9 c). || Finally, all the other edges of the network with the thinnest height mm are randomly distributed in space ( Fig. 9 d).",selected_images/img2138.jpg,"[{""x"":0.1468196076420771,""y"":0,""width"":48.01001169895921,""height"":49.09847434119279,""rotation"":0,""rectanglelabels"":[""A""],""original_width"":2083,""original_height"":2205},{""x"":50.21230581359036,""y"":0.4160887656033287,""width"":49.78769418640964,""height"":48.682385575589464,""rotation"":0,""rectanglelabels"":[""B""],""original_width"":2083,""original_height"":2205},{""x"":0.1468196076420771,""y"":50.90152565880721,""width"":47.27591366074883,""height"":49.09847434119279,""rotation"":0,""rectanglelabels"":[""C""],""original_width"":2083,""original_height"":2205},{""x"":50.21230581359036,""y"":50.48543689320388,""width"":49.78769418640964,""height"":49.51456310679612,""rotation"":0,""rectanglelabels"":[""D""],""original_width"":2083,""original_height"":2205}]"
img2140,"Deformed meshes for two different applied compressive vertical displacements on the upper side of the model, leading to (a) 3 % apparent strain and (b) 20 % apparent strain. Simulations are qualitatively compared with experimental images from [29] in (c) and (d).","Two imposed nominal axial deformation states of ( Figs. 11 a and 11 c) and ( Figs. 11 b and 11 d) are examined, representative of two extreme situations with low damage and high damage, respectively.",selected_images/img2140.jpg,"[{""x"":0,""y"":0,""width"":48.00404651559886,""height"":51.31761442441054,""rotation"":0,""rectanglelabels"":[""A""],""original_width"":2583,""original_height"":2235},{""x"":49.68418814364486,""y"":0.4160887656033287,""width"":50.31581185635514,""height"":53.95284327323162,""rotation"":0,""rectanglelabels"":[""B""],""original_width"":2583,""original_height"":2235},{""x"":4.440374302692898,""y"":51.87239944521495,""width"":39.84335860794705,""height"":48.12760055478499,""rotation"":0,""rectanglelabels"":[""C""],""original_width"":2583,""original_height"":2235},{""x"":56.64477488840669,""y"":57.00416088765603,""width"":40.083378840525086,""height"":38.41886269070736,""rotation"":0,""rectanglelabels"":[""D""],""original_width"":2583,""original_height"":2235}]"
img2141,Results of the numerical simulations in terms of distribution of axial forces and bending moments in the network.,"To analyze the role played by the internal microstructures represented by edges with different orientation and height to partition the network domain, the probability distribution functions of the axial forces N and of the bending moments M x are shown in Fig. 12 for the two values of . || In terms of normal forces, all the distribution functions of the 4 sub-networks are well grouped in a small range of N ( Fig. 12 a), except few edges with the smallest height that are quite apart and are subject to very large compressive or tensile states. || This trend persists also for a higher ( Fig. 12 b). || On the other hand, the role of the sub-networks is quite different in terms of bending moments: thicker edges with height h 1 have a flatter distribution and are responsible for the extreme values of the internal bending moments acting on the network edges ( Fig. 12 c). || The trend is further amplified for a higher ( Fig. 12 d).",selected_images/img2141.jpg,"[{""x"":0.23079773708131107,""y"":1.3322676295501878e-15,""width"":49.73691234102254,""height"":49.51456310679612,""rotation"":0,""rectanglelabels"":[""A""],""original_width"":2167,""original_height"":1803},{""x"":50.66010328934778,""y"":0.13869625520110956,""width"":49.33989671065222,""height"":50.7628294036061,""rotation"":0,""rectanglelabels"":[""B""],""original_width"":2167,""original_height"":1803},{""x"":0.23079773708131107,""y"":52.011095700416085,""width"":48.582923655615986,""height"":47.988904299583915,""rotation"":0,""rectanglelabels"":[""C""],""original_width"":2167,""original_height"":1803},{""x"":50.19850781518515,""y"":51.87239944521498,""width"":49.80149218481485,""height"":48.12760055478502,""rotation"":0,""rectanglelabels"":[""D""],""original_width"":2167,""original_height"":1803}]"
img2147,"Geometry encodings produced by the HM pre-processor for the polygon in Fig. 2 . (a) Scaled g 11 , (b) scaled g 12 , (c) scaled g 22 of the metric tensor G ; (d) Monte Carlo density field ρ , inversely proportional to det J .","Consequently, linear isotropic conduction in Ω becomes an anisotropic diffusion operator on [0, 1] 2 with conductivity G . Fig. 3 illustrates the metric components and an auxiliary density field. || Notably, , providing a bounded, numerically robust complement to G near singular features ( Fig. 3 (d)).",selected_images/img2147.jpg,"[{""x"":1.332267629550188e-15,""y"":1.4432899320127035e-15,""width"":20.89345286308535,""height"":100,""rotation"":0,""rectanglelabels"":[""A""],""original_width"":3167,""original_height"":684},{""x"":21.910737084883515,""y"":0.7246376811594203,""width"":21.75423181999149,""height"":99.27536231884058,""rotation"":0,""rectanglelabels"":[""B""],""original_width"":3167,""original_height"":684},{""x"":44.44749522933513,""y"":1.0869565217391304,""width"":27.46667398855041,""height"":98.91304347826087,""rotation"":0,""rectanglelabels"":[""C""],""original_width"":3167,""original_height"":684},{""x"":72.93145343968371,""y"":1.086956521739134,""width"":27.068546560316292,""height"":98.91304347826086,""rotation"":0,""rectanglelabels"":[""D""],""original_width"":3167,""original_height"":684}]"
img217,"Correlation between process parameters and melt pool geometric feature. (a)-(c) Contour plots of w / l ratio with respect to process parameters P b , V b and T 0 , with one of the three processing parameters remaining constant and changes in the other two parameters. (d) Variations in the values of w / l and ( l / w ) 2 as a function of P b V b / ( T m − T 0 ) .","To address this, we computed under various processing conditions, analyzed the effects of P b , V b , and T 0 , and derived the mapping via data fitting ( Fig. 2 ). || For fixed T 0 and w / l , the variation of P b with V b presents an inversely-proportional relationship, indicating that constant keeps w / l uniform ( Fig. 2 b); for fixed P b (or V b ) and w / l , the variation of P b (or V b ) with T 0 presents a linear relationship, which means that constant or also maintains w / l (Figs. 2a&c). || The numerical fitting results further show that is highly linearly correlated with ( Fig. 2 d), which can be approximately expressed as: (10) || Notably, the theoretical analysis extends to broader parameter ranges (e.g., V b up to 0.4 m/s and T 0 up to 800 K as shown in Fig. 2 ) relevant to electron beam powder bed fusion (EB-PBF), which can maintain a stable conduction mode at high velocities due to vacuum environments and elevated preheating, effectively avoiding keyhole formation.",selected_images/img217.jpg,"[{""x"":1.2437466998866294e-15,""y"":0,""width"":43.993835721991054,""height"":49.514563106796125,""rotation"":0,""rectanglelabels"":[""A""],""original_width"":2925,""original_height"":2461},{""x"":44.22722477091409,""y"":0.4160887656033287,""width"":52.862619581066184,""height"":49.375866851595006,""rotation"":0,""rectanglelabels"":[""B""],""original_width"":2925,""original_height"":2461},{""x"":0,""y"":49.09847434119279,""width"":44.34391929537558,""height"":50.762829403606034,""rotation"":0,""rectanglelabels"":[""C""],""original_width"":2925,""original_height"":2461},{""x"":44.92739191768318,""y"":50.069348127600556,""width"":54.84642649691193,""height"":49.930651872399444,""rotation"":0,""rectanglelabels"":[""D""],""original_width"":2925,""original_height"":2461}]"
img2174,"(a) The maternal structure, and (b) its stroke-based structure with an isolated stroke; (c) an optimized maternal structure, and (d) its stroke-based structure with deliberate voids.","Taking the letter “A” as an example, Fig. 2 a shows the original or maternal structure , which is regarded as the overall structural geometry. || Tracing its boundaries with two closed annular strokes, as illustrated by the green region in Fig. 2 b, forms a stroke-based structure . || However, the stroke-based structure does not always provide a mechanically stable configuration, as shown in Fig. 2 b, because the inner triangular annular stroke is completely disconnected from the outer stroke, preventing them from effectively carrying or transferring loads. || The proposed topology optimization approach in this paper naturally avoids such a non-optimal structure and finds another maternal design, as shown in Fig. 2 c. || Consequently, the stroke-based structure shown in Fig. 2 d ensures an appropriate connection between the inner and outer strokes.",selected_images/img2174.jpg,"[{""x"":0,""y"":0.7978723404255319,""width"":20.56436170212766,""height"":98.67021276595744,""rotation"":0,""rectanglelabels"":[""A""],""original_width"":2500,""original_height"":735},{""x"":22.44095744680851,""y"":0.5319148936170213,""width"":22.753723404255318,""height"":98.13829787234042,""rotation"":0,""rectanglelabels"":[""B""],""original_width"":2500,""original_height"":735},{""x"":56.76702127659574,""y"":0.5319148936170213,""width"":19.6260638297872,""height"":99.46808510638297,""rotation"":0,""rectanglelabels"":[""C""],""original_width"":2500,""original_height"":735},{""x"":80.38085106382978,""y"":0.26595744680851063,""width"":19.61914893617022,""height"":99.73404255319149,""rotation"":0,""rectanglelabels"":[""D""],""original_width"":2500,""original_height"":735}]"
img218,"Temperature gradient and solidification rate distribution for non-""similar melt pools"". (a) Variation in w / l with the G . (b) Correlation between w / l and the ratio of maximum to minimum temperature gradients. (c) Variation in w / l with the V . (d) Variation in w / l with relative G / V ratio.","For non-similar melt pools, Fig. 3(a) shows the temperature gradient distribution with relative position . || Fig. 3(b) shows the and correlation: as drops from 1 to 0, first falls sharply then slowly, overall inversely proportional. || As Fig. 3(c) shows, starts at 0 (widest part) and rises slowly along the x -axis, then sharply to 1 (tail); a smaller reduces the melt pool’s overall relative solidification rate. || When melt pool characteristics change, overall CET tendency shifts. Fig. 3 (d) shows: constant increased lowers overall G / V (promotes CET); constant increased raises overall G / V (suppresses CET).",selected_images/img218.jpg,"[{""x"":0.11029315883684816,""y"":0.27739251040221913,""width"":47.095178823334166,""height"":49.51456310679611,""rotation"":0,""rectanglelabels"":[""A""],""original_width"":2925,""original_height"":2326},{""x"":47.97752409402895,""y"":0.27739251040221913,""width"":52.02247590597105,""height"":49.375866851595006,""rotation"":0,""rectanglelabels"":[""B""],""original_width"":2925,""original_height"":2326},{""x"":0.11029315883684816,""y"":50.624133148404994,""width"":49.52162831774483,""height"":48.95977808599167,""rotation"":0,""rectanglelabels"":[""C""],""original_width"":2925,""original_height"":2326},{""x"":49.96280095309222,""y"":50.48543689320388,""width"":46.76429934682363,""height"":49.51456310679612,""rotation"":0,""rectanglelabels"":[""D""],""original_width"":2925,""original_height"":2326}]"
img2188,"(a) Boundary conditions for 2D cantilever beam, (b)∼(f) the optimized stroke-based structure with various stroke widths. (unit: r s : mm , c : N · mm ).","The applied boundary conditions are illustrated in Fig. 16 a, where the left edge of the domain is fixed, and a concentrated vertical load is applied at the midpoint of the right edge. || Using the proposed multi-stroke topology optimization method, the optimized stroke-based structure is obtained, as shown in Fig. 16 e. || The corresponding optimized configurations are presented in Fig. 16 (b)–(f), and they exhibit consistent trends with those discussed in Section 5.1.1.",selected_images/img2188.jpg,"[{""x"":0.07818930041152265,""y"":0,""width"":32.917695473251015,""height"":48.35390946502055,""rotation"":0,""rectanglelabels"":[""A""],""original_width"":2500,""original_height"":950},{""x"":67.00411522633745,""y"":50.823045267489675,""width"":32.99588477366251,""height"":49.17695473251025,""rotation"":0,""rectanglelabels"":[""F""],""original_width"":2500,""original_height"":950},{""x"":66.69547325102882,""y"":2.9976021664879234e-15,""width"":33.074074074074076,""height"":48.76543209876544,""rotation"":0,""rectanglelabels"":[""E""],""original_width"":2500,""original_height"":950},{""x"":33.1522633744856,""y"":-1.1102230246251565e-15,""width"":33.23045267489712,""height"":49.176954732510296,""rotation"":0,""rectanglelabels"":[""C""],""original_width"":2500,""original_height"":950},{""x"":0,""y"":50.20576131687243,""width"":33.23045267489712,""height"":49.176954732510296,""rotation"":0,""rectanglelabels"":[""B""],""original_width"":2500,""original_height"":950},{""x"":33.46502057613169,""y"":50.411522633744866,""width"":33.23045267489712,""height"":49.176954732510296,""rotation"":0,""rectanglelabels"":[""D""],""original_width"":2500,""original_height"":950}]"
img2189,"(a) Boundary conditions for shear wall, (b)∼(f) the optimized stroke-based structure with various stroke widths. (unit: r s : mm , c : N · mm ).","The applied boundary conditions are illustrated in Fig. 17 a, where the bottom edge is fixed and two lateral forces are applied at the top edge to represent in-plane shear loading. || The optimized stroke-based cross-sections produced by the proposed method are shown in Fig. 17 b–f.",selected_images/img2189.jpg,"[{""x"":2.104688198341529e-16,""y"":0.8214324204261982,""width"":14.296998420221168,""height"":99.17856757957377,""rotation"":0,""rectanglelabels"":[""A""],""original_width"":2500,""original_height"":1202},{""x"":15.086887835703003,""y"":0.8214324204262105,""width"":16.5086887835703,""height"":99.17856757957381,""rotation"":0,""rectanglelabels"":[""B""],""original_width"":2500,""original_height"":1202},{""x"":33.72827804107425,""y"":0.16428648408523974,""width"":13.744075829383881,""height"":99.83571351591476,""rotation"":0,""rectanglelabels"":[""C""],""original_width"":2500,""original_height"":1202},{""x"":51.57977883096366,""y"":1.150005388596684,""width"":13.74407582938389,""height"":98.84999461140332,""rotation"":0,""rectanglelabels"":[""D""],""original_width"":2500,""original_height"":1202},{""x"":69.98420221169035,""y"":1.3142918726819266,""width"":15.797788309636642,""height"":98.68570812731808,""rotation"":0,""rectanglelabels"":[""E""],""original_width"":2500,""original_height"":1202},{""x"":87.44075829383885,""y"":1.3142918726819226,""width"":12.32227488151659,""height"":98.68570812731808,""rotation"":0,""rectanglelabels"":[""F""],""original_width"":2500,""original_height"":1202}]"
img2195,"3D-printed walls with out-of-plane inclination angles of 0 ∘ (a), 1 ∘ (b), 2 ∘ (c), 5 ∘ (d), and 10 ∘ (e), shown during the final phase of the printing process, close to collapse.","The walls have a length of and out-of-plane inclination angles and 10 ∘ , as shown in Fig. 6 . || Fig. 6 also shows the presence of two scanCONTROL 2900–100 laser scanners positioned immediately behind the nozzle, each capturing data from one side of the wall.",selected_images/img2195.jpg,"[{""x"":80.46078034056919,""y"":0.1968503937007986,""width"":19.31371500886355,""height"":99.01574803149606,""rotation"":0,""rectanglelabels"":[""E""],""original_width"":3167,""original_height"":1258},{""x"":0.07819317817353663,""y"":0.7874015748031495,""width"":19.31371500886355,""height"":99.01574803149606,""rotation"":0,""rectanglelabels"":[""A""],""original_width"":3167,""original_height"":1258},{""x"":20.252033146945983,""y"":1.5543122344752194e-15,""width"":19.31371500886355,""height"":99.01574803149606,""rotation"":0,""rectanglelabels"":[""B""],""original_width"":3167,""original_height"":1258},{""x"":40.42587311571843,""y"":0,""width"":19.31371500886355,""height"":99.01574803149606,""rotation"":0,""rectanglelabels"":[""C""],""original_width"":3167,""original_height"":1258},{""x"":60.44332672814381,""y"":0.9842519685039441,""width"":19.31371500886355,""height"":99.01574803149606,""rotation"":0,""rectanglelabels"":[""D""],""original_width"":3167,""original_height"":1258}]"
img2196,"Comparison between experimental and numerical cross-sections after the extrusion of layers number 1, 3, 5, 7 and 9 for the vertical wall γ = 0 ∘ .","Fig. 7 presents the results for the vertical-wall case, showing a comparison, up to the 9 th layer, between the experimental cross-sectional profiles of a representative wall (in black) and the numerically predicted outlines.",selected_images/img2196.jpg,"[{""x"":0.2369948219508824,""y"":0.2805049088359095,""width"":23.857478743055474,""height"":99.4389901823282,""rotation"":0,""rectanglelabels"":[""A""],""original_width"":3217,""original_height"":1812},{""x"":24.489464934924516,""y"":0.5610098176718092,""width"":18.72259093411971,""height"":99.4389901823282,""rotation"":0,""rectanglelabels"":[""B""],""original_width"":3217,""original_height"":1812},{""x"":43.60704723896234,""y"":0.2805049088359046,""width"":18.56459438615248,""height"":99.71949509116408,""rotation"":0,""rectanglelabels"":[""C""],""original_width"":3217,""original_height"":1812},{""x"":62.487634721049325,""y"":0.5610098176718092,""width"":18.643592660136086,""height"":99.4389901823282,""rotation"":0,""rectanglelabels"":[""D""],""original_width"":3217,""original_height"":1812},{""x"":81.60521702508717,""y"":0.2805049088359046,""width"":18.39478297491283,""height"":99.57924263674613,""rotation"":0,""rectanglelabels"":[""E""],""original_width"":3217,""original_height"":1812}]"
img2198,"Comparison between experimental and numerical cross-sections after the extrusion of layers number 1, 3 and 5 for walls inclined of 2 ∘ , 5 ∘ and 10 ∘ .","Fig. 9 compares the cross-sectional profiles up to the 5 th layer for the inclined walls, showing both the experimentally measured profiles and the corresponding numerical predictions obtained using the Saramito-DP model.",selected_images/img2198.jpg,"[{""x"":1.813371144221591e-15,""y"":1.4166507387727382e-15,""width"":33.055680799955496,""height"":32.45492371705964,""rotation"":0,""rectanglelabels"":[""A""],""original_width"":2667,""original_height"":3739},{""x"":33.83346152466032,""y"":0,""width"":33.055680799955496,""height"":33.00970873786408,""rotation"":0,""rectanglelabels"":[""B""],""original_width"":2667,""original_height"":3739},{""x"":67.47247786814444,""y"":0.13869625520110956,""width"":32.52752213185556,""height"":32.59361997226075,""rotation"":0,""rectanglelabels"":[""C""],""original_width"":2667,""original_height"":3739},{""x"":0,""y"":33.841886269070734,""width"":33.44457116230791,""height"":32.73231622746186,""rotation"":0,""rectanglelabels"":[""D""],""original_width"":2667,""original_height"":3739},{""x"":33.639016343484116,""y"":33.841886269070734,""width"":32.66679043760307,""height"":32.87101248266297,""rotation"":0,""rectanglelabels"":[""E""],""original_width"":2667,""original_height"":3739},{""x"":66.88914232461582,""y"":33.70319001386963,""width"":33.11085767538418,""height"":32.87101248266296,""rotation"":0,""rectanglelabels"":[""F""],""original_width"":2667,""original_height"":3739},{""x"":0,""y"":67.54507628294036,""width"":32.861235618779276,""height"":32.45492371705964,""rotation"":0,""rectanglelabels"":[""G""],""original_width"":2667,""original_height"":3739},{""x"":33.44457116230791,""y"":67.40638002773926,""width"":33.25012598113169,""height"":32.59361997226074,""rotation"":0,""rectanglelabels"":[""H""],""original_width"":2667,""original_height"":3739},{""x"":66.6946971434396,""y"":67.26768377253815,""width"":33.3053028565604,""height"":32.73231622746185,""rotation"":0,""rectanglelabels"":[""I""],""original_width"":2667,""original_height"":3739}]"
img2199,Stages of the printing of the vertical wall γ = 0 ∘ both experimentally (a-f) and numerically with Saramito-DP max model (g-l).,"Fig. 10 presents both experimental and numerical snapshots of the printing process for the vertical wall up to the point of collapse. || Overall, there is good agreement between the two in terms of geometry and global deformation throughout the various stages of the printing process ( Fig. 10 -a-d and g-j), as well as during collapse. || In particular, the model accurately reproduces the initiation of large out-of-plane displacements ( Fig. 10 -e) and the subsequent evolution of the overall failure mode ( Fig. 10 -f).",selected_images/img2199.jpg,"[{""x"":76.83277676381113,""y"":52.42718446601945,""width"":23.167223236188867,""height"":47.572815533980545,""rotation"":0,""rectanglelabels"":[""L""],""original_width"":3083,""original_height"":2014},{""x"":0.09060468957996584,""y"":0.27739251040221913,""width"":13.862517505734772,""height"":47.57281553398058,""rotation"":0,""rectanglelabels"":[""A""],""original_width"":3083,""original_height"":2014},{""x"":15.312192539014227,""y"":0.27739251040221913,""width"":13.862517505734772,""height"":47.57281553398058,""rotation"":0,""rectanglelabels"":[""B""],""original_width"":3083,""original_height"":2014},{""x"":30.89619914676835,""y"":-4.440892098500626e-16,""width"":13.862517505734772,""height"":47.57281553398058,""rotation"":0,""rectanglelabels"":[""C""],""original_width"":3083,""original_height"":2014},{""x"":45.93657761704268,""y"":0.4160887656033287,""width"":13.862517505734772,""height"":47.57281553398058,""rotation"":0,""rectanglelabels"":[""D""],""original_width"":3083,""original_height"":2014},{""x"":0,""y"":52.42718446601942,""width"":13.862517505734772,""height"":47.57281553398058,""rotation"":0,""rectanglelabels"":[""G""],""original_width"":3083,""original_height"":2014},{""x"":76.83277676381113,""y"":1.7246182906798546e-15,""width"":23.167223236188867,""height"":47.572815533980545,""rotation"":0,""rectanglelabels"":[""F""],""original_width"":3083,""original_height"":2014},{""x"":61.42997953521684,""y"":1.4432899320127035e-15,""width"":13.862517505734772,""height"":47.57281553398058,""rotation"":0,""rectanglelabels"":[""E""],""original_width"":3083,""original_height"":2014},{""x"":61.70179360395673,""y"":52.42718446601942,""width"":13.862517505734772,""height"":47.57281553398058,""rotation"":0,""rectanglelabels"":[""K""],""original_width"":3083,""original_height"":2014},{""x"":46.20839168578258,""y"":52.42718446601942,""width"":13.862517505734772,""height"":47.57281553398058,""rotation"":0,""rectanglelabels"":[""J""],""original_width"":3083,""original_height"":2014},{""x"":30.986803836348315,""y"":52.42718446601942,""width"":13.862517505734772,""height"":47.57281553398058,""rotation"":0,""rectanglelabels"":[""I""],""original_width"":3083,""original_height"":2014},{""x"":15.67461129733409,""y"":52.42718446601942,""width"":13.862517505734772,""height"":47.57281553398058,""rotation"":0,""rectanglelabels"":[""H""],""original_width"":3083,""original_height"":2014}]"
img2200,Out-of-plane collapse mechanism of the vertical wall γ = 0 ∘ .,"These results demonstrate that the numerical framework captures not only the progressive deformation of the printed layers but also the critical mechanisms leading to structural instability. Fig. 11 illustrates the collapse mechanism in detail. || This causes a slight lateral deflection of the deposited layers ( Fig. 11 -a), resulting in misalignment of subsequent layers with respect to the previous ones ( Fig. 11 -b). || When the base of the wall undergoes plasticization ( Figs. 11 -c,d), the structure loses its limited out-of-plane stiffness and collapses globally ( Fig. 11 -e), also breaking the filament being extruded.",selected_images/img2200.jpg,"[{""x"":0.07818608287724785,""y"":0.4518359329005851,""width"":15.871774824081312,""height"":99.54816406709942,""rotation"":0,""rectanglelabels"":[""A""],""original_width"":2667,""original_height"":923},{""x"":16.966379984362785,""y"":0.22591796645029255,""width"":16.184519155590305,""height"":99.7740820335497,""rotation"":0,""rectanglelabels"":[""B""],""original_width"":2667,""original_height"":923},{""x"":34.16731821735731,""y"":0.6777538993508777,""width"":16.10633307271305,""height"":99.32224610064912,""rotation"":0,""rectanglelabels"":[""C""],""original_width"":2667,""original_height"":923},{""x"":51.133698201720094,""y"":0.4518359329005851,""width"":21.97028928850665,""height"":99.54816406709942,""rotation"":0,""rectanglelabels"":[""D""],""original_width"":2667,""original_height"":923},{""x"":74.27677873338546,""y"":0.22591796645029255,""width"":25.723221266614544,""height"":99.7740820335497,""rotation"":0,""rectanglelabels"":[""E""],""original_width"":2667,""original_height"":923}]"
img2201,"Stages of the printing of the walls inclined of γ = 2 ∘ , 5 ∘ , 10 ∘ reproduced numerically with Saramito-DP max model (g-l).","In overhanging structures, the wall inclination acts as an intrinsic imperfection that can dominate over other geometric defects and trigger instability at an earlier stage. Fig. 12 shows the virtual printing of walls inclined at 2 ∘ , 5 ∘ , and 10 ∘ .",selected_images/img2201.jpg,"[{""x"":31.760350344556443,""y"":68.7933425797504,""width"":14.306464119169563,""height"":31.206657420249602,""rotation"":0,""rectanglelabels"":[""N""],""original_width"":2667,""original_height"":2751},{""x"":0.2861292823833914,""y"":0.13869625520110956,""width"":14.306464119169569,""height"":32.45492371705964,""rotation"":0,""rectanglelabels"":[""A""],""original_width"":2667,""original_height"":2751},{""x"":15.594045889894831,""y"":0.13869625520110956,""width"":14.306464119169569,""height"":32.45492371705964,""rotation"":0,""rectanglelabels"":[""B""],""original_width"":2667,""original_height"":2751},{""x"":31.331156420981355,""y"":8.881784197001251e-16,""width"":14.306464119169569,""height"":32.45492371705964,""rotation"":0,""rectanglelabels"":[""C""],""original_width"":2667,""original_height"":2751},{""x"":47.21133159325957,""y"":8.881784197001252e-16,""width"":14.306464119169569,""height"":32.45492371705964,""rotation"":0,""rectanglelabels"":[""D""],""original_width"":2667,""original_height"":2751},{""x"":62.37618355957931,""y"":-3.330669073875469e-16,""width"":14.306464119169569,""height"":32.45492371705964,""rotation"":0,""rectanglelabels"":[""E""],""original_width"":2667,""original_height"":2751},{""x"":0.14306464119168757,""y"":34.39667128987517,""width"":14.306464119169569,""height"":32.45492371705964,""rotation"":0,""rectanglelabels"":[""G""],""original_width"":2667,""original_height"":2751},{""x"":15.880175172278213,""y"":34.535367545076284,""width"":14.306464119169569,""height"":32.45492371705964,""rotation"":0,""rectanglelabels"":[""H""],""original_width"":2667,""original_height"":2751},{""x"":31.474221062173047,""y"":34.25797503467407,""width"":14.306464119169569,""height"":32.45492371705964,""rotation"":0,""rectanglelabels"":[""I""],""original_width"":2667,""original_height"":2751},{""x"":47.21133159325958,""y"":34.53536754507629,""width"":14.306464119169569,""height"":32.45492371705964,""rotation"":0,""rectanglelabels"":[""J""],""original_width"":2667,""original_height"":2751},{""x"":0.42919392357508707,""y"":68.79334257975033,""width"":14.306464119169563,""height"":31.206657420249602,""rotation"":0,""rectanglelabels"":[""L""],""original_width"":2667,""original_height"":2751},{""x"":15.880175172278225,""y"":68.7933425797504,""width"":14.306464119169563,""height"":31.206657420249602,""rotation"":0,""rectanglelabels"":[""M""],""original_width"":2667,""original_height"":2751},{""x"":77.82716480828246,""y"":0.13869625520110956,""width"":22.17283519171754,""height"":32.17753120665742,""rotation"":0,""rectanglelabels"":[""F""],""original_width"":2667,""original_height"":2751},{""x"":62.9484421243461,""y"":34.535367545076284,""width"":37.0515578756539,""height"":32.45492371705963,""rotation"":0,""rectanglelabels"":[""K""],""original_width"":2667,""original_height"":2751},{""x"":47.21133159325958,""y"":69.07073509015257,""width"":52.78866840674042,""height"":30.929264909847433,""rotation"":0,""rectanglelabels"":[""O""],""original_width"":2667,""original_height"":2751}]"
img2204,"Real printing process of the first layer (a,c,e); virtual printing process of the first layer (b,d,f).","Focusing on the first layer, Fig. 15 compares the actual printing process (a) with the corresponding virtual simulation (b).",selected_images/img2204.jpg,"[{""x"":0.12906795628996048,""y"":0.4160887656033287,""width"":48.65861952131511,""height"":31.76144244105409,""rotation"":0,""rectanglelabels"":[""A""],""original_width"":2276,""original_height"":2118},{""x"":51.23997864711431,""y"":0.27739251040221913,""width"":48.76002135288569,""height"":31.9001386962552,""rotation"":0,""rectanglelabels"":[""B""],""original_width"":2276,""original_height"":2118},{""x"":0.12906795628996048,""y"":34.674063800277395,""width"":48.529551565025145,""height"":31.761442441054086,""rotation"":0,""rectanglelabels"":[""C""],""original_width"":2276,""original_height"":2118},{""x"":51.23997864711431,""y"":34.812760055478506,""width"":48.76002135288569,""height"":32.17753120665742,""rotation"":0,""rectanglelabels"":[""D""],""original_width"":2276,""original_height"":2118},{""x"":0.12906795628996048,""y"":69.20943134535368,""width"":48.78768747760507,""height"":30.79056865464632,""rotation"":0,""rectanglelabels"":[""E""],""original_width"":2276,""original_height"":2118},{""x"":51.627182515984195,""y"":69.34812760055479,""width"":48.372817484015805,""height"":30.65187239944521,""rotation"":0,""rectanglelabels"":[""F""],""original_width"":2276,""original_height"":2118}]"
img2205,"Virtual printing of the junction between the straight and V-shaped inclined edges, emphasizing the stress-norm distribution. Red regions denote the fluid regime, whereas other colors correspond to the phase-transitioning and solid regimes.","In contrast, standard solid-based FEM models using element or layer activation often struggle to reproduce these effects and must rely on strong simplifying assumptions regarding the geometry of the layers and joints. Fig. 16 shows a detailed view of the virtual printing process at the junction between the straight and V-shaped inclined edges, highlighting the stress norm distribution. || A significant portion of the newly deposited filament, as well as parts of the previously printed layers, yields, ensuring strong merging and bonding between layers ( Fig. 16 -c,d,e). || The model also captures fine details, reproducing the slight rib of material squeezed upward at the junction and the subtle bulging beyond the outer rectangle perimeter ( Fig. 16 -f).",selected_images/img2205.jpg,"[{""x"":68.12443511472638,""y"":51.872399445215,""width"":31.875564885273626,""height"":48.127600554785,""rotation"":0,""rectanglelabels"":[""F""],""original_width"":2664,""original_height"":1624},{""x"":68.29353625470131,""y"":0,""width"":31.706463745298606,""height"":48.127600554785,""rotation"":0,""rectanglelabels"":[""C""],""original_width"":2664,""original_height"":1624},{""x"":0.16910113997492635,""y"":0.27739251040221913,""width"":31.791014315286155,""height"":48.127600554785,""rotation"":0,""rectanglelabels"":[""A""],""original_width"":2664,""original_height"":1624},{""x"":34.242980844922585,""y"":0,""width"":31.621913175311228,""height"":48.12760055478501,""rotation"":0,""rectanglelabels"":[""B""],""original_width"":2664,""original_height"":1624},{""x"":1.7647558034509324e-15,""y"":51.87239944521489,""width"":31.875564885273626,""height"":48.127600554785,""rotation"":0,""rectanglelabels"":[""D""],""original_width"":2664,""original_height"":1624},{""x"":34.15843027493513,""y"":51.872399445215,""width"":31.875564885273626,""height"":48.127600554785,""rotation"":0,""rectanglelabels"":[""E""],""original_width"":2664,""original_height"":1624}]"
img2206,"Comparison of the final printed object obtained experimentally (a, c) with its numerical simulation (b, d).","Finally, Fig. 17 compares the experimentally printed object (a, c) with its simulated counterpart (b, d).",selected_images/img2206.jpg,"[{""x"":0,""y"":0.4160887656033287,""width"":49.087947281926795,""height"":48.54368932038835,""rotation"":0,""rectanglelabels"":[""A""],""original_width"":3083,""original_height"":2302},{""x"":51.15916868622751,""y"":0.8321775312066574,""width"":48.84083131377249,""height"":47.57281553398058,""rotation"":0,""rectanglelabels"":[""B""],""original_width"":3083,""original_height"":2302},{""x"":0.10356107021503543,""y"":52.1497919556172,""width"":49.087947281926795,""height"":47.8502080443828,""rotation"":0,""rectanglelabels"":[""C""],""original_width"":3083,""original_height"":2302},{""x"":50.95204654579744,""y"":51.31761442441054,""width"":49.04795345420256,""height"":48.68238557558946,""rotation"":0,""rectanglelabels"":[""D""],""original_width"":3083,""original_height"":2302}]"
img221,"Photographs of the LPBF (a) as-printed (WE43-PEO1) and (b) chemically etched (WE43-PEO2) WE43-PEO-modified BCC scaffolds. BSE SEM images in (c) and (d) provide higher magnification views of the surface condition and PEO layer morphology for WE43-PEO1 and WE43-PEO2, respectively.","Cubic body-centered (BCC) open-porous scaffolds (see Fig. 1 ) measuring 10 × 10 × 10 were designed with a nominal strut diameter of 350 and and internal porosity between 77% and 80%, respectively (see Table 1 ). || A comprehensive account of the scan strategy can be found in the Supplementary Material, specifically in Figure S1.",selected_images/img221.jpg,"[{""x"":0.2063894236364471,""y"":12.62135922330097,""width"":46.024841470927704,""height"":39.80582524271845,""rotation"":0,""rectanglelabels"":[""A""],""original_width"":2598,""original_height"":1933},{""x"":48.50151455456507,""y"":12.205270457697642,""width"":39.4203799145614,""height"":40.77669902912621,""rotation"":0,""rectanglelabels"":[""B""],""original_width"":2598,""original_height"":1933},{""x"":0.2063894236364471,""y"":53.6754507628294,""width"":50.04943523183842,""height"":46.3245492371706,""rotation"":0,""rectanglelabels"":[""C""],""original_width"":2598,""original_height"":1933},{""x"":50.46221407911132,""y"":53.81414701803051,""width"":49.53778592088868,""height"":46.18585298196949,""rotation"":0,""rectanglelabels"":[""D""],""original_width"":2598,""original_height"":1933}]"
img2217,"Comparison of optimization results of the cantilever beam filled with designed and defective lattice materials: (a)-(c) designed lattices, and (d)-(f) defective lattices.","Fig. 9 presents the optimization results of the cantilever beam examples. || As shown in Fig. 9(a) , the optimized topology exhibits noticeable asymmetry, which is attributed to the intrinsic structural asymmetry of designed lattice 1, leading to material anisotropy. || In contrast, Fig. 9(b) and (c) exhibit substantial symmetry in the optimized layouts, which is attributed to the geometrical symmetry of the designed Lattices 2 and 3. || A clear distinction can also be observed when comparing Fig. 9(d–f) , which represent results obtained using defective lattices, with their designed counterparts in Fig. 9(a–c) . || Notably, the presence of geometric defects introduces substantial asymmetries in the topologies indicated in Fig. 9(e) and (f) .",selected_images/img2217.jpg,"[{""x"":0.33644658957938,""y"":0.6934812760055479,""width"":33.224100720963776,""height"":50.20804438280166,""rotation"":0,""rectanglelabels"":[""A""],""original_width"":2917,""original_height"":1769},{""x"":33.81288225272769,""y"":0.4160887656033287,""width"":32.13064930483078,""height"":49.79195561719834,""rotation"":0,""rectanglelabels"":[""B""],""original_width"":2917,""original_height"":1769},{""x"":66.02764320495332,""y"":0.8321775312066574,""width"":33.72877060533284,""height"":49.65325936199722,""rotation"":0,""rectanglelabels"":[""C""],""original_width"":2917,""original_height"":1769},{""x"":0.16822329478969,""y"":52.011095700416085,""width"":33.644658957938,""height"":47.29542302357837,""rotation"":0,""rectanglelabels"":[""D""],""original_width"":2917,""original_height"":1769},{""x"":33.98110554751737,""y"":51.73370319001387,""width"":31.79420271525142,""height"":47.43411927877946,""rotation"":0,""rectanglelabels"":[""E""],""original_width"":2917,""original_height"":1769},{""x"":65.94353155755847,""y"":51.87239944521498,""width"":33.89699390012254,""height"":47.43411927877948,""rotation"":0,""rectanglelabels"":[""F""],""original_width"":2917,""original_height"":1769}]"
img2218,"Comparison of the modified Soderberg diagrams for the cantilever beam filled with designed and defective lattice materials: (a) designed lattice 1, (b) designed lattice 2, (c) designed lattice 3, (d) defective lattice 1, (e) defective lattice 2, and (f) defective lattice 3.","The damage contours represent the maximum fatigue damage values within each micro-lattice unit cell. Fig. 10 illustrates the modified Soderberg diagrams associated with each instance, providing insight into the fatigue behavior under varying microstructural conditions.",selected_images/img2218.jpg,"[{""x"":0,""y"":0.4160887656033287,""width"":32.81652296999225,""height"":48.127600554785026,""rotation"":0,""rectanglelabels"":[""A""],""original_width"":2917,""original_height"":1989},{""x"":33.38395564382497,""y"":0.27739251040221913,""width"":32.816522969992256,""height"":48.12760055478502,""rotation"":0,""rectanglelabels"":[""B""],""original_width"":2917,""original_height"":1989},{""x"":67.24077184917721,""y"":0.13869625520110956,""width"":32.24909029615954,""height"":47.57281553398058,""rotation"":0,""rectanglelabels"":[""C""],""original_width"":2917,""original_height"":1989},{""x"":0.47286056152726585,""y"":51.04022191400832,""width"":32.43823452077044,""height"":48.68238557558946,""rotation"":0,""rectanglelabels"":[""D""],""original_width"":2917,""original_height"":1989},{""x"":33.57309986843588,""y"":50.762829403606105,""width"":32.62737874538134,""height"":49.237170596393895,""rotation"":0,""rectanglelabels"":[""E""],""original_width"":2917,""original_height"":1989},{""x"":67.80820452300993,""y"":51.17891816920943,""width"":32.191795476990066,""height"":48.82108183079057,""rotation"":0,""rectanglelabels"":[""F""],""original_width"":2917,""original_height"":1989}]"
img2222,"Comparison of the p -norm approximation and the actual maximum fatigue damage throughout the optimization history for the cantilever beam filled with the designed lattice 3, under different aggregation parameters: (a) δ = 4, (b) δ = 8, (c) δ = 12, (d) δ = 16, and (e) δ = 20.","To verify the accuracy of the aggregation function, Figs. 14 and 16 further compare the evolution of the p -norm approximation against the actual maximum fatigue damage throughout the optimization history for both lattice types.",selected_images/img2222.jpg,"[{""x"":0,""y"":0.37313480566162033,""width"":33.25434439178515,""height"":48.694092138841455,""rotation"":0,""rectanglelabels"":[""A""],""original_width"":2917,""original_height"":1235},{""x"":33.88625592417062,""y"":0.37313480566162033,""width"":33.41232227488151,""height"":49.06722694450307,""rotation"":0,""rectanglelabels"":[""B""],""original_width"":2917,""original_height"":1235},{""x"":67.69352290679304,""y"":0.5597022084924302,""width"":32.30647709320694,""height"":49.25379434733389,""rotation"":0,""rectanglelabels"":[""C""],""original_width"":2917,""original_height"":1235},{""x"":14.612954186413901,""y"":50.93290097281118,""width"":33.80726698262244,""height"":49.06709902718882,""rotation"":0,""rectanglelabels"":[""D""],""original_width"":2917,""original_height"":1235},{""x"":49.763033175355446,""y"":50.93290097281118,""width"":36.80884676145341,""height"":49.06709902718882,""rotation"":0,""rectanglelabels"":[""E""],""original_width"":2917,""original_height"":1235}]"
img2224,"Comparison of the p -norm approximation and the actual maximum fatigue damage throughout the optimization history for the cantilever beam filled with the defective lattice 3, under different aggregation parameters: (a) δ = 4, (b) δ = 8, (c) δ = 12, (d) δ = 16, and (e) δ = 20.","To verify the accuracy of the aggregation function, Figs. 14 and 16 further compare the evolution of the p -norm approximation against the actual maximum fatigue damage throughout the optimization history for both lattice types.",selected_images/img2224.jpg,"[{""x"":0.07818608287724785,""y"":0.3872135887146554,""width"":32.9945269741986,""height"":48.595305383689244,""rotation"":0,""rectanglelabels"":[""A""],""original_width"":2917,""original_height"":1178},{""x"":33.30727130570759,""y"":0.1936067943573277,""width"":34.32369038311181,""height"":49.36973256111856,""rotation"":0,""rectanglelabels"":[""B""],""original_width"":2917,""original_height"":1178},{""x"":67.86551993745114,""y"":0.580820383071983,""width"":32.13448006254886,""height"":49.36973256111856,""rotation"":0,""rectanglelabels"":[""C""],""original_width"":2917,""original_height"":1178},{""x"":15.08991399530884,""y"":51.11219371033451,""width"":33.62001563721658,""height"":48.88780628966548,""rotation"":0,""rectanglelabels"":[""D""],""original_width"":2917,""original_height"":1178},{""x"":50.58639562157936,""y"":50.72498012161986,""width"":33.620015637216575,""height"":49.27501987838014,""rotation"":0,""rectanglelabels"":[""E""],""original_width"":2917,""original_height"":1178}]"
img2226,"Optimization results of the l -shaped beam with different methods and defective lattice materials: (a)-(c) fatigue constrained optimized results, and (d)-(f) stress constrained optimized results.","As shown in Fig. 18 , varying the lattice structure type significantly alters the final optimized layout, even when the same optimization method is employed. || Specifically, the fatigue-based method yields a smoother fillet at the corner of the l -shaped beam ( Fig. 18(a–c) ). || In contrast, due to the relatively relaxed nature of stress constraints, the optimized structures obtained using the stress-constrained method exhibit less pronounced smoothing at the corner regions (see Fig. 18(d–f) ). || Notably, compared to the stress-constrained design, the topology under fatigue constraints ( Fig. 18(a–c) ) evolves into a smoother and more rounded fillet.",selected_images/img2226.jpg,"[{""x"":66.96599445500264,""y"":2.496532593619972,""width"":31.641432379988725,""height"":47.43411927877945,""rotation"":0,""rectanglelabels"":[""C""],""original_width"":2917,""original_height"":3521},{""x"":67.63565439955266,""y"":50.90152565880721,""width"":31.641432379988725,""height"":47.43411927877945,""rotation"":0,""rectanglelabels"":[""F""],""original_width"":2917,""original_height"":3521},{""x"":33.81782719977633,""y"":2.6352288488210815,""width"":31.641432379988725,""height"":47.43411927877945,""rotation"":0,""rectanglelabels"":[""B""],""original_width"":2917,""original_height"":3521},{""x"":1.1719049029625441,""y"":2.357836338418863,""width"":31.641432379988725,""height"":47.43411927877945,""rotation"":0,""rectanglelabels"":[""A""],""original_width"":2917,""original_height"":3521},{""x"":0.669659944550024,""y"":50.34674063800277,""width"":31.641432379988725,""height"":47.43411927877945,""rotation"":0,""rectanglelabels"":[""D""],""original_width"":2917,""original_height"":3521},{""x"":33.81782719977633,""y"":50.624133148404994,""width"":31.641432379988725,""height"":47.43411927877945,""rotation"":0,""rectanglelabels"":[""E""],""original_width"":2917,""original_height"":3521}]"
img2227,"Comparison of modified Soderberg diagrams for the l -shaped beam optimized with different methods and defective lattice materials: (a)-(c) fatigue-constrained designs; (d)-(f) stress-constrained designs; (a), (d) with defective lattice 1; (b), (e) with defective lattice 2; and (c), (f) with defective lattice 3.","Additionally, the modified Soderberg criterion diagrams shown in Fig. 19 further illustrate this distinction.",selected_images/img2227.jpg,"[{""x"":67.86863748165257,""y"":2.6645352591003757e-15,""width"":31.949302881335058,""height"":49.375866851595006,""rotation"":0,""rectanglelabels"":[""C""],""original_width"":2917,""original_height"":1988},{""x"":68.05069711866494,""y"":50.624133148404994,""width"":31.949302881335058,""height"":49.375866851595006,""rotation"":0,""rectanglelabels"":[""F""],""original_width"":2917,""original_height"":1988},{""x"":33.4616959171379,""y"":-2.6645352591003757e-15,""width"":31.949302881335058,""height"":49.375866851595006,""rotation"":0,""rectanglelabels"":[""B""],""original_width"":2917,""original_height"":1988},{""x"":1.3322676295501878e-15,""y"":-2.442490654175345e-15,""width"":31.949302881335058,""height"":49.375866851595006,""rotation"":0,""rectanglelabels"":[""A""],""original_width"":2917,""original_height"":1988},{""x"":-4.440892098500627e-16,""y"":50.624133148404994,""width"":31.949302881335058,""height"":49.375866851595006,""rotation"":0,""rectanglelabels"":[""D""],""original_width"":2917,""original_height"":1988},{""x"":34.02884330556397,""y"":50.624133148404994,""width"":31.949302881335058,""height"":49.375866851595006,""rotation"":0,""rectanglelabels"":[""E""],""original_width"":2917,""original_height"":1988}]"
img2232,"Modified Soderberg diagrams of the simply supported structure filled with the defective lattice 2: (a) Case 1, (b) Case 2, (c) Case 3, (d) Case 4, and (e) Case 5.","The results in Figs. 23–26 , and Table 6 demonstrate that both loading conditions and micro defective lattice materials have a significant impact on the resulting optimized topology. || Meanwhile, Figs. 24 and 26 illustrate that the optimized structures successfully satisfy the fatigue constraints under various loading scenarios.",selected_images/img2232.jpg,"[{""x"":67.76213092983548,""y"":-2.1094237467877974e-15,""width"":32.07787150459999,""height"":50.20804438280167,""rotation"":0,""rectanglelabels"":[""C""],""original_width"":2917,""original_height"":1996},{""x"":0.18980989055976324,""y"":0.27739251040221913,""width"":32.07787150459999,""height"":50.20804438280166,""rotation"":0,""rectanglelabels"":[""A""],""original_width"":2917,""original_height"":1996},{""x"":51.24867045113607,""y"":51.04022191400838,""width"":32.077871504599976,""height"":48.95977808599163,""rotation"":0,""rectanglelabels"":[""E""],""original_width"":2917,""original_height"":1996},{""x"":34.070875355477504,""y"":-2.220446049250313e-16,""width"":32.07787150459999,""height"":50.20804438280167,""rotation"":0,""rectanglelabels"":[""B""],""original_width"":2917,""original_height"":1996},{""x"":16.798175314539044,""y"":51.04022191400832,""width"":32.077871504599976,""height"":48.95977808599163,""rotation"":0,""rectanglelabels"":[""D""],""original_width"":2917,""original_height"":1996}]"
img2234,"Modified Soderberg diagrams of the simply supported structure filled with the defective lattice 3: (a) Case 1, (b) Case 2, (c) Case 3, (d) Case 4, and (e) Case 5.","The results in Figs. 23–26 , and Table 6 demonstrate that both loading conditions and micro defective lattice materials have a significant impact on the resulting optimized topology. || Meanwhile, Figs. 24 and 26 illustrate that the optimized structures successfully satisfy the fatigue constraints under various loading scenarios.",selected_images/img2234.jpg,"[{""x"":68.14389035150492,""y"":-3.1086244689504387e-15,""width"":31.85610964849509,""height"":49.375866851595006,""rotation"":0,""rectanglelabels"":[""C""],""original_width"":2917,""original_height"":1994},{""x"":0.18961970028866126,""y"":0,""width"":31.85610964849509,""height"":49.375866851595006,""rotation"":0,""rectanglelabels"":[""A""],""original_width"":2917,""original_height"":1994},{""x"":51.76617817880454,""y"":50.34674063800277,""width"":31.85610964849509,""height"":49.375866851595006,""rotation"":0,""rectanglelabels"":[""E""],""original_width"":2917,""original_height"":1994},{""x"":34.13154605195903,""y"":-2.2204460492503136e-16,""width"":31.85610964849509,""height"":49.375866851595006,""rotation"":0,""rectanglelabels"":[""B""],""original_width"":2917,""original_height"":1994},{""x"":17.160582876123843,""y"":50.624133148404994,""width"":31.85610964849509,""height"":49.375866851595006,""rotation"":0,""rectanglelabels"":[""D""],""original_width"":2917,""original_height"":1994}]"
img2242,"Optimization results of the 3D cantilever beam filled with different micro lattice materials: (a)-(c) topologies; (d)-(f) damage distributions; and (g)-(i) modified Soderberg diagrams. The results correspond to structures composed of the 3D designed lattice (left column), 3D defective lattice 1 (middle column), and 3D defective lattice 2 (right column), respectively.","In 3D scenarios, stronger nonlinearities necessitate a smaller δ to ensure stable convergence. Fig. 34(a–c) illustrate the optimized macroscale topological layouts. || To compensate for the degraded stiffness and load-bearing capacity of the defective microstructures, the optimizer autonomously redistributes the material, noticeably thickening the primary load-bearing members (e.g., the lower curved boundaries in Fig. 34(b) and (c) ) and creating more robust 3D load transfer paths. || The effectiveness of the fatigue constraint is validated through the damage distributions ( Fig. 34(d–f) ) and the corresponding modified Soderberg diagrams ( Fig. 34(g–i) ).",selected_images/img2242.jpg,"[{""x"":0.08130634089609097,""y"":0.27739251040221913,""width"":30.733796858722386,""height"":28.71012482662968,""rotation"":0,""rectanglelabels"":[""A""],""original_width"":2917,""original_height"":1710},{""x"":32.52253635843639,""y"":0.13869625520110956,""width"":31.95339197216375,""height"":28.29403606102635,""rotation"":0,""rectanglelabels"":[""B""],""original_width"":2917,""original_height"":1710},{""x"":65.77682978493759,""y"":0.13869625520110956,""width"":31.46555392678721,""height"":28.57142857142857,""rotation"":0,""rectanglelabels"":[""C""],""original_width"":2917,""original_height"":1710},{""x"":0,""y"":29.26490984743412,""width"":33.25429342650121,""height"":25.520110957004157,""rotation"":0,""rectanglelabels"":[""D""],""original_width"":2917,""original_height"":1710},{""x"":33.74213147187775,""y"":29.403606102635226,""width"":32.68514904022857,""height"":24.549237170596395,""rotation"":0,""rectanglelabels"":[""E""],""original_width"":2917,""original_height"":1710},{""x"":66.83381221658675,""y"":28.98751733703189,""width"":32.92226876072493,""height"":23.717059639389756,""rotation"":0,""rectanglelabels"":[""F""],""original_width"":2917,""original_height"":1710},{""x"":0.08130634089609097,""y"":55.33980582524271,""width"":30.5711841769302,""height"":44.66019417475729,""rotation"":0,""rectanglelabels"":[""G""],""original_width"":2917,""original_height"":1710},{""x"":32.03469831305984,""y"":55.20110957004161,""width"":33.579518790085565,""height"":44.79889042995839,""rotation"":0,""rectanglelabels"":[""H""],""original_width"":2917,""original_height"":1710},{""x"":66.50858685300241,""y"":53.95284327323162,""width"":33.49141314699759,""height"":46.04715672676838,""rotation"":0,""rectanglelabels"":[""I""],""original_width"":2917,""original_height"":1710}]"
img227,"WE43-PEO1 (a) BSE SEM images, (b) zoom-in of the microstructure shown in (a), (c) single cross-section from the middle of the volume reconstructed from nano-XCT, and (d) Z-projection of the maximum of 50 consecutive slices in the middle of the volume. Nano-XCT pixel size 25 nm.","Both WE43-PEO1 and WE43-PEO2 exhibit a fine-grained Mg matrix with dispersed secondary phases in SEM and nano-XCT images ( Figs. 7 and 8 ). || The phase attribution in Figs. 7 and 8 was supported by correlated TEM-SEM–EDS elemental mapping (see Supplementary Figures S2 and S3) and X-ray attenuation contrast in nano-holo-tomography. || WE43-PEO1 samples generally exhibit a finer, “banded” microstructure (parallel to the melt pool boundary) combined with columnar eutectic growth (parallel to the solidification front) ( Fig. 7 b). || Figs. 7 and 8 show X-ray nano-tomography images (at a pixel size of 25 nm) of both WE43-PEO1 and WE43-PEO2 samples, complementing SEM observations. || The fine cellular microstructure seen in WE43-PEO1 ( Fig. 7 b) is not clearly visible in the nano-holo-tomography XCT reconstruction ( Fig. 7 c,d), primarily due to the limited resolution of the nano-XCT technique to resolve the MgNdY-rich precipitates ( , MgY, , , , ).",selected_images/img227.jpg,"[{""x"":1.3236076387587722e-15,""y"":3.051317614424411,""width"":46.86578420907981,""height"":45.76976421636616,""rotation"":0,""rectanglelabels"":[""A""],""original_width"":3255,""original_height"":2412},{""x"":47.48243926446244,""y"":2.912621359223301,""width"":46.96856005164358,""height"":45.49237170596394,""rotation"":0,""rectanglelabels"":[""B""],""original_width"":3255,""original_height"":2412},{""x"":0.20555168512754302,""y"":51.73370319001387,""width"":44.399163987549294,""height"":48.26629680998613,""rotation"":0,""rectanglelabels"":[""C""],""original_width"":3255,""original_height"":2412},{""x"":47.37966342189868,""y"":51.45631067961164,""width"":43.16585387678404,""height"":48.54368932038835,""rotation"":0,""rectanglelabels"":[""D""],""original_width"":3255,""original_height"":2412},{""x"":86.22893191100431,""y"":49.65325936199723,""width"":13.77106808899569,""height"":10.679611650485427,""rotation"":0,""rectanglelabels"":[""COMMON_ALL""],""original_width"":3255,""original_height"":2412}]"
img2270,"Topology optimisation material distribution: isometric (a), upper (b) and lower view (c).","Topology optimisation software was employed to determine a material distribution that would be more suitable for the twist bending load case, with the objective of maximising the stiffness of the panel, with a volume fraction constraint of 30%. Fig. 4 illustrates the solution that the software proposed for the upper ( Fig. 4 b) and lower ( Fig. 4 c) part of the panel. || The analysis of the out-of-plane compression tests for different cell sizes was conducted using stress-displacement curves to determine the stiffness, strength, and specific properties of each structure. Fig. 4 a shows the representative curves for each cell size. || Distributing L3 and L10 according to the material-distribution map ( Fig. 4 ) yielded the functionally graded (FG) core.",selected_images/img2270.jpg,"[{""x"":0.30604502911417053,""y"":0.27739251040221913,""width"":57.536465473464055,""height"":44.9375866851595,""rotation"":0,""rectanglelabels"":[""A""],""original_width"":2764,""original_height"":2033},{""x"":63.86139607515692,""y"":0,""width"":36.13860392484308,""height"":44.79889042995839,""rotation"":0,""rectanglelabels"":[""B""],""original_width"":2764,""original_height"":2033},{""x"":32.236743066692625,""y"":54.785020804438275,""width"":35.399208367539046,""height"":45.214979195561725,""rotation"":0,""rectanglelabels"":[""C""],""original_width"":2764,""original_height"":2033}]"
img2272,"Compression as a function of cell size L ; stiffness (a), specific strength (b), energy absorption ( EA ) (c) and specific energy absorption ( SEA ) (d).","As a general rule, increasing the trabecular cell side length L produces a monotonic decrease in all measured properties—compressive modulus E , specific strength, energy absorption ( EA ) and specific energy absorption ( SEA )—followed by a clear plateau for L > 7–8 mm ( Fig. 6 ). || In stiffness ( Fig. 6 a), the most pronounced drop occurs between L3 and L6; for L7–L10 the values cluster around a plateau within the error bars. || Specific strength ( Fig. 6 b) shows the same two-regime behaviour. || EA ( Fig. 6 c) decreases with L in parallel with SEA ( Fig. 6 d); however, because specimen mass varies with L , SEA is used as the primary metric for cross-size comparison, with EA reported alongside for structure characterisation.",selected_images/img2272.jpg,"[{""x"":-3.1086244689504387e-15,""y"":3.2196467714129536e-15,""width"":49.14898573403278,""height"":47.43411927877946,""rotation"":0,""rectanglelabels"":[""A""],""original_width"":2971,""original_height"":2269},{""x"":49.78453296335216,""y"":0.13869625520110956,""width"":49.04306119581288,""height"":47.156726768377254,""rotation"":0,""rectanglelabels"":[""B""],""original_width"":2971,""original_height"":2269},{""x"":0.21184907643979645,""y"":48.95977808599168,""width"":48.19566489005369,""height"":51.04022191400832,""rotation"":0,""rectanglelabels"":[""C""],""original_width"":2971,""original_height"":2269},{""x"":50.20823111623176,""y"":49.65325936199723,""width"":49.79176888376824,""height"":50.34674063800277,""rotation"":0,""rectanglelabels"":[""D""],""original_width"":2971,""original_height"":2269}]"
img2273,"Mapping the topology-optimised material distribution to the architected graded core. Upper half (tension side) (a), Lower half (compression side) (b), Printed core views of the corresponding halves (c–d).",The mapping from the topology solution to the architected lattice is shown by superposition in Fig. 7 : (a) upper half and (b) lower half overlays make explicit how dense (L3) and sparse (L10) domains follow the optimised load paths. || Photographs of the corresponding printed halves are shown in Fig. 7 c and d.,selected_images/img2273.jpg,"[{""x"":0.5970213551026763,""y"":51.59500693481276,""width"":46.80647424005035,""height"":48.40499306518724,""rotation"":0,""rectanglelabels"":[""C""],""original_width"":2962,""original_height"":2550},{""x"":0.3582128130616098,""y"":0.2773925104022192,""width"":46.80647424005035,""height"":48.40499306518724,""rotation"":0,""rectanglelabels"":[""A""],""original_width"":2962,""original_height"":2550},{""x"":52.89609206209772,""y"":0.693481276005548,""width"":46.80647424005035,""height"":48.40499306518724,""rotation"":0,""rectanglelabels"":[""B""],""original_width"":2962,""original_height"":2550},{""x"":52.5378792490361,""y"":51.59500693481276,""width"":46.80647424005035,""height"":48.40499306518724,""rotation"":0,""rectanglelabels"":[""D""],""original_width"":2962,""original_height"":2550}]"
img2279,"Rheological pre-printing analysis. (a) Single-frequency strain-controlled ramp test, highlighting the crossover point representing the Sol-Gel transition phase in the inks. (b) Temperature-dependent change of complex viscosity, illustrating its relationship with extrusion behavior. UE, uneven extrusion; EE, even extrusion. (c) Personalized three-time interval rheological sequence, illustrating the thixotropic behavior of the inks. (d) Evolution trend of storage (G’) and loss (G’’) moduli vs. time at isothermal temperatures, recorded under strain conditions simulating rest in the syringe barrel (0.05 % strain) and maximum stress during extrusion (100 % strain) over 5 cycles, to assess the feasibility of using the same ink cartridge content for successive printing of multiple patches. (e) Creep–recovery tests performed to analyze the risk of structural failure, based on the time-dependent creep compliance J (t) (Pa −1 ) of the hydrogel ink samples. (f) Assessment of gelation kinetics through time-dependent viscosity analysis. (g) FLIR images showing gelation during printing, compiled from three consecutive screenshots of a curved-line deposition.","A range of rheological measurements was performed as a pre-printing approach ( Fig. 3 ) to: (i) understand the temperature-dependent viscoelastic behavior of the gelatin-based inks; (ii) assess the impact of viscosity on selecting the ideal printing temperature; (iii) examine the thixotropic behavior and recovery rate during 3DP; (iv) assess the feasibility of using the same ink cartridge content for successive printing of multiple patches; (v) analyze the risk of structure failure by creep-recovery tests; and (vi) evaluate gelation time-dependent kinetics. || The gelation kinetics profiles of the gelatin-based inks are depicted in Fig. 3 a . || This behavior can be attributed to differences in formulation viscosity at the tested temperatures: ɳ = 318.7 ± 3.9 Pa.s at 39 °C, and 247.9 ± 7.9 Pa.s at 43 °C ( Fig. 3 b ). || From the analysis of Fig. 3 c , it is evident that during the initial resting phase (no flow), the inks experienced an increase in viscosity until stabilization in the last 80 s. || The data, presented in Fig. 3 d , showed that, after experiencing high deformation, G′ and G"" values for both formulations rapidly recovered to levels observed during the pre-printing rest phase.",selected_images/img2279.jpg,"[{""x"":1.7763568394002505e-15,""y"":0.13869625520110956,""width"":48.1536566774074,""height"":28.01664355062413,""rotation"":0,""rectanglelabels"":[""A""],""original_width"":3428,""original_height"":4408},{""x"":49.04539106032235,""y"":0,""width"":50.293819196403284,""height"":28.29403606102635,""rotation"":0,""rectanglelabels"":[""B""],""original_width"":3428,""original_height"":4408},{""x"":0.17834687658299037,""y"":28.57142857142857,""width"":48.510350430573375,""height"":27.87794729542302,""rotation"":0,""rectanglelabels"":[""C""],""original_width"":3428,""original_height"":4408},{""x"":49.40208481348834,""y"":28.71012482662968,""width"":50.59791518651166,""height"":28.01664355062413,""rotation"":0,""rectanglelabels"":[""D""],""original_width"":3428,""original_height"":4408},{""x"":0,""y"":57.14285714285714,""width"":50.47216607298627,""height"":27.739251040221916,""rotation"":0,""rectanglelabels"":[""E""],""original_width"":3428,""original_height"":4408},{""x"":51.18555357931823,""y"":57.28155339805825,""width"":48.81444642068177,""height"":27.323162274618582,""rotation"":0,""rectanglelabels"":[""F""],""original_width"":3428,""original_height"":4408},{""x"":5.3504062974897115,""y"":85.5755894590846,""width"":91.31360081049107,""height"":14.424410540915403,""rotation"":0,""rectanglelabels"":[""G""],""original_width"":3428,""original_height"":4408}]"
img228,"WE43-PEO2 (a) BSE SEM images, (b) zoom-in of the microstructure shown in (a), (c) single cross-section from the middle of the volume reconstructed from nano-XCT, and (d) Z-projection of the maximum of 50 consecutive slices in the middle of the volume. Nano-XCT pixel size 25 nm.","Both WE43-PEO1 and WE43-PEO2 exhibit a fine-grained Mg matrix with dispersed secondary phases in SEM and nano-XCT images ( Figs. 7 and 8 ). || The phase attribution in Figs. 7 and 8 was supported by correlated TEM-SEM–EDS elemental mapping (see Supplementary Figures S2 and S3) and X-ray attenuation contrast in nano-holo-tomography. || These equiaxed grains appear in two distinct populations with mean sizes of approximately and (calculated from the SEM images as the one shown Fig. 8 b). || In regions with equiaxed grains, typically located at the bottom layers of the struts, large Mg-RE-rich intermetallic precipitates can be seen decorating the Mg grain boundaries ( Fig. 8 b). || Figs. 7 and 8 show X-ray nano-tomography images (at a pixel size of 25 nm) of both WE43-PEO1 and WE43-PEO2 samples, complementing SEM observations.",selected_images/img228.jpg,"[{""x"":6.048555631187379,""y"":2.7739251040221915,""width"":38.53794016442245,""height"":46.87933425797504,""rotation"":0,""rectanglelabels"":[""A""],""original_width"":3252,""original_height"":2026},{""x"":47.52436567361513,""y"":2.6352288488210815,""width"":40.52532272895544,""height"":47.156726768377254,""rotation"":0,""rectanglelabels"":[""B""],""original_width"":3252,""original_height"":2026},{""x"":0,""y"":52.704576976421635,""width"":38.19230841406888,""height"":44.38280166435507,""rotation"":0,""rectanglelabels"":[""C""],""original_width"":3252,""original_height"":2026},{""x"":38.71075603959921,""y"":52.28848821081829,""width"":27.304908277931617,""height"":46.18585298196944,""rotation"":0,""rectanglelabels"":[""D""],""original_width"":3252,""original_height"":2026},{""x"":65.67003256717724,""y"":53.39805825242717,""width"":34.15715155764595,""height"":45.492371705963905,""rotation"":0,""rectanglelabels"":[""E""],""original_width"":3252,""original_height"":2026},{""x"":88.91376777845448,""y"":46.74063800277393,""width"":11.086232221545515,""height"":8.599167822468786,""rotation"":0,""rectanglelabels"":[""COMMON_ALL""],""original_width"":3252,""original_height"":2026}]"
img2281,"Optimization of ink printability and evaluation of printing fidelity. (a) Contact angle measurements used to predict inks’ bed adhesion, illustrating the spreadability of Gel40_Hidro and Gel40_Lipo on glass, acrylic and PLA surfaces (n = 6 for each tested surface and ink). (b) Influence of printing speed on the length index (L’), independent of nozzle type and hydrogel formulation, using box plot analysis (n = 3 for each tested speed and ink). (c) Effect of nozzle and printing speed (10, 20 and 30 mm/s) on the line width index (W’), for Gel40_Hidro and Gel40_Lipo (n = 15 for each tested speed and ink). Green and yellow bars indicate predefined high (1.0–1.5) and medium (1.5–2.0)-quality margins, respectively. (d) Comparison between CAD-designed and printed hydrogel angles (n = 15 for each tested angle and ink). Scale bar = 5 mm. (e) Comparison of filament collapse behavior across different conditions. Scale bar = 5 mm.","The data displayed in Fig. 5 a shows that Gel40_Hidro exhibited consistent θ values across all tested printing beds, with no statistically significant differences, suggesting that its interfacial behavior is dominated by its intrinsic hydrophilicity rather than by surface-specific interactions. || To evaluate the influence of printing speed on the length and width printing accuracy, a line printing test was conducted ( Figs. 5 b and 5 c ). || The length index data ( Fig. 5 b ) showed that increasing the print speed from 10 to 20 mm/s decreased the amplitude of the quartiles. || For the width index ( Fig. 5 c ), the data is presented according to the variations in printing speed, nozzle type, and formulation, with predefined quality ranges: 1.0–1.5 (green zone, high quality) and 1.5–2.0 (yellow zone, medium quality). || To assess the ink’s potential for fabricating complex 3D structures with different angular patterns, a hollow pentagram was printed ( Fig. 5 d ).",selected_images/img2281.jpg,"[{""x"":2.6645352591003757e-15,""y"":1.4432899320127035e-15,""width"":38.10365178725403,""height"":35.50624133148405,""rotation"":0,""rectanglelabels"":[""A""],""original_width"":3209,""original_height"":4408},{""x"":39.81831611768046,""y"":0.27739251040221913,""width"":60.18168388231954,""height"":35.783633841886264,""rotation"":0,""rectanglelabels"":[""B""],""original_width"":3209,""original_height"":4408},{""x"":3.0262062014385016,""y"":36.89320388349515,""width"":96.9737937985615,""height"":37.58668515950069,""rotation"":0,""rectanglelabels"":[""C""],""original_width"":3209,""original_height"":4408},{""x"":0.9525912946813507,""y"":75.4507628294036,""width"":52.202002948538016,""height"":24.5492371705964,""rotation"":0,""rectanglelabels"":[""D""],""original_width"":3209,""original_height"":4408},{""x"":56.96495942194477,""y"":75.58945908460471,""width"":38.86572482299911,""height"":24.410540915395288,""rotation"":0,""rectanglelabels"":[""E""],""original_width"":3209,""original_height"":4408}]"
img2288,"(a) 3D-printed of hollow cylinder, printed using a needle with a 0.84 mm diameter and 0.5 cm length at a flow rate of 0.55 mm 3 /s. (b) Oscillation strain. (c) Oscillation stress. (d) Shear stress vs. shear rate (red line), fitted to the Herschel-Bulkley model for shear rates up to 0.5 s −1 (blue line) and a power-law model for higher shear rates (dashed line). (e) Plot of the viscosity vs. time illustrating a recovery experiment using the three-interval thixotropy test (3iTT) from (a) measurements using the DHR3 rheometer with a destructuration shear rate of 1.2 s −1 and a recovery shear rate of 0.005 s −1 . (f) Plot of force vs. time. The plot shows the force during the extrusion stage up to 50 s, followed by relaxation after extrusion cessation between 50 s and 110 s, and stretching beyond 110 s. The inset displays a series of images illustrating the hydrogel’s behavior during the different stages of the process. Printing was performed using a needle with a 0.84 mm diameter and 0.5 cm length at a flow rate of 0.55 mm 3 /s, using hydrogels prepared from G-C18:1 (10 wt%) with a calcium ratio (Ca 2+ /G-C18:1) of α = 1.2.","(c) Recovery time (s) were measured by the three-interval thixotropy test (3iTT) from measurements, ( Figure S5 ). || As shown in Fig. 1 e, after application of a shear rate of 1.2 s −1 to simulate the low end of shear rates experienced during printing with a cylindrical nozzle, the hydrogel recovered 91.6% of its initial stress within 2.6 s. || Recovery kinetics, measured post-shear using 3iTT, occurred on a timescale of seconds for all systems ( Figures S5 and 2c).",selected_images/img2288.jpg,"[{""x"":2.9476428585325993,""y"":0.13869625520110956,""width"":37.66432541458322,""height"":27.739251040221912,""rotation"":0,""rectanglelabels"":[""A""],""original_width"":2994,""original_height"":3535},{""x"":47.98107541944731,""y"":0,""width"":52.01892458055269,""height"":30.235783633841883,""rotation"":0,""rectanglelabels"":[""B""],""original_width"":2994,""original_height"":3535},{""x"":-2.220446049250313e-15,""y"":28.9875173370319,""width"":46.17973811701072,""height"":36.338418862690716,""rotation"":0,""rectanglelabels"":[""C""],""original_width"":2994,""original_height"":3535},{""x"":48.63610716578789,""y"":30.374479889042995,""width"":51.36389283421211,""height"":35.22884882108183,""rotation"":0,""rectanglelabels"":[""D""],""original_width"":2994,""original_height"":3535},{""x"":0.1637579365851444,""y"":66.29680998613038,""width"":47.817317482862165,""height"":33.703190013869616,""rotation"":0,""rectanglelabels"":[""E""],""original_width"":2994,""original_height"":3535},{""x"":48.63610716578789,""y"":66.29680998613038,""width"":51.36389283421211,""height"":33.703190013869616,""rotation"":0,""rectanglelabels"":[""F""],""original_width"":2994,""original_height"":3535}]"
img2289,"(a) Storage (G′) and loss (G′′) moduli were measured in oscillatory experiments at 1 Hz, plotted against G-C-C18:1 concentrations (α = 0.9) obtained from Fig. S3b . (b) Yield stress (σ₀) as a function of G-C-C18:1 concentrations (α = 0.9). The σ₀ values are obtained from (•) oscillatory experiments ( Fig. S4b ), defined as the G′ and G′′ crossover, and (Ο) from the Herschel-Bulkley fit of shear experiments ( Fig. S4a ). (c) Recovery time (s) were measured by the three-interval thixotropy test (3iTT) from measurements, ( Figure S5 ). (d) Plot of force vs. time during different stages of printing the different G-C18:1 hydrogel concentrations (α = 0.9). Inset - The plot shows the force during the extrusion stage up to 50 s, followed by relaxation after extrusion cessation between 50 s and 110 s, and stretching beyond 110 s. (e) 3D-printed hollow cylinders structures with different G-C18:1 hydrogel concentrations (α = 0.9). Printing was performed using a needle with a 0.84 mm diameter and 0.5 cm length at a flow rate of 0.55 mm 3 /s.","As shown in Fig. 2 e, reducing the G-C18:1 fraction progressively compromises printing performance.",selected_images/img2289.jpg,"[{""x"":49.434652939721346,""y"":0.6934812760055478,""width"":50.565347060278654,""height"":36.89320388349515,""rotation"":0,""rectanglelabels"":[""B""],""original_width"":2994,""original_height"":3007},{""x"":49.729556199778195,""y"":38.141470180305134,""width"":50.27044380022182,""height"":36.89320388349514,""rotation"":0,""rectanglelabels"":[""D""],""original_width"":2994,""original_height"":3007},{""x"":0.835790860500474,""y"":0.5547850208044383,""width"":48.05797447877725,""height"":36.89320388349515,""rotation"":0,""rectanglelabels"":[""A""],""original_width"":2994,""original_height"":3007},{""x"":0.27859695350015795,""y"":38.28016643550624,""width"":48.89376533927772,""height"":36.893203883495154,""rotation"":0,""rectanglelabels"":[""C""],""original_width"":2994,""original_height"":3007},{""x"":0.417895430250237,""y"":78.2246879334258,""width"":84.8327723407981,""height"":21.7753120665742,""rotation"":0,""rectanglelabels"":[""E""],""original_width"":2994,""original_height"":3007}]"
img2290,"(a) Storage (G′) and loss (G"") moduli were measured in oscillatory experiments at 1 Hz, plotted against α (G-C18:1 = 10 wt%) obtained from Fig. S6b . (b) Yield stress (σ₀) as a function of α (G-C18:1 = 10 wt%). The σ₀ values are obtained from (•) oscillatory experiments ( Fig. S7b ), defined as the G′ and G′′ crossover, and (Ο) from the Herschel-Bulkley fit of shear experiments ( Fig. S7a ). (c) Recovery time (s) were measured by the three-interval thixotropy test (3iTT) from measurements, ( Figure S8 ). (d) Plot of force vs. time during different stages of printing the different α (G-C18:1 = 10 wt%). Inset - The plot shows the force during the extrusion stage up to 50 s, followed by relaxation after extrusion cessation between 50 s and 110 s, and stretching beyond 110 s. (e) 3D-printed hollow cylinder structures with different α (G-C18:1 = 10 wt%). Printing was performed using a needle with a 0.84 mm diameter and 0.5 cm length at a flow rate of 0.55 mm 3 /s.","As shown in Fig. 3 a, printing quality shows clear improvement with increasing α values (0.6, 0.9, and 1.2). || All formulations exhibited elastic behavior (G′ > G″) across the tested frequency range ( Figure S6b ), with the storage modulus increasing systematically with α ( Fig. 3 b). || While the α = 0.6 formulation required 6.5 s to recover 94.4% of its initial structure, the α = 1.2 sample achieved 91.6% recovery in just 2.5 s ( Fig. 3 d).",selected_images/img2290.jpg,"[{""x"":0.41330928153116225,""y"":0.27739251040221913,""width"":48.35718593914598,""height"":37.44798890429958,""rotation"":0,""rectanglelabels"":[""A""],""original_width"":2994,""original_height"":2974},{""x"":50.01042306527063,""y"":0.4160887656033287,""width"":49.98957693472937,""height"":37.309292649098474,""rotation"":0,""rectanglelabels"":[""B""],""original_width"":2994,""original_height"":2974},{""x"":1.2399278445934867,""y"":39.112343966712906,""width"":48.08164641812521,""height"":37.17059639389736,""rotation"":0,""rectanglelabels"":[""C""],""original_width"":2994,""original_height"":2974},{""x"":51.388120670374505,""y"":38.141470180305134,""width"":48.611879329625495,""height"":38.280166435506246,""rotation"":0,""rectanglelabels"":[""D""],""original_width"":2994,""original_height"":2974},{""x"":1.5154673656142614,""y"":78.77947295423023,""width"":90.9280419368557,""height"":20.665742024965326,""rotation"":0,""rectanglelabels"":[""E""],""original_width"":2994,""original_height"":2974}]"
img2292,"(a) G′ and G′′ vs time and (b) shear stress (apparent yield stress) vs. time for a sample at a fixed shear rate 0.05 s −1 for a sample α = 0.9, G-C18:1 = 10 wt%. (c) Optical microscopy recorded after 15 min and 2 days. (d) 3D-printed hollow cylinders structures for a sample α = 0.9, G-C18:1 = 10 wt%. Printing was performed using a needle with a 0.84 mm diameter and 0.5 cm length at a flow rate of 0.55 mm 3 /s.","Quantitative image-based analysis of printing fidelity for the 3D-printed hollow cylinders shown in Fig. 5 d (α = 0.9, G-C18:1 = 10 wt%). || The structural fidelity of 3D printed hydrogels demonstrates significant time-dependent evolution ( Fig. 5 d) [53] . || Concurrently, microstructural evolution occurs through the formation of heterogeneous domains comprising water-rich regions interspersed with dense fibrillar networks ( Fig. 5 c). || Rheological analysis confirms the maturation process, revealing continuous strengthening of the hydrogel network ( Fig. 5 a, b and Figure S10 ). || The storage modulus (G′) exhibits a substantial increase during the initial 48-hour period, indicating progressive network consolidation and enhanced elastic character ( Fig. 5 a).",selected_images/img2292.jpg,"[{""x"":0.17381040397948,""y"":0,""width"":50.75263796200816,""height"":30.374479889042995,""rotation"":0,""rectanglelabels"":[""A""],""original_width"":2994,""original_height"":3752},{""x"":50.92644836598764,""y"":0,""width"":47.797861094357,""height"":29.819694868238557,""rotation"":0,""rectanglelabels"":[""B""],""original_width"":2994,""original_height"":3752},{""x"":0.34762080795896,""y"":31.06796116504853,""width"":98.37668865238572,""height"":28.57142857142852,""rotation"":0,""rectanglelabels"":[""C""],""original_width"":2994,""original_height"":3752},{""x"":0,""y"":60.47156726768373,""width"":99.41955107626256,""height"":39.112343966712935,""rotation"":0,""rectanglelabels"":[""D""],""original_width"":2994,""original_height"":3752}]"
img230,"(a–c) WE43 powder imaged by nano-holo-tomography at 75 nm/pixel, 50 nm/pixel, and 35 nm/pixel. (d–f) Cross-sectional images from nano-XCT at 75 nm/pixel (single distance) of powder melting experiments showing the evolution of powder with temperature. (g) Final nano-holo-tomography image at 75 nm/pixel captured at the end of the experiment.","The non-destructive nature of nano-XCT was further leveraged to investigate the melting behavior of WE43 powder at elevated temperatures, simulating LPBF conditions. Fig. 10 a–c shows the initial powder morphology at different resolutions. || The microstructure is best resolved at 35 nm pixel size, where intermetallic particles within the powder bulk are clearly visible ( Fig. 10 c). || However, when the temperature is sufficiently high and the oxide layer around the particle breaks, the molten metal falls off the particle, leaving behind a visible oxide shell (see Fig. 10 f). || Initially, at room temperature, the powder exhibits a dendritic microstructure with interdendritic intermetallic phases, formed during atomization ( Fig. 10 a–d). || At approximately 590 °C ( Fig. 10 f), intermetallic precipitates begin to form and coarsen within the powder particles as solute elements such as Nd and Y, previously trapped in solid solution, segregate out of the -Mg phase.",selected_images/img230.jpg,"[{""x"":5.289727290448779,""y"":0,""width"":29.215570727247876,""height"":50.34674063800277,""rotation"":0,""rectanglelabels"":[""A""],""original_width"":3095,""original_height"":1816},{""x"":34.830819697108865,""y"":0.8321775312066574,""width"":27.018299391215283,""height"":48.68238557558945,""rotation"":0,""rectanglelabels"":[""B""],""original_width"":3095,""original_height"":1816},{""x"":62.01187992803031,""y"":0.6934812760055479,""width"":29.70385324636622,""height"":48.959778085991665,""rotation"":0,""rectanglelabels"":[""C""],""original_width"":3095,""original_height"":1816},{""x"":1.3834671375019885,""y"":52.42718446601942,""width"":23.9258434367991,""height"":44.10540915395284,""rotation"":0,""rectanglelabels"":[""D""],""original_width"":3095,""original_height"":1816},{""x"":25.472071414007196,""y"":51.87239944521498,""width"":23.112039238268515,""height"":44.9375866851595,""rotation"":0,""rectanglelabels"":[""E""],""original_width"":3095,""original_height"":1816},{""x"":48.665491072128766,""y"":51.73370319001385,""width"":23.84446301694604,""height"":44.66019417475724,""rotation"":0,""rectanglelabels"":[""F""],""original_width"":3095,""original_height"":1816},{""x"":72.75409534863398,""y"":51.87239944521498,""width"":25.065169314741908,""height"":44.24410540915396,""rotation"":0,""rectanglelabels"":[""G""],""original_width"":3095,""original_height"":1816},{""x"":0,""y"":35.92233009708733,""width"":7.975281145599694,""height"":14.285714285714285,""rotation"":0,""rectanglelabels"":[""COMMON_ALL""],""original_width"":3095,""original_height"":1816}]"
img2302,"Hysteresis features vs. microstructure descriptors: (a) coercivity H c (b) remanence B r and (c) hysteresis loss W H vs. grain size d G , and (d) H c , (e) B r and (f) W H vs. GB-phase thickness ℓ GB .","To further investigate the microstructure property relation, several sets of simulations were performed, the extracted properties are visualized in Fig. 7 , with Fig. 7 a–c being the variation of with a constant . Fig. 7 d–f show the variation of with constant .",selected_images/img2302.jpg,"[{""x"":3.215251256636342e-15,""y"":0,""width"":35.57482306045308,""height"":49.37586685159501,""rotation"":0,""rectanglelabels"":[""A""],""original_width"":3167,""original_height"":2041},{""x"":35.75359101553074,""y"":0.27739251040221913,""width"":30.569320318278777,""height"":49.65325936199722,""rotation"":0,""rectanglelabels"":[""B""],""original_width"":3167,""original_height"":2041},{""x"":67.03798315412016,""y"":1.1095700416088765,""width"":32.51509695818572,""height"":49.098474341192784,""rotation"":0,""rectanglelabels"":[""C""],""original_width"":3167,""original_height"":2041},{""x"":0,""y"":49.79195561719833,""width"":35.39605510537543,""height"":49.65325936199722,""rotation"":0,""rectanglelabels"":[""D""],""original_width"":3167,""original_height"":2041},{""x"":35.664207037991915,""y"":50.069348127600556,""width"":31.01624020597292,""height"":49.930651872399444,""rotation"":0,""rectanglelabels"":[""E""],""original_width"":3167,""original_height"":2041},{""x"":66.94859917658131,""y"":49.65325936199723,""width"":33.05140082341869,""height"":49.65325936199723,""rotation"":0,""rectanglelabels"":[""F""],""original_width"":3167,""original_height"":2041}]"
img2306,"(a) Original grayscale micrograph of a single particle captured on the Malvern Morphologi 4. (b) Intensity histogram with Otsu’s threshold (vertical dashed line) used to separate foreground particles from background. (c) Binary mask generated by applying the threshold, isolating the particle silhouette. (d) Final normalized input: the mask is centered, padded, and resized to a 128 × 128-pixel canvas, ensuring consistent spatial dimensions for VAE.","Given the consistent contrast and clean silhouettes produced by the imaging system, image preprocessing begins by converting each grayscale particle image to a binary form so that the particle silhouette is cleanly separated from the background; see Fig. 1 .",selected_images/img2306.jpg,"[{""x"":0.23455824863174357,""y"":0.3501913501501996,""width"":26.19233776387803,""height"":97.70338669190569,""rotation"":0,""rectanglelabels"":[""A""],""original_width"":2553,""original_height"":570},{""x"":27.834245504300238,""y"":0,""width"":23.92494136043783,""height"":99.80453479280689,""rotation"":0,""rectanglelabels"":[""B""],""original_width"":2553,""original_height"":570},{""x"":54.026583268178264,""y"":0.3501913501501996,""width"":25.410476935105557,""height"":99.6498086498498,""rotation"":0,""rectanglelabels"":[""C""],""original_width"":2553,""original_height"":570},{""x"":80.45347928068803,""y"":0.3501913501501996,""width"":19.54652071931197,""height"":99.6498086498498,""rotation"":0,""rectanglelabels"":[""D""],""original_width"":2553,""original_height"":570}]"
img2311,Both clustering methods identify four clusters in the CDF-feature data.,"The clustering results are summarized in Fig. 6 . || In the two-dimensional PCA scatterplot ( Fig. 6(a) ), k-means slices the PCA cloud into four roughly equal “vertical” bands along PC1. || Inspection of representative masks ( Figs. 6(b) and 6(d) ) confirms these patterns.",selected_images/img2311.jpg,"[{""x"":5.994966999687761,""y"":0.5547850208044383,""width"":86.92702149547254,""height"":36.061026352288486,""rotation"":0,""rectanglelabels"":[""A""],""original_width"":2834,""original_height"":2552},{""x"":0,""y"":36.89320388349515,""width"":48.95889716411672,""height"":31.761442441054086,""rotation"":0,""rectanglelabels"":[""B""],""original_width"":2834,""original_height"":2552},{""x"":51.0821146431728,""y"":36.754507628294036,""width"":48.9178853568272,""height"":32.17753120665742,""rotation"":0,""rectanglelabels"":[""C""],""original_width"":2834,""original_height"":2552},{""x"":0.12489514582682837,""y"":69.34812760055479,""width"":50.082953476558174,""height"":30.65187239944521,""rotation"":0,""rectanglelabels"":[""D""],""original_width"":2834,""original_height"":2552},{""x"":51.331904934826454,""y"":69.4868238557559,""width"":48.668095065173546,""height"":30.5131761442441,""rotation"":0,""rectanglelabels"":[""E""],""original_width"":2834,""original_height"":2552}]"
img2312,Both clustering methods identify four clusters in the FD-feature data.,"By contrast, the GMM projection ( Fig. 7(a) , right panel) displays a more diffuse point cloud and overlapping contours, especially along the first principal component. || Representative particle masks ( Figs. 7(b) and 7(d) ) further illustrate these differences. || Figs. 7 and 8 confirm that FD and ZM features encode comparable morphological information. || This distinction is also evident in the box plots (e.g., Figs. 7(c) and 7(e) ), where k-means clusters show longer whiskers and more outliers, reflecting greater within-cluster variability.",selected_images/img2312.jpg,"[{""x"":8.381090718313484,""y"":0.5547850208044383,""width"":83.06036174567392,""height"":36.061026352288486,""rotation"":0,""rectanglelabels"":[""A""],""original_width"":2834,""original_height"":2556},{""x"":0,""y"":37.03190013869626,""width"":48.41018071622864,""height"":31.345353675450788,""rotation"":0,""rectanglelabels"":[""B""],""original_width"":2834,""original_height"":2556},{""x"":50.66181702861135,""y"":37.17059639389736,""width"":49.33818297138865,""height"":31.48404993065187,""rotation"":0,""rectanglelabels"":[""C""],""original_width"":2834,""original_height"":2556},{""x"":0,""y"":69.20943134535368,""width"":49.03563524744606,""height"":30.79056865464632,""rotation"":0,""rectanglelabels"":[""D""],""original_width"":2834,""original_height"":2556},{""x"":51.03708974734181,""y"":69.90291262135922,""width"":48.96291025265819,""height"":30.09708737864078,""rotation"":0,""rectanglelabels"":[""E""],""original_width"":2834,""original_height"":2556}]"
img2313,Both clustering methods identify four clusters in the ZM-feature data.,"The left plot in Fig. 8(a) shows the 2-dimensional PCA projection of k-means clustering results, where clusters are compact and separated along linear boundaries, reflecting k-means’ tendency to form spherical groups. || Examining the exemplar masks ( Figs. 8(b) and 8(d) ) further highlights these distinctions. || Figs. 7 and 8 confirm that FD and ZM features encode comparable morphological information.",selected_images/img2313.jpg,"[{""x"":8.24307962457067,""y"":0.9708737864077678,""width"":83.42995741232136,""height"":35.644937586685145,""rotation"":0,""rectanglelabels"":[""A""],""original_width"":2834,""original_height"":2552},{""x"":0,""y"":36.893203883495154,""width"":49.20868745577038,""height"":31.484049930651885,""rotation"":0,""rectanglelabels"":[""B""],""original_width"":2834,""original_height"":2552},{""x"":50.707429205692314,""y"":36.89320388349515,""width"":49.292570794307686,""height"":31.484049930651878,""rotation"":0,""rectanglelabels"":[""C""],""original_width"":2834,""original_height"":2552},{""x"":0,""y"":68.79334257975034,""width"":49.20868745577038,""height"":31.206657420249655,""rotation"":0,""rectanglelabels"":[""D""],""original_width"":2834,""original_height"":2552},{""x"":50.582534059865495,""y"":69.07073509015257,""width"":49.417465940134505,""height"":30.929264909847433,""rotation"":0,""rectanglelabels"":[""E""],""original_width"":2834,""original_height"":2552}]"
img2314,Illustration of functional representation of powder morphology.,Example functions illustrating these patterns are shown in Fig. 9 .,selected_images/img2314.jpg,"[{""x"":0.07828282828282829,""y"":7.666666666666666,""width"":16.51767676767677,""height"":88.66666666666667,""rotation"":0,""rectanglelabels"":[""A""],""original_width"":2244,""original_height"":527},{""x"":17.613636363636363,""y"":8,""width"":17.45707070707071,""height"":89.33333333333334,""rotation"":0,""rectanglelabels"":[""B""],""original_width"":2244,""original_height"":527},{""x"":36.16666666666667,""y"":8.666666666666668,""width"":16.909090909090914,""height"":88,""rotation"":0,""rectanglelabels"":[""C""],""original_width"":2244,""original_height"":527},{""x"":54.25000000000001,""y"":9,""width"":14.404040404040408,""height"":91,""rotation"":0,""rectanglelabels"":[""D""],""original_width"":2244,""original_height"":527},{""x"":68.88888888888891,""y"":0.6666666666666808,""width"":31.11111111111109,""height"":98.99999999999997,""rotation"":0,""rectanglelabels"":[""COMMON_ALL""],""original_width"":2244,""original_height"":527}]"
img2324,The 14 congruent TPMS structure types are displayed ( S V F = 0 . 3 ) in their determined categories.,This combinations yields categories (shown in Fig. 8 ) that have apparent defining characteristics and physical meanings.,selected_images/img2324.jpg,"[{""x"":0.23455824863174357,""y"":-5.329070518200751e-15,""width"":30.258014073494916,""height"":99.72436092816157,""rotation"":0,""rectanglelabels"":[""A""],""original_width"":3120,""original_height"":885},{""x"":31.430805316653636,""y"":0.5512781436768661,""width"":21.50117279124316,""height"":98.95442678999748,""rotation"":0,""rectanglelabels"":[""B""],""original_width"":3120,""original_height"":885},{""x"":55.199374511336984,""y"":0.5512781436768661,""width"":20.64112587959343,""height"":98.95442678999748,""rotation"":0,""rectanglelabels"":[""C""],""original_width"":3120,""original_height"":885},{""x"":77.95152462861607,""y"":38.313830985542204,""width"":22.04847537138384,""height"":61.68616901445766,""rotation"":0,""rectanglelabels"":[""D""],""original_width"":3120,""original_height"":885}]"
img2356,Morphology of filaments and printed coupons: (a) the cross section of 1 K filaments; (b) the cross section of 6 K filaments; (c) the cross section of 1 K coupons; (d) the cross section of 6 K coupons; (e) details of 1 K coupons; (f) central region of 6 K coupons and (g) peripheral regions of 6 K coupons.,"See Fig. 4a and b shows the 1 K and 6 K filaments morphology, and their diameters are approximately 0.4 mm and 1 mm, respectively. || The 1 K filaments show a uniform fibre distribution in Fig. 4a , it indicates that the fabricated CCF/PA6 filaments exhibit good impregnation characteristics. || The cross-sectional images of the printed coupons are shown in Fig. 4 c-g. Fig. 4e shows the polished cross-section of the 1 K coupons, where the carbon fibres are distributed uniformly without apparent clustering. || In contrast, Fig. 4f and g present the central and peripheral regions of a 6 K coupon, respectively. || These images reveal a markedly inhomogeneous fibre distribution, including fibre‑rich clusters ( Fig. 4f ) and matrix‑rich zones ( Fig. 4g ).",selected_images/img2356.jpg,"[{""x"":1.431573439415564,""y"":0.6934812760055479,""width"":32.665903026664225,""height"":34.25797503467406,""rotation"":0,""rectanglelabels"":[""A""],""original_width"":1654,""original_height"":1552},{""x"":65.46194909327532,""y"":0.27739251040221913,""width"":33.31661822639859,""height"":33.980582524271846,""rotation"":0,""rectanglelabels"":[""B""],""original_width"":1654,""original_height"":1552},{""x"":0.6507151997343472,""y"":35.92233009708738,""width"":33.83719038618605,""height"":29.958391123439668,""rotation"":0,""rectanglelabels"":[""C""],""original_width"":1654,""original_height"":1552},{""x"":65.98252125306281,""y"":36.33841886269071,""width"":33.316618226398575,""height"":30.097087378640772,""rotation"":0,""rectanglelabels"":[""D""],""original_width"":1654,""original_height"":1552},{""x"":0.13014303994686943,""y"":67.12898751733704,""width"":32.665903026664225,""height"":29.680998613037445,""rotation"":0,""rectanglelabels"":[""E""],""original_width"":1654,""original_height"":1552},{""x"":34.61804862586727,""y"":67.54507628294036,""width"":31.75490174703615,""height"":28.987517337031903,""rotation"":0,""rectanglelabels"":[""F""],""original_width"":1654,""original_height"":1552},{""x"":68.06480989221272,""y"":67.68377253814147,""width"":31.935190107787278,""height"":28.848821081830792,""rotation"":0,""rectanglelabels"":[""COMMON_ALL""],""original_width"":1654,""original_height"":1552},{""x"":34.87833470576101,""y"":0.8321775312066574,""width"":30.453471347567458,""height"":66.15811373092926,""rotation"":0,""rectanglelabels"":[""COMMON_ALL""],""original_width"":1654,""original_height"":1552}]"
img2359,The mechanical properties of pinted coupons: (a) interlayer properties; (b) plastic deformation of 1 K coupons; (c) interlayer failure of 6 K coupons; (d) tensile properties; (e) fracture surface of 1 K coupons; (f) fracture surface of 6 K coupons; (g) fibre and void fractions; (h) void distribution and (i) fibre distribution in printed composites.,"Fig. 7a show the ILSS of the printed coupons. || Significant fracture traces are observed at the base of the 6 K coupons ( Fig. 7c ), and the calculated ILSS is 13.75 MPa. || In contrast, the 1 K coupons exhibit no distinct failure mode ( Fig. 7b ), and their curves show no obvious signs of fracture. || The results of all tensile tests are shown in Fig. 7d . || After measurement, the fibre fraction for 1 K and 6 K coupons are 37.3 ± 1.4% and 26.0 ± 0.3%, respectively ( Fig. 7g ).",selected_images/img2359.jpg,"[{""x"":0.10968304044529395,""y"":0.4160887656033287,""width"":34.44047469982229,""height"":33.42579750346741,""rotation"":0,""rectanglelabels"":[""A""],""original_width"":3179,""original_height"":2514},{""x"":37.18255071095465,""y"":0.5547850208044383,""width"":29.72410396067466,""height"":30.235783633841883,""rotation"":0,""rectanglelabels"":[""B""],""original_width"":3179,""original_height"":2514},{""x"":68.33253419741813,""y"":0.27739251040221913,""width"":30.491885243791714,""height"":30.651872399445214,""rotation"":0,""rectanglelabels"":[""C""],""original_width"":3179,""original_height"":2514},{""x"":0.10968304044529395,""y"":34.25797503467407,""width"":35.427622063829936,""height"":33.980582524271846,""rotation"":0,""rectanglelabels"":[""D""],""original_width"":3179,""original_height"":2514},{""x"":37.07286767050935,""y"":35.22884882108183,""width"":29.395054839338783,""height"":30.513176144244106,""rotation"":0,""rectanglelabels"":[""E""],""original_width"":3179,""original_height"":2514},{""x"":68.11316811652755,""y"":35.367545076282944,""width"":30.27251916290112,""height"":29.819694868238564,""rotation"":0,""rectanglelabels"":[""F""],""original_width"":3179,""original_height"":2514},{""x"":0.2193660808905879,""y"":69.34812760055479,""width"":33.563010376259946,""height"":30.65187239944521,""rotation"":0,""rectanglelabels"":[""G""],""original_width"":3179,""original_height"":2514},{""x"":37.18255071095465,""y"":68.23855755894591,""width"":28.736956596667007,""height"":31.761442441054086,""rotation"":0,""rectanglelabels"":[""H""],""original_width"":3179,""original_height"":2514},{""x"":66.68728859073867,""y"":68.23855755894587,""width"":33.31271140926132,""height"":31.622746185852936,""rotation"":0,""rectanglelabels"":[""I""],""original_width"":3179,""original_height"":2514}]"
img2360,"The curved path printed with CCF filaments: (a) diagram of printing a curve, (b) printed curves with different radius, (c) SEM of the printed curve with 4 mm radius, (d) r/r d with different designed curve radius, (e) 3.5 mm hole printed by VF method and (f) thickness increase of printed coupons.","The images of the printed curvature with different radius are shown in Fig. 8a . || Through measurement, the radial deviation of the actual printed curvature is quantified by the parameter r/r d , as shown in Fig. 8d . || This issue is caused by the larger ΔL and the twisting and folding during curved printing of 6 K filaments, which leads to significant separation between the fibres and the matrix, as illustrated in Fig. 8c . || Therefore, based on the results in Fig. 8d , the minimum printable curvature radius for 1 K and 6 K filaments are determined to be 2 mm and 5 mm, respectively. || This can also be evidenced when printing a 4 mm curve with 6 K filaments (see Fig. 8c and e ), the twisted fibres accumulate at the inner side of the raster.",selected_images/img2360.jpg,"[{""x"":0.0790017057186462,""y"":1.5602836879432624,""width"":35.55076757339079,""height"":41.70212765957447,""rotation"":0,""rectanglelabels"":[""A""],""original_width"":1896,""original_height"":1056},{""x"":36.18278121913996,""y"":1.4184397163120568,""width"":36.89379657060777,""height"":41.98581560283688,""rotation"":0,""rectanglelabels"":[""B""],""original_width"":1896,""original_height"":1056},{""x"":73.62958972977826,""y"":1.9858156028368796,""width"":26.37041027022174,""height"":41.276595744680854,""rotation"":0,""rectanglelabels"":[""C""],""original_width"":1896,""original_height"":1056},{""x"":0,""y"":43.54609929078014,""width"":37.4468085106383,""height"":55.60283687943262,""rotation"":0,""rectanglelabels"":[""D""],""original_width"":1896,""original_height"":1056},{""x"":38.315827273543405,""y"":43.68794326241135,""width"":29.546637938773685,""height"":56.31205673758865,""rotation"":0,""rectanglelabels"":[""E""],""original_width"":1896,""original_height"":1056},{""x"":68.57348056378491,""y"":43.54609929078014,""width"":30.33665499596013,""height"":56.45390070921986,""rotation"":0,""rectanglelabels"":[""F""],""original_width"":1896,""original_height"":1056}]"
img2362,"3D printing and testing of double-shear coupons: (a) path design, (b) printing process and printed coupons, (c) details of shearing tests, (d) printed coupons, (e) double-shear tests.","The path design of double-shear coupons printed by VF method is illustrated in Fig. 10a , including an image of the printed first layer ( Fig. 10b ). || Black lines represent 6 K filaments, red lines represent 1 K filaments, and SCF filaments is used to fill the remaining non-load-bearing area (black fill). Fig. 10b demonstrates the printing process. || All printed double-shear coupons are displayed in Fig. 10d , including a single-1 K coupon, a single-6 K coupon and a VF coupon. || Use four A2 304 stainless steel flat M6 washers with an outer diameter of 13 mm and a thickness of 2 mm ( Fig. 10c and e ).",selected_images/img2362.jpg,"[{""x"":0.22057520986074047,""y"":0.13869625520110956,""width"":27.241038417801423,""height"":43.68932038834939,""rotation"":0,""rectanglelabels"":[""A""],""original_width"":1699,""original_height"":1351},{""x"":66.50342577301326,""y"":-1.942890293094024e-15,""width"":33.49657422698673,""height"":44.24410540915395,""rotation"":0,""rectanglelabels"":[""C""],""original_width"":1699,""original_height"":1351},{""x"":27.7924764424533,""y"":0.6934812760055479,""width"":37.71836088618662,""height"":41.19278779472954,""rotation"":0,""rectanglelabels"":[""B""],""original_width"":1699,""original_height"":1351},{""x"":0.22057520986074047,""y"":45.07628294036061,""width"":64.29767367440586,""height"":54.92371705963939,""rotation"":0,""rectanglelabels"":[""D""],""original_width"":1699,""original_height"":1351},{""x"":69.92234152585473,""y"":45.90846047156727,""width"":29.777653331199957,""height"":53.95284327323162,""rotation"":0,""rectanglelabels"":[""E""],""original_width"":1699,""original_height"":1351}]"
img2365,"(A) Tensile stress–strain mechanical curves until rupture for pristine PVDF and PVDF composite (with 0.5 wt.% CNT). (B–E) stress relaxation (solid line) and electrical resistance response (dashed line) for the polymer composite at 1, 3, and 5% strain, measured at RT (B), 50 °C (C), 80 °C (D), and 100 °C (E).","PVDF reinforced with 0.5 wt% CNTs was prepared by solvent casting in the α-phase, which typically exhibits 50–60% crystallinity, a glass transition temperature (T g ) of approximately −35 to −40 °C, a melting temperature (T m ) of about 175 °C, and a Young’s modulus between 1 and 1.3 GPa at room temperature (RT), which decreases with increasing temperature [17,18] . Fig. 1A illustrates the uniaxial tensile deformation until rupture of PVDF and composite samples, which show the typical PVDF behavior [19] . || Thus, mechanical stress relaxation tests were performed within the PVDF’s elastic zone at 1, 3, and 5% strain ( Fig. 1A ). || Both PVDF and the composite exhibit similar overall mechanical properties and behavior, indicating that 0.5 wt% CNT content does not significantly stiffen the PVDF matrix [19] . Fig. 1 B-E show stress relaxation and the corresponding electrical resistance behavior curves at 1, 3, and 5% strain over time at RT and at temperatures of 50, 80, and 100 °C, respectively, to evaluate the effect of the temperature on electrical and mechanical relaxation in the PVDF composite. || The mechanical stress relaxation curves of the PVDF composite increase with larger applied strain at RT, decreasing over time at constant strain ( Fig. 1B ). || At RT, the maximum stress is about 10, 22, and 33 MPa for 1, 3, and 5% of strain, respectively ( Fig. 1B ), and decreases with increasing temperature to 3–8 MPa at 100 °C ( Fig. 1E ) [20] .",selected_images/img2365.jpg,"[{""x"":-3.552713678800501e-15,""y"":5.270457697642163,""width"":47.68842767488373,""height"":54.36893203883495,""rotation"":0,""rectanglelabels"":[""A""],""original_width"":2896,""original_height"":1926},{""x"":47.78066834736898,""y"":0,""width"":52.21933165263102,""height"":59.91678224687933,""rotation"":0,""rectanglelabels"":[""B""],""original_width"":2896,""original_height"":1926},{""x"":0,""y"":61.858529819694866,""width"":33.29888276718186,""height"":38.141470180305134,""rotation"":0,""rectanglelabels"":[""C""],""original_width"":2896,""original_height"":1926},{""x"":33.483364112152394,""y"":61.99722607489597,""width"":33.02216074972606,""height"":38.00277392510403,""rotation"":0,""rectanglelabels"":[""D""],""original_width"":2896,""original_height"":1926},{""x"":66.78224687933425,""y"":62.27461858529819,""width"":33.21775312066575,""height"":37.72538141470181,""rotation"":0,""rectanglelabels"":[""E""],""original_width"":2896,""original_height"":1926}]"
img2376,Cross-sectional observation of the filament. (a) Filament A. (b) Filament B. (c) Filament C. (d) Filament D. (e) Filament E.,"Fig. 9 (a)–(e) presents cross-sectional images of the filaments corresponding to each condition listed in Table 2 . || The voids appear as darker or less white areas relative to the matrix material and are primarily located around the fibers, as illustrated in Fig. 9 (a) and (c). || From Fig. 9 (a)–(e), evidently, voids are predominantly formed around the fibers in all filaments. || Moreover, comparing Fig. 9 (a) and (b) (filament diameter: 0.6 mm) with Fig. 9 (c), (d) and (e) (filament diameter: 0.4 mm) shows that the 0.4 mm filaments exhibit more surface irregularities and a more distorted shape than the 0.6 mm filaments.",selected_images/img2376.jpg,"[{""x"":0,""y"":0,""width"":64.21800947867295,""height"":48.79995177416524,""rotation"":0,""rectanglelabels"":[""A""],""original_width"":3000,""original_height"":1651},{""x"":67.06161137440763,""y"":0.43058780977204664,""width"":32.62243285939962,""height"":48.94348104408932,""rotation"":0,""rectanglelabels"":[""B""],""original_width"":3000,""original_height"":1651},{""x"":0,""y"":50.80936155310153,""width"":31.35860979462875,""height"":49.19063844689847,""rotation"":0,""rectanglelabels"":[""C""],""original_width"":3000,""original_height"":1651},{""x"":32.859399684044234,""y"":50.665832283177515,""width"":32.543443917851505,""height"":49.334167716822485,""rotation"":0,""rectanglelabels"":[""D""],""original_width"":3000,""original_height"":1651},{""x"":66.9826224328594,""y"":51.5270079027216,""width"":33.0173775671406,""height"":48.4729920972784,""rotation"":0,""rectanglelabels"":[""E""],""original_width"":3000,""original_height"":1651}]"
img2390,"Manufacturing defects observed in PEKK/LRS composite filaments and printed parts; a) lump formation during extrusion, indicating inhomogeneous material flow or filament with 60 % regolith, b) filament diameter profile for 50 wt% LRS, showing consistent measurements within the target range and no significant spikes, c) filament diameter profile for 60 wt% LRS, displaying intermittent spikes outside the target range, demonstrating instability at high regolith content d) SEM image of the fracture surface of a tensile sample with 10 wt% LRS, illustrating primary voids within extruded strands (at X200 magnification) and secondary voids between adjacent strands (at X25 magnification), e) left: secondary void expansion in the absence of open channels; Middle: stable bonding with no secondary void expansion under open channel conditions; Right: schematic representation of void types: primary voids within strands, secondary voids between strands, and randomly distributed LRS particles (grey) throughout the matrix.","Fig. 3 highlights key manufacturing challenges encountered during the fabrication and processing of PEKK/LRS composite filaments and 3D-printed parts. || One of the primary issues observed during extrusion was lump formation ( Fig. 3 (a) ) at higher regolith loadings (e.g., 60 wt%). || As shown in Fig. 3 (b) , filaments containing 50 wt% LRS maintained consistent diameters within the target range, suggesting stable extrusion. || In contrast, the 60 wt% LRS filament ( Fig. 3 (c) ) exhibited intermittent diameter spikes outside the acceptable tolerance, indicating flow instability and poor rheological behavior at this high filler concentration. || Imaging of the fracture surface of a tensile sample ( Fig. 3 (d) and (e)) reveals two types of voids: primary voids located within the extruded strands (magnified in SEM images), and secondary voids found between adjacent strands.",selected_images/img2390.jpg,"[{""x"":0.2777876564284331,""y"":0.27739251040221913,""width"":40.2792101821228,""height"":53.6754507628294,""rotation"":0,""rectanglelabels"":[""A""],""original_width"":3159,""original_height"":2109},{""x"":1.1102625076446319e-15,""y"":55.33980582524271,""width"":49.53879872973724,""height"":44.66019417475726,""rotation"":0,""rectanglelabels"":[""B""],""original_width"":3159,""original_height"":2109},{""x"":49.63139461521338,""y"":55.478502080443825,""width"":50.36860538478662,""height"":44.521497919556175,""rotation"":0,""rectanglelabels"":[""C""],""original_width"":3159,""original_height"":2109},{""x"":41.1125731514081,""y"":0.4160887656033287,""width"":58.520599620923235,""height"":26.768377253814144,""rotation"":0,""rectanglelabels"":[""D""],""original_width"":3159,""original_height"":2109},{""x"":41.20516903688424,""y"":28.155339805825243,""width"":58.705791391875536,""height"":25.658807212205268,""rotation"":0,""rectanglelabels"":[""E""],""original_width"":3159,""original_height"":2109}]"
img2393,"SEM analysis of LRS dispersion and porosity in PEKK/LRS composite filaments: (a–f) Cross-sectional SEM images of filaments with increasing LRS content from 10 wt% to 60 wt%, demonstrating uniform particle dispersion at all loading levels and void categories (macro-voids (>50 μm, extrusion-originated) and “micro-voids” (interfacial, morphology-induced)); last column representative an example of high-magnification SEM image with image processing overlay for LRS phase detection, used for quantifying volume fraction through grayscale thresholding.","To assess the microstructural distribution of regolith particles as well as the evolution of porosity in PEKK/LRS composite filaments, SEM imaging was conducted on cross-sections of samples with LRS weight fraction ranging from 10 wt% to 60 wt%, as shown in Fig. 6 . || Many of the orange-circled regions in Fig. 6 (a–d) therefore represent interfacial micro-voids partially encompassing an adjacent LRS particle, rather than isolated pores.",selected_images/img2393.jpg,"[{""x"":0.4687849111964555,""y"":0.27739251040221913,""width"":99.53121508880355,""height"":16.643550624133148,""rotation"":0,""rectanglelabels"":[""A""],""original_width"":2961,""original_height"":3336},{""x"":0.4687849111964555,""y"":17.05963938973648,""width"":99.06987789951759,""height"":15.67267683772538,""rotation"":0,""rectanglelabels"":[""B""],""original_width"":2961,""original_height"":3336},{""x"":0.6175988263514358,""y"":33.56449375866852,""width"":99.38240117364855,""height"":15.950069348127608,""rotation"":0,""rectanglelabels"":[""C""],""original_width"":2961,""original_height"":3336},{""x"":0.4687849111964555,""y"":50.20804438280167,""width"":99.53121508880355,""height"":16.088765603328717,""rotation"":0,""rectanglelabels"":[""D""],""original_width"":2961,""original_height"":3336},{""x"":0.31252327413097025,""y"":66.7128987517337,""width"":99.53866281071404,""height"":16.22746185852982,""rotation"":0,""rectanglelabels"":[""E""],""original_width"":2961,""original_height"":3336},{""x"":0,""y"":83.6338418862691,""width"":100.00000000000003,""height"":16.366158113730897,""rotation"":0,""rectanglelabels"":[""F""],""original_width"":2961,""original_height"":3336}]"
img2394,"EDX analysis of LRS powder and PEKK/LRS composite filaments: a) EDS spectrum and elemental mapping of pure LRS powder, confirming the presence of key mineral oxides (Si, Al, Fe, Mg, Ca, Na, Ti, O), (b–d) Elemental mapping and spectra for PEKK/LRS composite filaments with 10 %, 30 %, and 60 % LRS weight fraction, respectively.","As the average inter-particle spacing approaches the radius of gyration of PEKK chains, the polymer segments become topologically confined, decreasing chain diffusion and entanglement dynamics (compare Fig. 7 (c) and (d)). || EDX mapping was conducted to verify the elemental composition and spatial distribution of LRS particles in the PEKK matrix, as shown in Fig. 7 . || The analysis of pure LRS powder ( Fig. 7 (a) ) identified characteristic peaks for silica (Si), alumina (Al), iron oxide (Fe), magnesium (Mg), calcium (Ca), sodium (Na), titanium (Ti), and oxygen (O), confirming the complex mineral composition typical of lunar regolith simulants. || Subsequent EDX analysis of composite filaments with 10 %, 30 %, and 60 % LRS ( Fig. 7 (b–d)) revealed a progressive increase in elemental intensity corresponding to the increasing LRS weight fraction.",selected_images/img2394.jpg,"[{""x"":0.15442952385322734,""y"":0.27739251040221913,""width"":99.84557047614675,""height"":24.27184466019417,""rotation"":0,""rectanglelabels"":[""A""],""original_width"":2962,""original_height"":3298},{""x"":0.15442952385322734,""y"":25.797503467406376,""width"":99.84557047614678,""height"":23.994452149791968,""rotation"":0,""rectanglelabels"":[""B""],""original_width"":2962,""original_height"":3298},{""x"":0,""y"":50.76282940360611,""width"":99.99999999999997,""height"":23.994452149791936,""rotation"":0,""rectanglelabels"":[""C""],""original_width"":2962,""original_height"":3298},{""x"":0.15442952385322734,""y"":75.86685159500693,""width"":99.84557047614678,""height"":24.133148404993065,""rotation"":0,""rectanglelabels"":[""D""],""original_width"":2962,""original_height"":3298}]"
img2399,"Tensile properties of 3D-printed PEKK/LRS composites in regular (amorphous) and annealed conditions: a) stress-strain curves before annealing, b) stress-strain curves after annealing, c) tensile strength comparison across compositions, d) tensile modulus values, e) elongation at break, f) toughness values before and after annealing.","As shown in Fig. 12 (a) , amorphous samples exhibited relatively ductile behavior at low LRS contents (≤20 wt%), with a gradual transition to more brittle fracture characteristics at higher LRS weight fractions. || Annealing significantly altered the tensile response, as observed in Fig. 12 (b) . || The trend in elastic modulus ( Fig. 12 (b) ) reflects a competing effect between the stiffening influence of ceramic particles and increased crystallinity, versus the softening effect caused by porosity. || Elongation at break ( Fig. 12 (e) ) declined sharply with both increasing LRS content and post-processing, confirming a clear transition toward brittle mechanical behavior. || This decline was also reflected in the toughness values ( Fig. 12 (f) ), which dropped significantly in annealed samples, particularly at higher LRS concentrations, due to reduced energy absorption capacity under tensile loading.",selected_images/img2399.jpg,"[{""x"":0,""y"":0.4160887656033287,""width"":49.308955457822776,""height"":30.37447988904299,""rotation"":0,""rectanglelabels"":[""A""],""original_width"":3159,""original_height"":2865},{""x"":50.31526067124773,""y"":-2.2204460492503136e-16,""width"":49.68473932875227,""height"":30.51317614424411,""rotation"":0,""rectanglelabels"":[""B""],""original_width"":3159,""original_height"":2865},{""x"":0.1257881516781193,""y"":30.79056865464632,""width"":48.554226547754055,""height"":33.98058252427185,""rotation"":0,""rectanglelabels"":[""C""],""original_width"":3159,""original_height"":2865},{""x"":50.06368436789149,""y"":30.513176144244103,""width"":49.93631563210851,""height"":34.25797503467406,""rotation"":0,""rectanglelabels"":[""D""],""original_width"":3159,""original_height"":2865},{""x"":0.1257881516781193,""y"":64.90984743411929,""width"":49.05737915446653,""height"":35.090152565880715,""rotation"":0,""rectanglelabels"":[""E""],""original_width"":3159,""original_height"":2865},{""x"":50.31526067124773,""y"":64.77115117891817,""width"":49.68473932875227,""height"":35.228848821081826,""rotation"":0,""rectanglelabels"":[""F""],""original_width"":3159,""original_height"":2865}]"
img2400,"Flexural properties of 3D-printed PEKK/LRS composites in regular (amorphous) and annealed conditions: a) stress-strain curves before annealing, b) stress-strain curves after annealing, c) flexural strength, d) strain at ultimate flexural strength, e) flexural modulus, f) flexural toughness of amorphous and annealed samples.","As shown in Fig. 13 (a) , amorphous samples with up to 20 wt% LRS exhibited considerable plastic deformation, sustaining bending without fracture up to 10 % strain. || After annealing, the flexural response became noticeably stiffer and more brittle across all compositions ( Fig. 13 (b) ). || Strain at ultimate strength ( Fig. 13 (d) ) declined rapidly with increasing LRS content and was further decreased by annealing. || The flexural modulus ( Fig. 13 (e) ) increased steadily with LRS loading and annealing, reflecting the combined stiffening effects of ceramic reinforcement and crystalline matrix development. || Flexural toughness ( Fig. 13 (f) ), defined as the energy absorbed before fracture, decreased significantly with increasing LRS content and post-processing, reaching a plateau at ≥40 wt% LRS, where differences in energy absorption became negligible across compositions.",selected_images/img2400.jpg,"[{""x"":0.1256125312220242,""y"":0.5547850208044383,""width"":49.86817489514361,""height"":30.79056865464633,""rotation"":0,""rectanglelabels"":[""A""],""original_width"":3159,""original_height"":2861},{""x"":50.11939995758766,""y"":0.27739251040221913,""width"":49.88060004241234,""height"":31.761442441054097,""rotation"":0,""rectanglelabels"":[""B""],""original_width"":3159,""original_height"":2861},{""x"":0.1256125312220242,""y"":32.038834951456316,""width"":49.240112239033486,""height"":32.73231622746186,""rotation"":0,""rectanglelabels"":[""C""],""original_width"":3159,""original_height"":2861},{""x"":49.742562363921586,""y"":32.038834951456316,""width"":50.257437636078414,""height"":32.59361997226075,""rotation"":0,""rectanglelabels"":[""D""],""original_width"":3159,""original_height"":2861},{""x"":0.1256125312220242,""y"":65.18723994452151,""width"":49.11449970781147,""height"":34.81276005547849,""rotation"":0,""rectanglelabels"":[""E""],""original_width"":3159,""original_height"":2861},{""x"":49.61694983269956,""y"":65.46463245492372,""width"":50.38305016730044,""height"":34.535367545076284,""rotation"":0,""rectanglelabels"":[""F""],""original_width"":3159,""original_height"":2861}]"
img2401,"DMA results of PEKK/LRS composites across different compositions at regular (amorphous) (left) and annealed (right) state: a) storage modulus b) loss modulus, c) loss tangent, d) plastic deformation at elevated temperature.","DMA was performed to assess the thermomechanical behavior and viscoelastic response of PEKK/LRS composites under varying filler content for amorphous and annealed 3D-printed samples, enabling direct comparison of how LRS content and post-processing influence the softening behavior and dimensional stability of the materials as shown in Fig. 14 . || In the amorphous condition (left column of Fig. 14 ), all samples exhibited a sharp decline in storage modulus ( Fig. 14 (a) ) as the temperature approached the glass transition region (∼150–160 °C), indicative of significant softening. || Notably, increasing the LRS content mitigated the magnitude of loss modulus and its peak to a higher temperature, likely due to the reinforcing effect of the ceramic particles and their restriction on polymer chain mobility ( Fig. 14 (b) ). || Despite this, all amorphous samples experienced permanent deformation at elevated temperatures, with the amount of deformation decreasing progressively with increasing LRS content, signaling improved thermal rigidity with higher filler loading ( Fig. 14 (d) ). || In contrast, the annealed samples (right column of Fig. 14 ) demonstrated significantly enhanced thermal stability.",selected_images/img2401.jpg,"[{""x"":1.1102230246251565e-15,""y"":1.7208456881689926e-15,""width"":99.33457409185564,""height"":23.71705963938973,""rotation"":0,""rectanglelabels"":[""A""],""original_width"":3159,""original_height"":3789},{""x"":0,""y"":23.855755894590846,""width"":100,""height"":25.936199722607487,""rotation"":0,""rectanglelabels"":[""B""],""original_width"":3159,""original_height"":3789},{""x"":2.7755575615628914e-15,""y"":49.930651872399444,""width"":99.50093056889173,""height"":23.85575589459085,""rotation"":0,""rectanglelabels"":[""C""],""original_width"":3159,""original_height"":3789},{""x"":3.3306690738754696e-15,""y"":74.47988904299584,""width"":99.83364352296391,""height"":25.520110957004167,""rotation"":0,""rectanglelabels"":[""D""],""original_width"":3159,""original_height"":3789}]"
img2403,"Printability and structural stability assessment of 3D-printed lunar rover wheel: a) overview of the printed wheel models based on auxetic graded structures, b) Auxetic re-entrant graded structure, fully printed with neat PEKK and partially printed with PEKK/LRS-50 % c) Auxetic diamond graded structure, fully printed with neat PEKK and partially printed with PEKK/LRS-60 %, d) dimensional comparison of neat PEKK and composite wheels after annealing.","To demonstrate the printability and post-processing performance of PEKK/LRS composites at high regolith loadings, two functional lunar rover wheel concepts were fabricated using both neat PEKK and regolith-reinforced composites ( Fig. 16 (a) ). || The first concept, a re-entrant auxetic graded wheel concept, was fully printed with neat PEKK and partially printed with PEKK/LRS-50 % ( Fig. 16 (b) ). || The second concept, a diamond auxetic graded wheel concept, was also fully printed with neat PEKK and partially fabricated using PEKK/LRS-60 % ( Fig. 16 (c) ). || In contrast, both composite-based wheel segments, PEKK/LRS-50 % and PEKK/LRS-60 %, retained their original dimensions in all directions, showing no signs of shrinkage or warping ( Fig. 16 (d) ).",selected_images/img2403.jpg,"[{""x"":0.446183236071494,""y"":0.27739251040221913,""width"":99.05267840787167,""height"":32.87101248266297,""rotation"":0,""rectanglelabels"":[""A""],""original_width"":2332,""original_height"":3751},{""x"":0.446183236071494,""y"":33.56449375866852,""width"":49.74943082197158,""height"":19.833564493758665,""rotation"":0,""rectanglelabels"":[""B""],""original_width"":2332,""original_height"":3751},{""x"":50.41870567607882,""y"":33.42579750346741,""width"":48.8570643498286,""height"":19.694868238557554,""rotation"":0,""rectanglelabels"":[""C""],""original_width"":2332,""original_height"":3751},{""x"":0.446183236071494,""y"":53.81414701803051,""width"":99.2757700259074,""height"":46.04715672676838,""rotation"":0,""rectanglelabels"":[""D""],""original_width"":2332,""original_height"":3751}]"
img2404,,,selected_images/img2404.jpg,"[{""x"":68.35079347929148,""y"":0.27739251040221913,""width"":31.6492065207085,""height"":47.01803051317614,""rotation"":0,""rectanglelabels"":[""C""],""original_width"":1258,""original_height"":886},{""x"":68.3507934792915,""y"":47.98890429958389,""width"":31.649206520708482,""height"":47.43411927877945,""rotation"":0,""rectanglelabels"":[""F""],""original_width"":1258,""original_height"":886},{""x"":34.579688605959305,""y"":0.4160887656033287,""width"":33.21213029950894,""height"":47.01803051317615,""rotation"":0,""rectanglelabels"":[""B""],""original_width"":1258,""original_height"":886},{""x"":0.39073094470010516,""y"":0.4160887656033287,""width"":33.21213029950894,""height"":47.01803051317615,""rotation"":0,""rectanglelabels"":[""A""],""original_width"":1258,""original_height"":886},{""x"":0.19536547235005258,""y"":47.988904299583915,""width"":33.21213029950895,""height"":47.434119278779455,""rotation"":0,""rectanglelabels"":[""D""],""original_width"":1258,""original_height"":886},{""x"":34.28664039743423,""y"":47.8502080443828,""width"":33.21213029950895,""height"":47.434119278779455,""rotation"":0,""rectanglelabels"":[""E""],""original_width"":1258,""original_height"":886}]"
img2405,"Co-extrusion manufacturing infrastructure and printhead. (a) Photograph of the 6-DOF robot with the co-extrusion printhead and spools holder installed. (b) Photograph of the co-extrusion print head printing a single-walled hollow vase. (c) Schematic of the co-extrusion printhead with a thermoplastic filament extrusion system, a continuous fiber tow extrusion system, a fiber cutting mechanism, a heated co-extrusion nozzle and a heated printing bed. (d) Schematic of the nozzle tip region showing the consolidation pressure and the co-extruded composite structure.","The co-extrusion system was mounted on a 6-degree-of-freedom (6-DoF) industrial robot (FANUC M20iB/25, FANUC Canada Ltd., Canada), as presented in Fig. 1 a. || The 3D printed parts are deposited on a 1420 × 760 mm heated bed located at the base of the robot and covered with a polyimide adhesive film (Kapton, Dupont, USA). Fig. 1 b shows the co-extrusion system used (Co-Extrusion Prototype, Dyze Design, Canada), composed of two extrusion systems individually controlled by two stepper motors (DyzeXtruder Pro, Dyze Design, Canada). || As illustrated in the schematic of the printhead presented in Fig. 1 c, the first one is equipped with metallic serrated gears and is used to push a standard 1.75 mm thermoplastic filament into the hot zone of the printing nozzle. || The co-extruded resulting composite is then deposited layer-by-layer on the 3D printing bed to manufacture the desired geometry. Fig. 1 d shows the nozzle tip where the coated fibers are mixed with the thermoplastic matrix.",selected_images/img2405.jpg,"[{""x"":0.8785558046849731,""y"":0.6934812760055479,""width"":48.75984716001601,""height"":51.59500693481276,""rotation"":0,""rectanglelabels"":[""A""],""original_width"":2530,""original_height"":2671},{""x"":51.834792476413405,""y"":0.6934812760055479,""width"":47.73486538788354,""height"":51.59500693481276,""rotation"":0,""rectanglelabels"":[""B""],""original_width"":2530,""original_height"":2671},{""x"":0.7321298372374776,""y"":53.398058252427184,""width"":49.93125489959597,""height"":45.908460471567274,""rotation"":0,""rectanglelabels"":[""C""],""original_width"":2530,""original_height"":2671},{""x"":51.10266263917593,""y"":53.39805825242719,""width"":48.466995225121,""height"":45.90846047156729,""rotation"":0,""rectanglelabels"":[""D""],""original_width"":2530,""original_height"":2671}]"
img2406,"Micro tomography imaging of a PLA-SCCF printed sample. (a) Representative slice of the meso-scale reconstruction of multiple printed layers. The inset corner indicates the section of the sample that was scanned. (b) Meso-scale segmentation of multiple printed layers, differentiating fiber tows regions (yellow), matrix-rich regions (red) and inter-layer voids (blue). (c) Rendered 3D reconstruction of the μ CT-scan highlighting the segmented fiber tow regions (yellow) showing their unidirectional alignment. The different layers are identified on the right. (d) Representative slice of the micro-scale reconstruction of the inter-tow region. (e) Micro-scale segmentation of the inter-tow region identifying the matrix (red), individual fibers (yellow) and porosities (gray). Black lines are separating the fiber tows and matrix-rich regions. (f) 3D rendering of the continuous fiber tow region with individual fiber deviations as a colormap, with angles shown between 0 and 35°.","Fig. 2 a shows a representative slice of a meso-scale scan done on a PLA-SCCF rectangular beam sample, where four printed layers and the fiber tow stacking can be observed. || Reducing this effect by improving the robot kinematics, by using a different motion system or by using a different stacking sequence could allow a more uniform layer width and reduce the matrix-rich regions, which could lead to better transverse properties and lower anisotropy. Fig. 2 b presents a segmentation of the reconstructed slice highlighting fiber tows (yellow), matrix-rich regions (red) and inter-layer voids (blue). || The nozzle temperature used was also very high for the PLA matrix (i.e., 55 °C above the usual FFF printing temperature of 220 °C), to lower its viscosity and facilitate the gap filling while printing. Fig. 2 c shows a 3D rendering of the unidirectional continuous fiber tows (yellow) and the in-between matrix-rich regions (red). || Since the pixel size of the meso-scale scan was too large to distinguish the individual carbon fibers of in diameter, additional micro-scale scans were performed with a smaller pixel size of . Fig. 2 d presents a slice of the 3D reconstruction for a scan of the inter-tow region. || These scans were segmented as shown in Fig. 2 e to highlight individual carbon fibers (yellow), porosities present within the fiber tows (gray) and the PLA matrix (red).",selected_images/img2406.jpg,"[{""x"":0.1976051743402612,""y"":0.6934812760055479,""width"":49.50009617223544,""height"":31.067961165048544,""rotation"":0,""rectanglelabels"":[""A""],""original_width"":2531,""original_height"":1803},{""x"":0.6916181101909142,""y"":33.00970873786408,""width"":48.90728064921465,""height"":30.513176144244106,""rotation"":0,""rectanglelabels"":[""B""],""original_width"":2531,""original_height"":1803},{""x"":51.080937566957516,""y"":1.248266296809986,""width"":48.82025984587235,""height"":33.148404993065185,""rotation"":0,""rectanglelabels"":[""C""],""original_width"":2531,""original_height"":1803},{""x"":0.0988025871701306,""y"":64.35506241331485,""width"":25.095857141213163,""height"":35.64493758668511,""rotation"":0,""rectanglelabels"":[""D""],""original_width"":2531,""original_height"":1803},{""x"":25.68867266423397,""y"":64.2163661581137,""width"":24.503041618192384,""height"":35.367545076282944,""rotation"":0,""rectanglelabels"":[""E""],""original_width"":2531,""original_height"":1803},{""x"":51.080937566957516,""y"":37.309292649098474,""width"":47.82045219034322,""height"":62.27461858529819,""rotation"":0,""rectanglelabels"":[""F""],""original_width"":2531,""original_height"":1803}]"
img2407,"Comparison of tensile testing results. (a) Photograph of the PLA-SCCF tensile testing setup. (b) Photograph of the PLA-SCF tensile testing setup. (c) Stress–strain curves for tensile tests comparing printed PLA-SCF (red) and PLA-SCCF (blue) samples. E 1 is calculated in the linear region between 1000 μ m /m and 3000 μ m /m. The CI 95 % region is represented by the shadow area near the mean curves. The maximum load at failure for each sample is represented by an open symbol. (d) Bar charts comparing the UTS and E 1 for printed PLA-SCF (red) and PLA-SCCF samples (blue) as well as their predictions (hatched). (e) Ashby plot of SLM printable metals [8,51,52] , FFF printable polymer composites [7,50,53] and CFRP-AM from the literature [9,17,23,26,27,54–56] comparing their specific UTS and E 1 . The PLA-SCF and PLA-SCCF discussed in this study are marked with red and blue stars, respectively.","The PLA-SCCF tensile properties were measured on the printed tensile beams using the setup shown in Fig. 3 a. || The FFF benchmark PLA-SCF tensile properties were measured using the setup shown in Fig. 3 b. Fig. 3 c shows the resulting stress–strain curves, and Table 3 presents the tensile properties and the specific tensile properties for the two material formulations. || Fig. 3 d shows a comparison of the UTS and for PLA-SCF in red, and PLA-SCCF in blue. || Fig. 3 e presents an Ashby diagram comparing the specific UTS and (i.e., density normalized) of different metals and polymer composites manufactured via AM.",selected_images/img2407.jpg,"[{""x"":5.435685273822643,""y"":49.79195561719833,""width"":23.66787962976944,""height"":48.4049930651872,""rotation"":0,""rectanglelabels"":[""B""],""original_width"":2572,""original_height"":2100},{""x"":5.322441830618005,""y"":0.4160887656033287,""width"":23.66787962976944,""height"":47.85020804438279,""rotation"":0,""rectanglelabels"":[""A""],""original_width"":2572,""original_height"":2100},{""x"":29.669782119615284,""y"":0.4160887656033288,""width"":41.10736988328377,""height"":49.237170596393895,""rotation"":0,""rectanglelabels"":[""C""],""original_width"":2572,""original_height"":2100},{""x"":71.56985610533151,""y"":0.27739251040221913,""width"":28.197617357954986,""height"":47.85020804438279,""rotation"":0,""rectanglelabels"":[""D""],""original_width"":2572,""original_height"":2100},{""x"":29.783025562819915,""y"":50.48543689320388,""width"":70.21697443718008,""height"":47.98890429958391,""rotation"":0,""rectanglelabels"":[""E""],""original_width"":2572,""original_height"":2100}]"
img2408,"Co-extruded single-walled hollow vase. (a) CAD rendering of the designed vase. (b) Photograph of the printed PLA-SCCF single-walled hollow vase. (c) Comparison of the 3D scanned surface of the vase to its CAD model. Blue and red regions represent negative (inward) and positive (outward) deviations, respectively, while green regions represent close to null deviations. (d) Frequency curve of C2M signed distances of the scanned vase. The average C2M distance is centered on −0.06 mm, with a CI 90 % between −0.44 mm and 0.35 mm. (e) Optical microscope image of the vase showing the surface finish.","To demonstrate the capacity to manufacture complex geometries, a 120 mm tall vase was designed to include overhangs between 25°, corners of 135° and 1.4 mm thin walls, as shown on the CAD presented on Fig. 4 a. Fig. 4 b shows the vase printed in PLA-SCCF. || To quantify the deviation between the desired geometry (i.e., CAD model) and the printed one, the vase was 3D scanned and the measured point cloud was compared to the CAD model. Fig. 4 c presents the scanned mesh with the colormap representing C2M signed distances. || This is explained by a slight overextrusion resulting in a vase marginally taller than the CAD reference. Fig. 4 d presents the C2M signed distances frequency curve. || The mostly green colored C2M also suggest a good capacity to produce overhangs. Fig. 4 e shows a close-up optical microscope image of the vase’s lateral surface.",selected_images/img2408.jpg,"[{""x"":0.5252626165470714,""y"":0.5547850208044383,""width"":28.889443910088925,""height"":52.843273231622746,""rotation"":0,""rectanglelabels"":[""A""],""original_width"":2349,""original_height"":2224},{""x"":31.38444133868752,""y"":0.8321775312066574,""width"":29.020759564225695,""height"":52.704576976421635,""rotation"":0,""rectanglelabels"":[""B""],""original_width"":2349,""original_height"":2224},{""x"":61.06177917359705,""y"":0.5547850208044383,""width"":26.39444648149034,""height"":53.12066574202496,""rotation"":0,""rectanglelabels"":[""C""],""original_width"":2349,""original_height"":2224},{""x"":0.3939469624103036,""y"":54.23023578363384,""width"":48.980738993014405,""height"":45.76976421636616,""rotation"":0,""rectanglelabels"":[""D""],""original_width"":2349,""original_height"":2224},{""x"":51.34442076747623,""y"":54.09153952843273,""width"":48.65557923252377,""height"":45.769764216366156,""rotation"":0,""rectanglelabels"":[""E""],""original_width"":2349,""original_height"":2224}]"
img2410,"Micro tomography imaging of the sandwich panel with co-extruded skins. (a) μ CT reconstruction slice of the sandwich panel cross section. (b) Rendered section of the μ CT-scan 3D reconstruction (red), highlighting the segmented inter-layer voids (blue). (c) Comparison of the segmented tomography scan of the sandwich panel to its CAD model. The mostly yellow surface indicates a good correlation between the scan and expected geometry. (d) Frequency curve of C2M signed distances of the printed sandwich panel. The average C2M distance is centered on 0 mm, with a CI 90 % between −0.29 mm and 0.26 mm.","A CT-scan was conducted to assess the material microstructure and printing defects inside the sandwich panel. Fig. 6 a shows a CT reconstructed slice of the sandwich panel cross section. || The top skin, however, has a thickness of 0.90 ± 0.38 mm, presenting significant bridging defects manifested especially on its lower surface, and visible voids. Fig. 6 b presents a rendered 3D view (in red) and a segmentation of the inter-layer voids (in blue). || The panel was also segmented and exported as a surface mesh, then compared to the reference CAD model. Fig. 6 c presents the mesh colored using the C2M signed distances, where blue regions represent inward deviations and red regions outward deviations. || The main defects, in red, are located on the bottom surface of the top skin and are caused by the bridging. Fig. 6 d presents the C2M signed distance frequency curve for the whole panel.",selected_images/img2410.jpg,"[{""x"":1.4067683326210692,""y"":1.3869625520110958,""width"":51.206367307406914,""height"":33.42579750346741,""rotation"":0,""rectanglelabels"":[""A""],""original_width"":2486,""original_height"":1681},{""x"":54.20747308366521,""y"":2.219140083217753,""width"":45.79252691633479,""height"":40.36061026352289,""rotation"":0,""rectanglelabels"":[""B""],""original_width"":2486,""original_height"":1681},{""x"":1.594337443637212,""y"":37.17059639389736,""width"":50.64365997435849,""height"":62.82940360610264,""rotation"":0,""rectanglelabels"":[""C""],""original_width"":2486,""original_height"":1681},{""x"":52.80070475104412,""y"":43.41192787794729,""width"":47.19929524895588,""height"":56.58807212205271,""rotation"":0,""rectanglelabels"":[""D""],""original_width"":2486,""original_height"":1681}]"
img2415,Influence of the ultrasonic welding on the repaired interface of CFRTPs; (a) Schematic diagram of single-lap shear tests; (b) Effect of ultrasonic welding energy on repaired interface strength; (c) Effect of ultrasonic welding pressure on repaired interface strength; (d) Material spill and deformation in the repaired area; (e) DSC curves of the repaired interface before and after ultrasonic welding.,"According to ASTM D3163 , single -lap shear tests were conducted on the repaired interface under varying welding energies and pressures, and the results are presented in Fig. 5 (b) and (c). || Conversely, excessive pressure causes over-compression of the patch, resulting in matrix overflow at the repaired interface and local indentation or thermal deformation of the substrate ( Fig. 5 (d)), thereby compromising the repaired interface mechanical properties. || The samples were heated from room temperature to 280 °C at a rate of 10 °C/min under a nitrogen atmosphere, and the results are shown in Fig. 5 (e).",selected_images/img2415.jpg,"[{""x"":0.17655347683874742,""y"":0.5547850208044383,""width"":22.069184604843425,""height"":92.51040221914008,""rotation"":0,""rectanglelabels"":[""A""],""original_width"":3257,""original_height"":2073},{""x"":22.863675250617792,""y"":0.27739251040221913,""width"":38.57693468926631,""height"":50.7628294036061,""rotation"":0,""rectanglelabels"":[""B""],""original_width"":3257,""original_height"":2073},{""x"":62.05854710881972,""y"":0,""width"":37.94145289118028,""height"":50.90152565880721,""rotation"":0,""rectanglelabels"":[""C""],""original_width"":3257,""original_height"":2073},{""x"":22.863675250617792,""y"":52.28848821081831,""width"":38.31210447400818,""height"":45.35367545076283,""rotation"":0,""rectanglelabels"":[""D""],""original_width"":3257,""original_height"":2073},{""x"":61.70544015514222,""y"":51.87239944521498,""width"":38.29455984485778,""height"":48.12760055478502,""rotation"":0,""rectanglelabels"":[""E""],""original_width"":3257,""original_height"":2073}]"
img2416,Tensile and flexural properties of repaired CFRTPs; (a) Schematic diagram of tensile testing; (b)Tensile strength and modulus; (c) Tensile failure mode of repaired CFRTPs; (d) Schematic diagram of flexural test; (e) Flexural strength and modulus; (f) Flexural failure mode of repaired CFRTPs.,"As shown in Fig. 6 (b), compared with intact CFRTPs, the tensile strength and tensile modulus of repaired CFRTPs recovered to 81.91 % and 80.05 %, respectively. || The tensile failure mode of the repaired CFRTPs was the patch completely peeling off from the substrate ( Fig. 6 (c)), indicating that the interfacial bonding strength remains the critical factor limiting further recovery of tensile properties. || As shown in Fig. 6 (e), compared to intact CFRTPs, the flexural strength and flexural modulus of repaired CFRTPs recovered to 83.20 % and 95.55 %, respectively. || The failure mode of repaired CFRTPs was the patch partially peeling off from the substrate ( Fig. 6 (f)).",selected_images/img2416.jpg,"[{""x"":1.3424585558132963e-15,""y"":0.13869625520110956,""width"":30.06607666801842,""height"":49.375866851595006,""rotation"":0,""rectanglelabels"":[""A""],""original_width"":3256,""original_height"":1918},{""x"":30.96479091624723,""y"":0.27739251040221913,""width"":38.64471267383889,""height"":49.51456310679611,""rotation"":0,""rectanglelabels"":[""B""],""original_width"":3256,""original_height"":1918},{""x"":69.69120488537965,""y"":0,""width"":30.308795114620352,""height"":49.930651872399444,""rotation"":0,""rectanglelabels"":[""C""],""original_width"":3256,""original_height"":1918},{""x"":0.1634025905870566,""y"":51.45631067961165,""width"":30.392881849192534,""height"":48.54368932038835,""rotation"":0,""rectanglelabels"":[""D""],""original_width"":3256,""original_height"":1918},{""x"":30.96479091624723,""y"":51.45631067961165,""width"":38.80811526442594,""height"":48.54368932038835,""rotation"":0,""rectanglelabels"":[""E""],""original_width"":3256,""original_height"":1918},{""x"":70.0997113618473,""y"":51.45631067961165,""width"":29.900288638152702,""height"":48.12760055478502,""rotation"":0,""rectanglelabels"":[""F""],""original_width"":3256,""original_height"":1918}]"
img2417,CAI test of repaired CFRTPs; (a) Schematic diagram of CAI test; (b) Impact force–displacement curve; (c) Energy–time curve; (d) Compressive strength after impact.,"As illustrated in Fig. 7 , the force displacement curve of the repaired CFRTPs exhibited distinct deviations from that of the intact CFRTPs. || As shown in Fig. 7 (d), the CAI strength results indicate that repaired CFRTPs retain 85.72 % of the residual compressive strength of intact CFRTPs, demonstrating high recovery efficiency in maintaining load-bearing capacity after impact.",selected_images/img2417.jpg,"[{""x"":3.673555140402351e-15,""y"":1.3550572283913147e-15,""width"":100,""height"":45.63106796116506,""rotation"":0,""rectanglelabels"":[""A""],""original_width"":3273,""original_height"":1877},{""x"":7.494005416219807e-16,""y"":48.12760055478502,""width"":33.72475933678358,""height"":51.87239944521498,""rotation"":0,""rectanglelabels"":[""B""],""original_width"":3273,""original_height"":1877},{""x"":33.88383839025897,""y"":48.12760055478502,""width"":31.338573534652667,""height"":51.87239944521498,""rotation"":0,""rectanglelabels"":[""C""],""original_width"":3273,""original_height"":1877},{""x"":65.54057003186242,""y"":47.988904299583915,""width"":34.459429968137584,""height"":52.011095700416085,""rotation"":0,""rectanglelabels"":[""D""],""original_width"":3273,""original_height"":1877}]"
img2418,Electromagnetic properties of repaired CFRTPs; (a) Schematic diagram of electromagnetic shielding test; (b) Electrical conductivity; (c) Total electromagnetic shielding efficiency; (d) Electromagnetic reflection efficiency; (e) Electromagnetic absorption efficiency; (f)Electromagnetic reflection coefficient; (g) Electromagnetic absorption coefficient.,"The corresponding electrical conductivity was calculated using Equation (2) , and the results are presented in Fig. 8 (b). || As shown in Fig. 8 (c), the SE T of repaired CFRTPs recovered to approximately 90 % of that of intact CFRTPs, while improving by about 37 % compared to damaged CFRTPs. || To further analyze the mechanisms underlying the restoration of electromagnetic properties, the recovery of SE R and SE A was investigated, as shown in Fig. 8 (d) and (e). || Fig. 8 (f) and (g) present the reflection and absorption coefficients of CFRTPs under different conditions.",selected_images/img2418.jpg,"[{""x"":0,""y"":0.13869625520110956,""width"":98.9808358993773,""height"":29.680998613037445,""rotation"":0,""rectanglelabels"":[""A""],""original_width"":3257,""original_height"":2814},{""x"":0.11983152045929454,""y"":30.235783633841883,""width"":34.15198333089895,""height"":33.2871012482663,""rotation"":0,""rectanglelabels"":[""B""],""original_width"":3257,""original_height"":2814},{""x"":34.51147789227683,""y"":30.097087378640776,""width"":32.35451052400953,""height"":35.228848821081826,""rotation"":0,""rectanglelabels"":[""C""],""original_width"":3257,""original_height"":2814},{""x"":67.10565145720494,""y"":30.097087378640776,""width"":32.89434854279506,""height"":35.09015256588073,""rotation"":0,""rectanglelabels"":[""D""],""original_width"":3257,""original_height"":2814},{""x"":0.11983152045929454,""y"":65.60332871012483,""width"":32.354510524009534,""height"":34.39667128987517,""rotation"":0,""rectanglelabels"":[""E""],""original_width"":3257,""original_height"":2814},{""x"":34.39164637181754,""y"":65.60332871012483,""width"":32.234679003550234,""height"":34.39667128987517,""rotation"":0,""rectanglelabels"":[""F""],""original_width"":3257,""original_height"":2814},{""x"":66.98581993674566,""y"":65.60332871012483,""width"":33.014180063254344,""height"":34.39667128987517,""rotation"":0,""rectanglelabels"":[""G""],""original_width"":3257,""original_height"":2814}]"
img2419,Thermal properties of repaired CFRTPs; (a) Thermal diffusivity; (b) Thermal conductivity; (c) Thermal diffusion behavior of intact CFRTPs; (d) Thermal diffusion behavior of repaired CFRTPs.,"To evaluate the thermal performance of repaired CFRTPs, the thermal diffusivity and thermal conductivity of intact and repaired CFRTPs were measured at different temperatures using a laser flash analyzer (LFA457, NETZSCH), as shown in Fig. 9 (a) and (b). || The surface temperature distribution was monitored using an infrared thermal imaging system (FLIR A655sc, Teledyne FLIR) and ResearchIR Max software, as shown in Fig. 9 (c) and (d).",selected_images/img2419.jpg,"[{""x"":7.771561172376095e-16,""y"":-3.552713678800501e-15,""width"":47.93342579750347,""height"":61.026352288488205,""rotation"":0,""rectanglelabels"":[""A""],""original_width"":2470,""original_height"":1664},{""x"":50.17592525001825,""y"":0.4160887656033287,""width"":49.82407474998175,""height"":60.74895977808599,""rotation"":0,""rectanglelabels"":[""B""],""original_width"":2470,""original_height"":1664},{""x"":0.09343747718811592,""y"":61.30374479889043,""width"":48.58748813782028,""height"":38.69625520110957,""rotation"":0,""rectanglelabels"":[""C""],""original_width"":2470,""original_height"":1664},{""x"":50.26936272720637,""y"":61.30374479889043,""width"":49.73063727279363,""height"":38.69625520110957,""rotation"":0,""rectanglelabels"":[""D""],""original_width"":2470,""original_height"":1664}]"
img2424,"(a) Load–displacement responses, (b) R-curves, and (c) fracture surfaces of Pure and SP . (d) In situ observation of SP . The scales in observations (c) and (d) are all 5 mm in length. The shaded regions highlight the interfacial failure locations in SP in (c), while the crack path is highlighted by the red lines and the broken OCs are highlighted by the green arrows in (d). (For interpretation of the references to color in this figure legend, the reader is referred to the web version of this article.)","The enlarged fracture surfaces are shown in the supplementary material Fig. S4. || Typical DCB results of the baseline Pure and substrate patterning SP are shown in Fig. 4 . || On the baseline bio-based epoxy bondline Pure ( Fig. 4 (c)), cohesive failure is observed. || With the presence of the adhesion patterning on the opposite substrate, a new crack is initiated and the crack path transits from the top to bottom substrate, triggering an adhesive ligament bridging [10,15] , as highlighted in the in situ side observations in Fig. 4 (d). || Breakage of OCs at the edge of the SP patterning can be clearly shown in Fig. 4 (d).",selected_images/img2424.jpg,"[{""x"":-2.6645352591003757e-15,""y"":-1.3322676295501878e-15,""width"":47.00278027936811,""height"":55.75589459084605,""rotation"":0,""rectanglelabels"":[""A""],""original_width"":2401,""original_height"":1713},{""x"":52.939973577814605,""y"":2.220446049250313e-15,""width"":47.060026422185395,""height"":55.75589459084605,""rotation"":0,""rectanglelabels"":[""B""],""original_width"":2401,""original_height"":1713},{""x"":0,""y"":57.558945908460466,""width"":46.60696739280501,""height"":42.441054091539534,""rotation"":0,""rectanglelabels"":[""C""],""original_width"":2401,""original_height"":1713},{""x"":52.84102035617383,""y"":57.69764216366158,""width"":47.060026422185395,""height"":41.88626907073509,""rotation"":0,""rectanglelabels"":[""D""],""original_width"":2401,""original_height"":1713}]"
img2427,"In situ image observations of OC structure bridging of (a) G5 , (b) G10 , and (c) G15 . (d) Schematics of the crack path control through the adhesion patterning, as indicated by the green lines. (For interpretation of the references to color in this figure legend, the reader is referred to the web version of this article.)","Three examples of triggered OC bridging in G5 , G10 , and G15 are illustrated in Figs. 7 (a), (b), and (c), respectively. || The failure sequence of the OC bridging triggered by the OC adhesion patterning is summarized in the schematic Fig. 7 (d). || Initially, the impregnated OC is loaded transversely ( Fig. 7 (d1)), limiting the unfold of the OCs and, hence, the bridging effect [24] . || However, thanks to the OC adhesion patterning, the crack path is guided to alternate between top and bottom OC surfaces, as indicated in Figs. 7 (d2) and (d3), allowing the integrated OC to be loaded longitudinally and enabling the hidden length to unfold, as the epoxy ligaments break ( Figs. 7 (d4) and (d5)). || The crack propagates across OCs and the OCs start to bridge the separating arms, as illustrated in Fig. 7 (d5).",selected_images/img2427.jpg,"[{""x"":1.776356839400251e-15,""y"":2.886579864025407e-15,""width"":32.60103956188916,""height"":54.09153952843273,""rotation"":0,""rectanglelabels"":[""A""],""original_width"":3047,""original_height"":2064},{""x"":33.16474629782961,""y"":8.881784197001254e-16,""width"":34.01030640174028,""height"":54.23023578363384,""rotation"":0,""rectanglelabels"":[""B""],""original_width"":3047,""original_height"":2064},{""x"":68.58431953942102,""y"":0,""width"":31.32172933792225,""height"":53.6754507628294,""rotation"":0,""rectanglelabels"":[""C""],""original_width"":3047,""original_height"":2064},{""x"":0.0939511226567411,""y"":60.05547850208044,""width"":99.90604887734325,""height"":39.94452149791956,""rotation"":0,""rectanglelabels"":[""D""],""original_width"":3047,""original_height"":2064}]"
img2437,"TGA and DTG thermograms of cured adhesive, wood flour and cured wood-epoxy composites under N2 (a and c) and air atmospheres (b and d).","The thermal stability of cured neat adhesives was evaluated by TGA under both nitrogen and air atmospheres. Fig. 4 (a) and (b) shows the averaged TGA and corresponding derivative thermogravimetric (DTG) curves. || Under nitrogen atmosphere ( Fig. 4 (a) ), CBE 0 -A exhibited highest maximum degradation rate, with a sharp DTG peak of 28.4 ± 1.0 %/min at 398 °C, accompanied by a relatively low char residue (5.3 ± 0.2%). || Under air ( Fig. 4 (b) ), all samples undergo oxidative degradation with zero residual mass at 800 °C, indicating a complete combustion of carbonaceous char. || Average TGA and derivative (DTG) thermograms are shown in Fig. 4 (c) and (d), and corresponding onset temperature (T o ) of the main degradation stage, maximum DTG value (mDTG) and residue at 800 °C are summarized in Table 3 . || A similar two-stage degradation behavior was also observed for CBE 50 -A and CBE 75 -A, which can be attributed to the inherent two-step thermal degradation of CBE adhesive, as shown in Fig. 4 (c) .",selected_images/img2437.jpg,"[{""x"":0,""y"":50.76282940360609,""width"":50.679459430028075,""height"":48.68238557558945,""rotation"":0,""rectanglelabels"":[""B""],""original_width"":2369,""original_height"":1618},{""x"":1.388232964671051e-15,""y"":3.4492365813597093e-15,""width"":49.82690777606497,""height"":49.09847434119279,""rotation"":0,""rectanglelabels"":[""A""],""original_width"":2369,""original_height"":1618},{""x"":50.300547583822244,""y"":0,""width"":49.447995929859154,""height"":49.51456310679612,""rotation"":0,""rectanglelabels"":[""C""],""original_width"":2369,""original_height"":1618},{""x"":51.24782719933678,""y"":50.20804438280167,""width"":48.75217280066322,""height"":49.79195561719833,""rotation"":0,""rectanglelabels"":[""D""],""original_width"":2369,""original_height"":1618}]"
img2438,"(a) Photographs of Samples before and after mass loss calorimeter test, (b) heat release rate (HRR), (c) total heat release (THR), and (d) residue weight with time.","Fire performance of wood-epoxy composites was evaluated by heat release characteristics under combustion. Fig. 5 shows photographs of samples before and after testing, along with the corresponding HRR, THR, and residue weight profiles.",selected_images/img2438.jpg,"[{""x"":2.664535259100376e-15,""y"":-1.332267629550188e-15,""width"":51.974723538704595,""height"":50.02047861447546,""rotation"":0,""rectanglelabels"":[""A""],""original_width"":2369,""original_height"":1242},{""x"":54.02843601895735,""y"":-1.332267629550188e-15,""width"":45.97156398104265,""height"":48.81516587677724,""rotation"":0,""rectanglelabels"":[""B""],""original_width"":2369,""original_height"":1242},{""x"":0.315955766192733,""y"":51.828447721022755,""width"":45.33965244865719,""height"":48.171552278977245,""rotation"":0,""rectanglelabels"":[""C""],""original_width"":2369,""original_height"":1242},{""x"":54.10742496050553,""y"":51.828447721022755,""width"":45.89257503949447,""height"":48.171552278977245,""rotation"":0,""rectanglelabels"":[""D""],""original_width"":2369,""original_height"":1242}]"
img2449,Strain-sequenced crack propagation from numerical simulation and experimental test with the fracture surface: (a) CAM-S; (b) EAM; (c) SQ; (d) HC.,"The stress plots of EAM and CAM-S configurations are depicted in Fig. 5 (a) and (b). || In contrast, stress in the SQ and HC models primarily remains concentrated along the edge region, as shown in Fig. 5 (c) and (d). || As shown in Fig. 5 (a), the crack in the CAM-S composite structure traverses through both Agilus30Black and VeroClear, combining zigzag paths through the soft phase with localized ruptures in the stiff cores. || Conversely, fractures in the SQ, HC, and EAM specimens occur exclusively within the Agilus30Black phase, failing to exploit the high stiffness and strength of the VeroClear material ( Fig. 5 (b)–(d)). || As shown in Figs. 5(a) and 6 , the CAM-BI series architectures exhibit a broader and more homogenized stress field than the CAM-S design, characterized by a greater number of smaller high-stress regions dispersed throughout the model.",selected_images/img2449.jpg,"[{""x"":0,""y"":1.3550572283913145e-15,""width"":100,""height"":29.95839112343966,""rotation"":0,""rectanglelabels"":[""A""],""original_width"":3059,""original_height"":3999},{""x"":0,""y"":30.235783633841883,""width"":100,""height"":30.79056865464632,""rotation"":0,""rectanglelabels"":[""B""],""original_width"":3059,""original_height"":3999},{""x"":0.1813162224744155,""y"":61.71983356449374,""width"":49.31801251304103,""height"":38.280166435506246,""rotation"":0,""rectanglelabels"":[""C""],""original_width"":3059,""original_height"":3999},{""x"":50.04327740293869,""y"":61.30374479889043,""width"":49.95672259706131,""height"":38.69625520110957,""rotation"":0,""rectanglelabels"":[""D""],""original_width"":3059,""original_height"":3999}]"
img245,"Comparison of the XPS for a) Ni, b) Cr, c) Co, d) Mo, e) Ti and f) Al; representing the different oxidation states of the elements on the sample surface of H 282 Virgin and H 282 1400 . H 282 1400 is showing complete oxidation of the particle surface. The measurement is shown in black. The green curves show the fits for the metallic form, while the brown curves represent the fits for the oxide phases. Red represents the sum and orange the background.",The XPS measurements confirm that the artificially aged powders exhibit increased oxide formation on the surface of the powder particles. Fig. 2 shows the results of the surface composition analysis of the and powder samples using XPS.,selected_images/img245.jpg,"[{""x"":-1.3322676295501878e-15,""y"":0.13869625520110956,""width"":49.20721477520684,""height"":32.31622746185853,""rotation"":0,""rectanglelabels"":[""A""],""original_width"":3454,""original_height"":4408},{""x"":50.0922366236818,""y"":0.13869625520110956,""width"":49.9077633763182,""height"":33.148404993065185,""rotation"":0,""rectanglelabels"":[""B""],""original_width"":3454,""original_height"":4408},{""x"":0.1770043696949887,""y"":33.980582524271846,""width"":49.20721477520685,""height"":32.17753120665743,""rotation"":0,""rectanglelabels"":[""C""],""original_width"":3454,""original_height"":4408},{""x"":49.73075900662322,""y"":34.11927877947296,""width"":50.26924099337678,""height"":32.17753120665743,""rotation"":0,""rectanglelabels"":[""D""],""original_width"":3454,""original_height"":4408},{""x"":0,""y"":67.96116504854369,""width"":49.73822788429182,""height"":32.03883495145631,""rotation"":0,""rectanglelabels"":[""E""],""original_width"":3454,""original_height"":4408},{""x"":50.0922366236818,""y"":67.96116504854369,""width"":49.9077633763182,""height"":32.03883495145631,""rotation"":0,""rectanglelabels"":[""F""],""original_width"":3454,""original_height"":4408}]"
img2452,Strain-sequenced crack propagation from numerical simulation and experimental test for honeycomb-based composite designs. (a) HC-S1; (b) HC-S2; (c) HC-BI1; (d) HC-BI2.,"As shown in Fig. 8 (a) and (b), the introduction of semicircular edges in HC-S designs induces curvature-driven constraints between adjacent stiff cores and promotes more effective load sharing before the soft-layer failure. || As evidenced by the stress contours at in HC-S1 and in HC-S2 ( Fig. 8 (a) and (b)), although these VeroClear cores remain intact (i.e., no fracture), they inhibit complete crack opening and sustain considerable load transmission across the damaged region. || This is quantitatively reflected by the reduced spatial extent of the high-stress region near the crack path in HC-S2 design relative to HC-S1 ( in HC-S1 and in HC-S2, Fig. 8 (a) and (b)). || However, an additional crack branch appears in the experiment, as presented in Fig. 8 (a). || Furthermore, HC-BI1 and HC-BI2 show broader tensile stress distribution within the VeroClear cores, relative to the HC and HC-S deries designs ( Figs. 8–5(d) ).",selected_images/img2452.jpg,"[{""x"":7.580491921673185e-16,""y"":8.623091453399273e-16,""width"":47.795300831225404,""height"":49.2371705963939,""rotation"":0,""rectanglelabels"":[""A""],""original_width"":3059,""original_height"":2353},{""x"":50.03570555768907,""y"":0.13869625520110956,""width"":49.71564773962282,""height"":48.26629680998612,""rotation"":0,""rectanglelabels"":[""B""],""original_width"":3059,""original_height"":2353},{""x"":0,""y"":49.79195561719833,""width"":48.008672709936214,""height"":50.20804438280167,""rotation"":0,""rectanglelabels"":[""C""],""original_width"":3059,""original_height"":2353},{""x"":50.03570555768907,""y"":48.95977808599168,""width"":49.96429444231093,""height"":51.04022191400832,""rotation"":0,""rectanglelabels"":[""D""],""original_width"":3059,""original_height"":2353}]"
img2458,"Manufacturing of the tensile test specimens: PLA–hemp pellets (A), details of the 3D printing with the P-MEX (B), printing of the plate (C), laser cutting of the test specimens (D), and final dogbone-shaped specimens (following the standard ISO 527–4 type 1B specimen) (E).","A well-homogenized mixing of the matrix and fibers was achieved using a twin-screw extruder dedicated to the production of biocomposite mixtures at 30 rpm and 190 C, as shown in Fig. 2 (A–B). || Dogbone-shaped tensile specimens were manufactured via 3D-printing using pellet-based material extrusion (P-MEX) [38] in accordance with the ISO 527–4 standard (type 1B specimen), as shown in Fig. 2 (C–E). 3D-printing with P-MEX is advantageous in that it uses pellets directly, without the need to manufacture a homogeneous calibrated (wound or unwound) filament to withstand the shear and buckling associated with controlling the filament feed into the molten polymer extrusion zone. || When DC is sufficiently low (less than 50%), the deformation of the crystalline phase relative to the amorphous phase is small [54] ( Fig. 2 ), and it can be assumed to be elastic without a significant error in the total deformation. || Furthermore, when DC was sufficiently low (less than 50%), the deformation of the crystalline phase relative to that of the amorphous phase was small, cf. Bartczak [54] ( Fig. 2 ), as demonstrated in Fig. 8 (left).",selected_images/img2458.jpg,"[{""x"":0,""y"":0.4983388704318937,""width"":22.525984566533577,""height"":50.83056478405315,""rotation"":0,""rectanglelabels"":[""A""],""original_width"":2894,""original_height"":1377},{""x"":23.79060124395301,""y"":0.8305647840531563,""width"":42.44369723588959,""height"":50.16611295681062,""rotation"":0,""rectanglelabels"":[""B""],""original_width"":2894,""original_height"":1377},{""x"":68.92160891935887,""y"":1.6611295681063125,""width"":30.904070054437298,""height"":97.3421926910299,""rotation"":0,""rectanglelabels"":[""C""],""original_width"":2894,""original_height"":1377},{""x"":0.39519271169357156,""y"":53.32225913621262,""width"":22.130791854840005,""height"":46.01328903654485,""rotation"":0,""rectanglelabels"":[""D""],""original_width"":2894,""original_height"":1377},{""x"":29.955607546372725,""y"":52.99003322259136,""width"":32.95907215524387,""height"":46.84385382059802,""rotation"":0,""rectanglelabels"":[""E""],""original_width"":2894,""original_height"":1377}]"
img247,"FIB-EDX cross section of a particle. a) The FIB cut of a H 282 1400 particle. The remaining platinum layer on top of the particle can be recognized, b) The surface of the H 282 1400 particle can be recognized under the platinum deposition. The oxide layer that is formed is visible and marked by the white arrow. c) EDX mapping of the element platinum on H 282 Virgin , showing its deposition on the particle. This allows the surface of the particle to be determined in EDX. d) EDX mapping of the element platinum on H 282 Virgin , showing the platinum deposition on the particle H 282 1400 . e) EDX mapping of the element oxygen on H 282 Virgin . f) EDX mapping of the element oxygen on H 282 1400 showing an oxide layer on top of the particle.","Cordova et al. observed similar increased roughness for reused IN718 [11] . Fig. 4 a shows the revealing cross-section of an particle that has been processed using FIB. || The deposited platinum protective layer can be clearly recognized on the particle. Fig. 4 b shows the same particle at a higher magnification. || The rough surface of the particle caused by oxidation can be identified under the platinum protective layer. Fig. 4 c-f show the elemental distribution of the elements platinum and oxygen for and . || The cross-section SEM of with EDX mapping of the element oxygen reveals the presence of a distinct oxide layer on the surface, as illustrated in Fig. 4 f. || This layer is notably absent in Fig. 4 e for .",selected_images/img247.jpg,"[{""x"":0.13806094455604292,""y"":0.8321775312066574,""width"":49.149696261951284,""height"":31.345353675450763,""rotation"":0,""rectanglelabels"":[""A""],""original_width"":3493,""original_height"":3477},{""x"":50.39224476295567,""y"":0,""width"":49.60775523704433,""height"":32.17753120665742,""rotation"":0,""rectanglelabels"":[""B""],""original_width"":3493,""original_height"":3477},{""x"":0.27612188911208585,""y"":34.11927877947296,""width"":48.8735743728392,""height"":32.17753120665743,""rotation"":0,""rectanglelabels"":[""C""],""original_width"":3493,""original_height"":3477},{""x"":50.66836665206777,""y"":34.39667128987517,""width"":49.33163334793223,""height"":31.484049930651878,""rotation"":0,""rectanglelabels"":[""D""],""original_width"":3493,""original_height"":3477},{""x"":2.329832279603764e-15,""y"":67.96116504854368,""width"":49.28775720650734,""height"":32.03883495145631,""rotation"":0,""rectanglelabels"":[""E""],""original_width"":3493,""original_height"":3477},{""x"":50.530305707511715,""y"":67.54507628294036,""width"":49.469694292488285,""height"":32.45492371705964,""rotation"":0,""rectanglelabels"":[""F""],""original_width"":3493,""original_height"":3477}]"
img2478,"Comparison of micro-CT imaging and FE modelling of matrix damage in 3D printed interlayer: (a) DR, showing woven layer as no printed interlayer, (b) OF, (c) FP and (d) LP.","As shown in Fig. 7 , micro-CT images (left) and corresponding FE predictions (right) are presented for four modified laminate cases: (a) DR, (b) OF, (c) LP, and (d) FP, enabling a direct visual assessment of fibre breakage and in-plane crack propagation across different fibre steering strategies.",selected_images/img2478.jpg,"[{""x"":0.0790471612455269,""y"":1.8083182640144666,""width"":49.562570100945365,""height"":47.197106690777574,""rotation"":0,""rectanglelabels"":[""A""],""original_width"":2370,""original_height"":1036},{""x"":50.43208887464616,""y"":1.4466546112115732,""width"":49.56791112535384,""height"":47.19710669077758,""rotation"":0,""rectanglelabels"":[""B""],""original_width"":2370,""original_height"":1036},{""x"":0.0790471612455269,""y"":50.63291139240506,""width"":49.48352293969984,""height"":48.10126582278481,""rotation"":0,""rectanglelabels"":[""C""],""original_width"":2370,""original_height"":1036},{""x"":50.43208887464616,""y"":51.17540687160941,""width"":49.24638145596325,""height"":47.19710669077756,""rotation"":0,""rectanglelabels"":[""D""],""original_width"":2370,""original_height"":1036}]"
img2483,Initial design configurations: (a) design 1; (b) design 2; (c) design 3; (d) design 4.,"The design domain for the microstructure's unit cell is defined as a regular square with a dimensionless side length of , and the specific initial configurations are shown in Fig. 4 . || All cases in this section adopt the initial design configuration shown in Fig. 4(b) , and the volume fractions of the two materials respectively specified as , . || The initial design configuration shown in Fig. 4(c) is used and the solid phase is filled with the two materials shown in Table 1 . || All examples in this section adopt the initial design configuration shown in Fig. 4(b) .",selected_images/img2483.jpg,"[{""x"":0,""y"":0,""width"":22.595777951524624,""height"":99.41107317429865,""rotation"":0,""rectanglelabels"":[""A""],""original_width"":2094,""original_height"":556},{""x"":24.86317435496482,""y"":0.5889268257012842,""width"":23.84675527756059,""height"":99.41107317429872,""rotation"":0,""rectanglelabels"":[""B""],""original_width"":2094,""original_height"":556},{""x"":51.68100078186083,""y"":0.5889268257012853,""width"":22.595777951524635,""height"":99.4110731742987,""rotation"":0,""rectanglelabels"":[""C""],""original_width"":2094,""original_height"":556},{""x"":77.87333854573886,""y"":0.2944634128506421,""width"":22.12666145426114,""height"":99.70553658714935,""rotation"":0,""rectanglelabels"":[""D""],""original_width"":2094,""original_height"":556}]"
img2492,"Fourier descriptors approximations of filament cross-sections varying the number of coefficients. As the number of harmonics increases, the reconstructed contours progressively approach the reference shape.",Fig. 3 illustrates how the reconstruction accuracy varies as the number of harmonics increases.,selected_images/img2492.jpg,"[{""x"":4.562374276081788e-16,""y"":1.3061447348531252e-15,""width"":31.848015989014357,""height"":43.425605536332164,""rotation"":0,""rectanglelabels"":[""A""],""original_width"":3054,""original_height"":1395},{""x"":33.66564469310202,""y"":0.34602076124567477,""width"":32.79634400853836,""height"":42.73356401384083,""rotation"":0,""rectanglelabels"":[""B""],""original_width"":3054,""original_height"":1395},{""x"":67.56837139108505,""y"":0.17301038062283738,""width"":32.43162860891495,""height"":42.214532871972324,""rotation"":0,""rectanglelabels"":[""C""],""original_width"":3054,""original_height"":1395},{""x"":1.3322676295501878e-15,""y"":46.36678200692042,""width"":31.927043323974686,""height"":53.63321799307958,""rotation"":0,""rectanglelabels"":[""D""],""original_width"":3054,""original_height"":1395},{""x"":33.50759002318136,""y"":46.36678200692042,""width"":32.95439867845902,""height"":53.63321799307958,""rotation"":0,""rectanglelabels"":[""E""],""original_width"":3054,""original_height"":1395},{""x"":67.64739872604537,""y"":46.19377162629758,""width"":32.35260127395463,""height"":53.80622837370242,""rotation"":0,""rectanglelabels"":[""F""],""original_width"":3054,""original_height"":1395}]"
img2496,Comparison of models trained with varying numbers of Fourier coefficients for representing filament cross-sectional profiles.,"The reason for this behaviour is further illustrated in Fig. 7 , which shows predicted curves for different values of in the two-layer case. || With low-frequency representations, the model produces overly smooth shapes that fail to capture fine geometric details ( Fig. 7 (a) and (b)). || As increases, the predictions improve, with offering a good balance between fidelity and smoothness ( Fig. 7 (c)). || At , although the curve visually aligns with the reference, it exhibits high-frequency oscillations and surface artifacts, indicating a loss of smoothness and robustness in the learned shape ( Fig. 7 (d)).",selected_images/img2496.jpg,"[{""x"":0,""y"":0,""width"":24.472243940578572,""height"":100,""rotation"":0,""rectanglelabels"":[""A""],""original_width"":3543,""original_height"":1060},{""x"":25.01954652071931,""y"":0.2613332939944237,""width"":24.784988272087574,""height"":99.73866670600557,""rotation"":0,""rectanglelabels"":[""B""],""original_width"":3543,""original_height"":1060},{""x"":50.430023455824866,""y"":0.2613332939944237,""width"":24.941360437842064,""height"":99.73866670600557,""rotation"":0,""rectanglelabels"":[""C""],""original_width"":3543,""original_height"":1060},{""x"":75.68412822517591,""y"":0,""width"":24.31587177482408,""height"":99.99999999999999,""rotation"":0,""rectanglelabels"":[""D""],""original_width"":3543,""original_height"":1060}]"
img2497,Comparison of filament cross-sectional profiles predicted by ShapeGen3DCP and those computed from numerical simulations for single-layer prints.,"This comparison will highlight the tool’s predictive accuracy and reliability, underlining its readiness for practical use by the 3DCP community. Fig. 8 compares the cross-sections predicted by ShapeGen3DCP with the ground-truth PFEM results for six single-layer cases (N1–N6), and Fig. 9 shows similar comparisons for four two-layer cases (N7–N10).",selected_images/img2497.jpg,"[{""x"":0.1192795624041154,""y"":-1.1102230246251556e-16,""width"":49.739577522516115,""height"":31.067961165048548,""rotation"":0,""rectanglelabels"":[""A""],""original_width"":3543,""original_height"":3047},{""x"":50.3359753345367,""y"":0,""width"":49.6640246654633,""height"":31.622746185852986,""rotation"":0,""rectanglelabels"":[""B""],""original_width"":3543,""original_height"":3047},{""x"":0.2385591248082308,""y"":33.56449375866852,""width"":49.978136647324355,""height"":33.42579750346741,""rotation"":0,""rectanglelabels"":[""C""],""original_width"":3543,""original_height"":3047},{""x"":50.3359753345367,""y"":33.42579750346741,""width"":49.6640246654633,""height"":32.732316227461865,""rotation"":0,""rectanglelabels"":[""D""],""original_width"":3543,""original_height"":3047},{""x"":2.2204460492503123e-16,""y"":68.51595006934814,""width"":49.739577522516115,""height"":31.484049930651864,""rotation"":0,""rectanglelabels"":[""E""],""original_width"":3543,""original_height"":3047},{""x"":50.3359753345367,""y"":68.51595006934814,""width"":49.6640246654633,""height"":31.484049930651864,""rotation"":0,""rectanglelabels"":[""F""],""original_width"":3543,""original_height"":3047}]"
img2498,Comparison of filament cross-sectional profiles predicted by ShapeGen3DCP and those computed from numerical simulations for two-layers prints.,"This comparison will highlight the tool’s predictive accuracy and reliability, underlining its readiness for practical use by the 3DCP community. Fig. 8 compares the cross-sections predicted by ShapeGen3DCP with the ground-truth PFEM results for six single-layer cases (N1–N6), and Fig. 9 shows similar comparisons for four two-layer cases (N7–N10).",selected_images/img2498.jpg,"[{""x"":0,""y"":0.13869625520110956,""width"":47.859720657991026,""height"":48.82108183079057,""rotation"":0,""rectanglelabels"":[""A""],""original_width"":3543,""original_height"":2191},{""x"":50.00397337564294,""y"":0,""width"":49.99602662435706,""height"":48.82108183079057,""rotation"":0,""rectanglelabels"":[""B""],""original_width"":3543,""original_height"":2191},{""x"":0,""y"":51.17891816920943,""width"":49.57512283211255,""height"":48.82108183079057,""rotation"":0,""rectanglelabels"":[""C""],""original_width"":3543,""original_height"":2191},{""x"":50.5185940278794,""y"":51.04022191400832,""width"":49.4814059721206,""height"":48.95977808599168,""rotation"":0,""rectanglelabels"":[""D""],""original_width"":3543,""original_height"":2191}]"
img2499,Comparison of filament cross-sectional profiles predicted by ShapeGen3DCP with experimental data from the literature for single-layer prints.,"Specifically, Figs. 10 and 11 compare the cross-sections predicted by ShapeGen3DCP with the experimentally measured ones, for single-layer and two-layer scenarios, respectively.",selected_images/img2499.jpg,"[{""x"":7.771561172376097e-16,""y"":-2.2204460492503136e-16,""width"":49.25701790132953,""height"":32.038834951456316,""rotation"":0,""rectanglelabels"":[""A""],""original_width"":3543,""original_height"":3084},{""x"":50.10211379669548,""y"":0,""width"":49.89788620330452,""height"":32.31622746185853,""rotation"":0,""rectanglelabels"":[""B""],""original_width"":3543,""original_height"":3084},{""x"":-3.3306690738754696e-15,""y"":33.00970873786408,""width"":48.8948339461727,""height"":33.42579750346741,""rotation"":0,""rectanglelabels"":[""C""],""original_width"":3543,""original_height"":3084},{""x"":50.22284178174776,""y"":33.841886269070734,""width"":49.77715821825224,""height"":32.87101248266297,""rotation"":0,""rectanglelabels"":[""D""],""original_width"":3543,""original_height"":3084},{""x"":0,""y"":67.54507628294036,""width"":49.37774588638181,""height"":32.45492371705964,""rotation"":0,""rectanglelabels"":[""E""],""original_width"":3543,""original_height"":3084},{""x"":50.58502573690459,""y"":67.82246879334258,""width"":49.41497426309541,""height"":32.17753120665742,""rotation"":0,""rectanglelabels"":[""F""],""original_width"":3543,""original_height"":3084}]"
img25,"Rotating Space Station Concept. Astro Terra Performance Hub, project by D. Imsirovic, H. Jamali, and B. Matijasevic. Design Studio Orbital Shift, TU Wien, Hochbau 2, 2025.","Such a testbed is essential, as many critical aspects of space habitation remain unknown—not only how varying gravity levels affect humans and onboard systems, but also how large structures can be assembled in orbit and how to design infrastructure that is sustainable, adaptable, and suitable for long-duration missions. Fig. 26 shows an example of a student project proposing such a test facility in low Earth orbit [ 38 ].",selected_images/img25.jpg,"[{""x"":0,""y"":0,""width"":99.99999999999994,""height"":99.99999999999999,""rotation"":0,""rectanglelabels"":[""single""],""original_width"":1712,""original_height"":963}]"
img2500,Comparison of filament cross-sectional profiles predicted by ShapeGen3DCP with experimental data from the literature for two-layer prints.,"Specifically, Figs. 10 and 11 compare the cross-sections predicted by ShapeGen3DCP with the experimentally measured ones, for single-layer and two-layer scenarios, respectively.",selected_images/img2500.jpg,"[{""x"":0,""y"":-2.2204460492503136e-16,""width"":47.32208182961617,""height"":48.54368932038834,""rotation"":0,""rectanglelabels"":[""A""],""original_width"":3543,""original_height"":2132},{""x"":52.162788612892605,""y"":0,""width"":47.837211387107395,""height"":49.375866851595006,""rotation"":0,""rectanglelabels"":[""B""],""original_width"":3543,""original_height"":2132},{""x"":0,""y"":51.59500693481276,""width"":48.740909679886855,""height"":48.40499306518724,""rotation"":0,""rectanglelabels"":[""C""],""original_width"":3543,""original_height"":2132},{""x"":52.41316999823449,""y"":51.73370319001387,""width"":47.58683000176551,""height"":48.26629680998613,""rotation"":0,""rectanglelabels"":[""D""],""original_width"":3543,""original_height"":2132}]"
img251,"Light microscope images of the top layer from parts in the as-built condition. The individual laser melting paths are recognizable with a laser scan direction from the bottom to the top. a) H 282 Virgin , b) H 282 300 , c) H 282 1000 and d) H 282 1400 .","The optical microscope images taken of the top layer of the manufactured specimens reveal clear differences in the melt paths, as shown in Fig. 8 . || This phenomenon can be observed for artificially aged H282 in Fig. 8 .",selected_images/img251.jpg,"[{""x"":0.31497345539127114,""y"":0.8321775312066574,""width"":48.610903282052845,""height"":47.71151178918169,""rotation"":0,""rectanglelabels"":[""A""],""original_width"":2827,""original_height"":2140},{""x"":50.92070862158883,""y"":0.4160887656033287,""width"":49.07929137841117,""height"":48.682385575589464,""rotation"":0,""rectanglelabels"":[""B""],""original_width"":2827,""original_height"":2140},{""x"":0.31497345539127114,""y"":51.45631067961165,""width"":48.400920978458664,""height"":47.98890429958391,""rotation"":0,""rectanglelabels"":[""C""],""original_width"":2827,""original_height"":2140},{""x"":51.13069092518301,""y"":51.59500693481276,""width"":48.86930907481699,""height"":48.26629680998613,""rotation"":0,""rectanglelabels"":[""D""],""original_width"":2827,""original_height"":2140}]"
img252,"SEM images of side-view, top-view and inner cross-section of H 282 1400 . a) the side-view of the untreated sample shows oxide layer formation, b) the inner cross-section of the untreated sample shows no oxide layer formation, c) the top surface of the untreated sample shows the strongest oxide layer formation, d) the top surface of the heat-treated sample has significantly reduced oxide areas.","This may explain the irregular furrow-like features observed on the surface of in Fig. 7 b. Fig. 9 shows SEM images of the untreated top, lateral outer, and inner cross-section surfaces, as well as the heat-treated top surface of the manufactured H282 1400 samples. || As anticipated from the results of the SEM analysis in Fig. 9 , the top surface exhibits the highest oxygen concentration, at 15.53 % ± 2.18 %. || As depicted in Fig. 9 , Fig. 10 , Fig. 11 and Fig. 13 , this phenomenon results in the formation of oxide layers predominantly on the surface of the components rather than within the bulk material. Fig. 9 c further supports this hypothesis by showing that the oxide layers are located at the edges of the melt paths and correlate with the scan direction of the laser. || After the vacuum heat treatment, a clear reduction in the oxide layer in Fig. 9 d and the measured oxygen content in Fig. 10 d can be seen.",selected_images/img252.jpg,"[{""x"":0.26758025322492096,""y"":0.6934812760055479,""width"":48.69960608693562,""height"":47.98890429958391,""rotation"":0,""rectanglelabels"":[""A""],""original_width"":2827,""original_height"":1818},{""x"":51.107828365959904,""y"":0.6934812760055479,""width"":48.892171634040096,""height"":47.295423023578365,""rotation"":0,""rectanglelabels"":[""B""],""original_width"":2827,""original_height"":1818},{""x"":0.26758025322492096,""y"":51.73370319001387,""width"":48.61041266919398,""height"":48.26629680998613,""rotation"":0,""rectanglelabels"":[""C""],""original_width"":2827,""original_height"":1818},{""x"":50.92944153047662,""y"":51.87239944521498,""width"":49.07055846952338,""height"":48.12760055478502,""rotation"":0,""rectanglelabels"":[""D""],""original_width"":2827,""original_height"":1818}]"
img2524,FGLS models of three-point bending beam under different mapping intervals.,The three-point bending beam FGLS models and volume fraction under different mapping intervals are shown in Fig. 23 respectively.,selected_images/img2524.jpg,"[{""x"":0,""y"":0.5547850208044383,""width"":48.947299397128305,""height"":23.1622746185853,""rotation"":0,""rectanglelabels"":[""A""],""original_width"":3490,""original_height"":2774},{""x"":51.4828576992318,""y"":0.27739251040221913,""width"":48.5171423007682,""height"":23.1622746185853,""rotation"":0,""rectanglelabels"":[""B""],""original_width"":3490,""original_height"":2774},{""x"":0.22048333061769507,""y"":25.52011095700416,""width"":48.39609107058407,""height"":23.855755894590846,""rotation"":0,""rectanglelabels"":[""C""],""original_width"":3490,""original_height"":2774},{""x"":51.59309936454065,""y"":25.52011095700416,""width"":48.40690063545935,""height"":24.271844660194173,""rotation"":0,""rectanglelabels"":[""D""],""original_width"":3490,""original_height"":2774},{""x"":0.33072499592654264,""y"":51.17891816920943,""width"":48.39609107058407,""height"":23.578363384188627,""rotation"":0,""rectanglelabels"":[""E""],""original_width"":3490,""original_height"":2774},{""x"":51.37261603392296,""y"":51.17891816920943,""width"":48.62738396607704,""height"":23.71705963938974,""rotation"":0,""rectanglelabels"":[""F""],""original_width"":3490,""original_height"":2774},{""x"":0.11024166530884753,""y"":76.8377253814147,""width"":48.947299397128305,""height"":23.1622746185853,""rotation"":0,""rectanglelabels"":[""G""],""original_width"":3490,""original_height"":2774},{""x"":51.4828576992318,""y"":77.11511789181692,""width"":48.5171423007682,""height"":22.884882108183078,""rotation"":0,""rectanglelabels"":[""H""],""original_width"":3490,""original_height"":2774}]"
img253,"Element content in wt% of manufactured samples as obtained by EDX analysis. The data was collected on the untreated samples a) on the lateral outer surface, b) on the top surface, c) on the cross-sectional surface of a cut sample and d) on the top surface of a heat-treated sample. The exact values of the element content are given in Tables SI1 and SI2 in the supplementary information .","A comparative analysis of the untreated top, lateral outer, and inner cross-section surfaces, as well as the heat-treated top surface of all manufactured samples using EDX, reveals significant differences in the formation of oxides and the chemical composition, as illustrated in Fig. 10 . || The concentrations of aluminum (11.1 at%) and titanium (40.1 at%) measured by XPS on the top surface are significantly higher than those determined by EDX in Fig. 10 . || As depicted in Fig. 9 , Fig. 10 , Fig. 11 and Fig. 13 , this phenomenon results in the formation of oxide layers predominantly on the surface of the components rather than within the bulk material. Fig. 9 c further supports this hypothesis by showing that the oxide layers are located at the edges of the melt paths and correlate with the scan direction of the laser. || This further contributes to the alteration of the chemical composition, which can be seen in Fig. 10 . || After the vacuum heat treatment, a clear reduction in the oxide layer in Fig. 9 d and the measured oxygen content in Fig. 10 d can be seen.",selected_images/img253.jpg,"[{""x"":-2.7755575615628914e-16,""y"":-8.881784197001254e-16,""width"":48.33321640393531,""height"":50.069348127600556,""rotation"":0,""rectanglelabels"":[""A""],""original_width"":2827,""original_height"":2239},{""x"":50.74987722413209,""y"":0.693481276005548,""width"":49.10215393763432,""height"":49.09847434119279,""rotation"":0,""rectanglelabels"":[""B""],""original_width"":2827,""original_height"":2239},{""x"":0,""y"":50.34674063800277,""width"":48.66276106123486,""height"":49.65325936199723,""rotation"":0,""rectanglelabels"":[""C""],""original_width"":2827,""original_height"":2239},{""x"":50.749877224132064,""y"":49.930651872399444,""width"":48.88245749943458,""height"":50.069348127600556,""rotation"":0,""rectanglelabels"":[""D""],""original_width"":2827,""original_height"":2239}]"
img2537,The displacement distribution diagram of cantilever beam FGLSs under different mapping intervals. (a) Gyroid-CD0.4. (b) Gyroid-CD0.5. (c) Gyroid-CD0.6. (d) Gyroid-CD0.8. (e) Gyroid-CD0.9. (f) Gyroid-CD1.1. (g) Gyroid-CD1.2. (h) Gyroid-CD1.3.,,selected_images/img2537.jpg,"[{""x"":-8.881784197001252e-16,""y"":-6.66133814775094e-16,""width"":31.986559661229812,""height"":33.148404993065185,""rotation"":0,""rectanglelabels"":[""A""],""original_width"":2953,""original_height"":2415},{""x"":33.574544892638386,""y"":8.881784197001252e-16,""width"":33.57454489263839,""height"":33.14840499306519,""rotation"":0,""rectanglelabels"":[""B""],""original_width"":2953,""original_height"":2415},{""x"":67.94308240098106,""y"":2.8948949879269e-15,""width"":32.0569175990189,""height"":32.73231622746185,""rotation"":0,""rectanglelabels"":[""C""],""original_width"":2953,""original_height"":2415},{""x"":16.90069996284838,""y"":33.56449375866852,""width"":31.646277111642263,""height"":32.593619972260754,""rotation"":0,""rectanglelabels"":[""D""],""original_width"":2953,""original_height"":2415},{""x"":51.38266498772024,""y"":33.70319001386963,""width"":31.986559661229812,""height"":32.45492371705964,""rotation"":0,""rectanglelabels"":[""E""],""original_width"":2953,""original_height"":2415},{""x"":0.11342751652918374,""y"":67.26768377253815,""width"":31.07913952899634,""height"":32.45492371705963,""rotation"":0,""rectanglelabels"":[""F""],""original_width"":2953,""original_height"":2415},{""x"":33.914827442225935,""y"":66.85159500693482,""width"":31.759704628171455,""height"":33.148404993065185,""rotation"":0,""rectanglelabels"":[""G""],""original_width"":2953,""original_height"":2415},{""x"":68.73707501668534,""y"":66.43550624133148,""width"":31.26292498331466,""height"":33.56449375866852,""rotation"":0,""rectanglelabels"":[""H""],""original_width"":2953,""original_height"":2415}]"
img2539,FGLSs volume fraction distribution diagram of three-point bending beam cell dispersion analysis. (a) Gyroid-TD0.4. (b) Gyroid-TD0.5. (c) Gyroid-TD0.6. (d) Gyroid-TD0.7. (e) Gyroid-TD0.8. (f) Gyroid-TD0.9. (g) Gyroid-TD1.0. (h) Gyroid-TD1.1. (i) Gyroid-TD1.2. (j) Gyroid-TD1.3.,"From Figs. A4 and A5 , it can be seen that in FGLS design, the volume fraction of unit cells distributed along the load path is larger, the material distribution is more reasonable, and the overall stiffness of the structure is significantly improved.",selected_images/img2539.jpg,"[{""x"":0,""y"":0.13869625520110956,""width"":99.97976390543371,""height"":15.811373092926493,""rotation"":0,""rectanglelabels"":[""A""],""original_width"":2721,""original_height"":4292},{""x"":0.4375482008990535,""y"":17.05963938973648,""width"":99.56245179910094,""height"":15.950069348127602,""rotation"":0,""rectanglelabels"":[""B""],""original_width"":2721,""original_height"":4292},{""x"":0.4375482008990535,""y"":33.841886269070734,""width"":99.56245179910094,""height"":15.950069348127599,""rotation"":0,""rectanglelabels"":[""C""],""original_width"":2721,""original_height"":4292},{""x"":0,""y"":50.48543689320388,""width"":99.97976390543371,""height"":16.366158113730933,""rotation"":0,""rectanglelabels"":[""D""],""original_width"":2721,""original_height"":4292},{""x"":0,""y"":67.26768377253815,""width"":100,""height"":16.227461858529807,""rotation"":0,""rectanglelabels"":[""E""],""original_width"":2721,""original_height"":4292},{""x"":0.4375482008990535,""y"":84.32732316227461,""width"":99.56245179910094,""height"":15.67267683772539,""rotation"":0,""rectanglelabels"":[""F""],""original_width"":2721,""original_height"":4292}]"
img254,"Comparison of the XPS for a) Ni, b) Cr, c) Co, d) Mo, e) Ti and f) Al; representing the different oxidation states of the elements on the top surface and the cross-section of the manufactured H 282 1400 component. The top surface shows reduced Ni⁰, Cr⁰, Co⁰ and Mo⁰ and Ti⁰, while the content of Ti 4 ⁺ and Al 3 ⁺ increases.","The XPS measurements on the cross-sectional sample of the H282 1400 component in Fig. 11 show characteristic peaks at 853.3 eV (Ni⁰), 574.7 eV (Cr⁰), 778.7 eV (Co⁰), 228.4 eV (Mo⁰) and 455.1 eV (Ti⁰), which indicates the presence of metallic phases of nickel, chromium, cobalt, molybdenum and titanium. || At the same time, Fig. 11 e and f show a significant increase in the intensity of the Ti 4 ⁺ and Al³ ⁺ peaks, which indicates an increased accumulation of titanium and aluminum oxides on the top surface of the component. || As depicted in Fig. 9 , Fig. 10 , Fig. 11 and Fig. 13 , this phenomenon results in the formation of oxide layers predominantly on the surface of the components rather than within the bulk material. Fig. 9 c further supports this hypothesis by showing that the oxide layers are located at the edges of the melt paths and correlate with the scan direction of the laser.",selected_images/img254.jpg,"[{""x"":-1.6653345369377348e-15,""y"":1.7208456881689926e-15,""width"":47.62796466760095,""height"":32.45492371705964,""rotation"":0,""rectanglelabels"":[""A""],""original_width"":3453,""original_height"":4408},{""x"":48.690298452008406,""y"":0,""width"":51.309701547991594,""height"":32.31622746185854,""rotation"":0,""rectanglelabels"":[""B""],""original_width"":3453,""original_height"":4408},{""x"":0.17705563073457603,""y"":33.70319001386963,""width"":47.45090903686637,""height"":32.593619972260754,""rotation"":0,""rectanglelabels"":[""C""],""original_width"":3453,""original_height"":4408},{""x"":48.513242821273835,""y"":33.980582524271846,""width"":51.486757178726165,""height"":32.73231622746186,""rotation"":0,""rectanglelabels"":[""D""],""original_width"":3453,""original_height"":4408},{""x"":0.5311668922037281,""y"":67.68377253814147,""width"":48.86735408274298,""height"":32.31622746185853,""rotation"":0,""rectanglelabels"":[""E""],""original_width"":3453,""original_height"":4408},{""x"":49.92968786715044,""y"":67.82246879334258,""width"":50.07031213284956,""height"":32.17753120665742,""rotation"":0,""rectanglelabels"":[""F""],""original_width"":3453,""original_height"":4408}]"
img2540,The displacement distribution diagram of three-point bending beam FGLSs under different mapping intervals. (a) Gyroid-TD0.4. (b) Gyroid-TD0.5. (c) Gyroid-TD0.6. (d) Gyroid-TD0.8. (e) Gyroid-TD0.9. (f) Gyroid-TD1.1. (g) Gyroid-TD1.2. (h) Gyroid-TD1.3.,"From Figs. A4 and A5 , it can be seen that in FGLS design, the volume fraction of unit cells distributed along the load path is larger, the material distribution is more reasonable, and the overall stiffness of the structure is significantly improved.",selected_images/img2540.jpg,"[{""x"":-3.5527136788005005e-15,""y"":1.6098233857064768e-15,""width"":49.76282789439767,""height"":24.687933425797503,""rotation"":0,""rectanglelabels"":[""A""],""original_width"":2757,""original_height"":2688},{""x"":51.11507865239761,""y"":0.27739251040221913,""width"":48.88492134760239,""height"":24.410540915395284,""rotation"":0,""rectanglelabels"":[""B""],""original_width"":2757,""original_height"":2688},{""x"":0,""y"":25.381414701803052,""width"":49.89805297019766,""height"":24.41054091539528,""rotation"":0,""rectanglelabels"":[""C""],""original_width"":2757,""original_height"":2688},{""x"":51.2503037281976,""y"":25.381414701803052,""width"":48.7496962718024,""height"":24.549237170596392,""rotation"":0,""rectanglelabels"":[""D""],""original_width"":2757,""original_height"":2688},{""x"":0.2704501515999873,""y"":50.624133148404994,""width"":49.357152666997685,""height"":25.520110957004164,""rotation"":0,""rectanglelabels"":[""E""],""original_width"":2757,""original_height"":2688},{""x"":51.52075387979759,""y"":50.48543689320388,""width"":48.47924612020241,""height"":24.68793342579751,""rotation"":0,""rectanglelabels"":[""F""],""original_width"":2757,""original_height"":2688},{""x"":0.2704501515999873,""y"":76.8377253814147,""width"":48.95147743959771,""height"":23.1622746185853,""rotation"":0,""rectanglelabels"":[""G""],""original_width"":2757,""original_height"":2688},{""x"":51.11507865239761,""y"":75.86685159500693,""width"":48.88492134760239,""height"":24.133148404993065,""rotation"":0,""rectanglelabels"":[""H""],""original_width"":2757,""original_height"":2688}]"
img2556,"Micromechanical models for the hexagonal and parallelogram unit cells; (a) classical hexagonal UC, (b) first mode-oriented hexagonal UC, (c) second mode-oriented hexagonal UC, (d) classical parallelogram UC, (e) first mode-oriented parallelogram UC, and (f) second mode-oriented parallelogram UC.","As shown in Figs. 1a and 1d , the general UC consists of a central node surrounded by other nodes. || To classify this design, the curvature of strut is designed with the arc/arcs that can be controlled by the distance from straight struts (or amplitude of curve) without changing in the location of nodes and the relative angles at the connection points (see Fig. 1 ). Fig. 1 systematically illustrates the six distinct unit cell configurations analyzed in this study comprising three hexagonal and three parallelogram variants that each designed to investigate the effects of geometric modifications on mechanical performance. || The classical hexagonal unit cell ( ) serves as the benchmark configuration and represents an isotropic architecture commonly employed in lattice structures (see Fig. 1a ). || Building upon this foundation, the first-mode oriented hexagonal variant ( Fig. 1b ) breaks the structural symmetry in the classical hexagonal cell, thereby inducing directional dependence in mechanical properties. || The second-mode oriented hexagonal configuration ( Fig. 1c ) further enhances this anisotropy through combined normal and shear responses, creating more complex deformation pathways under loading.",selected_images/img2556.jpg,"[{""x"":7.216449660063518e-16,""y"":-2.220446049250313e-16,""width"":32.57415846597539,""height"":43.828016643550626,""rotation"":0,""rectanglelabels"":[""A""],""original_width"":3150,""original_height"":1952},{""x"":33.4336349426502,""y"":0,""width"":32.91794905664531,""height"":43.96671289875174,""rotation"":0,""rectanglelabels"":[""B""],""original_width"":3150,""original_height"":1952},{""x"":67.21106047597033,""y"":0.4160887656033287,""width"":32.78893952402967,""height"":42.57975034674064,""rotation"":0,""rectanglelabels"":[""C""],""original_width"":3150,""original_height"":1952},{""x"":0,""y"":51.59500693481276,""width"":32.74605376131035,""height"":48.40499306518724,""rotation"":0,""rectanglelabels"":[""D""],""original_width"":3150,""original_height"":1952},{""x"":33.4336349426502,""y"":51.45631067961165,""width"":33.77742553332013,""height"":48.54368932038835,""rotation"":0,""rectanglelabels"":[""E""],""original_width"":3150,""original_height"":1952},{""x"":68.67217048631751,""y"":51.45631067961165,""width"":31.327829513682488,""height"":48.54368932038835,""rotation"":0,""rectanglelabels"":[""F""],""original_width"":3150,""original_height"":1952}]"
img2559,"Effect of pre-mode configurations on the volume fraction; (a) hexagonal UC with mode1, (b) hexagonal UC with mode2, (c) parallelogram UC with mode1 and (d) parallelogram UC with mode2.","In this section, the variation of equivalent material properties of different proposed cellular structures as a function of geometrical parameters will be presented. Fig. 4 illustrates the impact of pre-mode configuration on the volume fraction of hexagonal and parallelogram unit cells. || The results presented in Figs. 4-8 demonstrate the powerful influence of pre-mode configurations on volume fraction, elastic anisotropy, Poisson's ratio, and shear-extension coupling.",selected_images/img2559.jpg,"[{""x"":0.312789239219757,""y"":0.2724795640326975,""width"":24.319363349336104,""height"":99.7275204359673,""rotation"":0,""rectanglelabels"":[""A""],""original_width"":3150,""original_height"":904},{""x"":24.94494182777562,""y"":0.8174386920980926,""width"":24.7103498983608,""height"":99.1825613079019,""rotation"":0,""rectanglelabels"":[""B""],""original_width"":3150,""original_height"":904},{""x"":50.046278275161114,""y"":0.8174386920980926,""width"":25.33592837680031,""height"":99.1825613079019,""rotation"":0,""rectanglelabels"":[""C""],""original_width"":3150,""original_height"":904},{""x"":75.69499589118118,""y"":0.544959128065395,""width"":24.30500410881882,""height"":99.4550408719346,""rotation"":0,""rectanglelabels"":[""D""],""original_width"":3150,""original_height"":904}]"
img256,"Schematic representation of the oxidation behavior in the melt pool and the change in chemical composition due to oxide deposits a) H 282 1400 powder in the powder bed with a surrounding oxide layer. b) When the particles melt, the oxides are separated from the bulk material due to their higher melting temperature. While the bulk material dissolves in the melt, some oxides that are not affected by evaporation or spatter ejection float in the melt pool. c) Buoyancy forces and the Marangoni effect act on the oxides in the melt pool. Oxides partially evaporate due to the high temperatures or are ejected from the melt pool by spatter formation; d) Oxides accumulate on the surface and at the edge of the melt pool; e) During the manufacturing process, the process is repeated layer by layer leading to an increase in oxides on the component surface.","There, they are displaced by the Marangoni effect to the cooler edge areas and accumulate there, as shown in the schematic diagram in Fig. 13 . || As depicted in Fig. 9 , Fig. 10 , Fig. 11 and Fig. 13 , this phenomenon results in the formation of oxide layers predominantly on the surface of the components rather than within the bulk material. Fig. 9 c further supports this hypothesis by showing that the oxide layers are located at the edges of the melt paths and correlate with the scan direction of the laser.",selected_images/img256.jpg,"[{""x"":0,""y"":46.315249821811264,""width"":21.735731039874903,""height"":49.59006546577771,""rotation"":0,""rectanglelabels"":[""A""],""original_width"":2911,""original_height"":973},{""x"":11.64972634870993,""y"":0.23391540314046094,""width"":24.081313526192336,""height"":42.57260337156389,""rotation"":0,""rectanglelabels"":[""B""],""original_width"":2911,""original_height"":973},{""x"":29.163408913213456,""y"":36.02297208363094,""width"":31.508991399530885,""height"":58.24493538197475,""rotation"":0,""rectanglelabels"":[""C""],""original_width"":2911,""original_height"":973},{""x"":60.51602814698987,""y"":36.02297208363099,""width"":24.784988272087546,""height"":61.98758183222215,""rotation"":0,""rectanglelabels"":[""D""],""original_width"":2911,""original_height"":973},{""x"":87.17748240813135,""y"":25.262863539169782,""width"":12.822517591868646,""height"":74.73713646083021,""rotation"":0,""rectanglelabels"":[""E""],""original_width"":2911,""original_height"":973},{""x"":64.73807662236122,""y"":1.4034924188427655,""width"":19.937451133698204,""height"":29.239425392557617,""rotation"":0,""rectanglelabels"":[""COMMON_ALL""],""original_width"":2911,""original_height"":973}]"
img2560,"Effect of pre-mode hexagonal configurations on the micromechanical linear elastic properties; (a-d) mode1, and (e-h) mode2.","Fig. 5 presents a comprehensive analysis of how mode oriented hexagonal configurations influence the fundamental elastic properties including equivalent Young modulus ( ), in plane Poisson’s ratio ( ) and shear-extension coupling coefficients ( and ) of hexagonal unit cell architectures for modes 1 and 2. || The results are systematically organized into eight subplots Fig. 5 , with plots ( Figs. 5a-5d ) corresponding to mode 1 and ( Figs. 5e-5h ) representing mode 2. || It can be highlighted that mode 2 ( Figs. 5e–5h ) consistently produces non-zero shear-extension coupling coefficients ( , ), whereas mode 1 ( Figs. 5a–5d ) does not. || For UCs with mode 1, Fig. 5a demonstrates the variation of Young's modulus ( ) with respect to orientation angle , and amplitude of strut curvature revealing a dependence with geometrical parameters. || The modulus values range from to , showing approximately remarkable variation across different geometrical parameters with the maximum value for and . Figs. 5b-5d present the corresponding Poisson's ratio behaviors, where ( Fig. 5b ) exhibits the most significant angular dependence, varying between and .",selected_images/img2560.jpg,"[{""x"":0,""y"":0.13869625520110956,""width"":24.546683398278404,""height"":50.20804438280166,""rotation"":0,""rectanglelabels"":[""A""],""original_width"":3150,""original_height"":1846},{""x"":25.359487484314116,""y"":0.13869625520110956,""width"":24.953085441296253,""height"":48.12760055478502,""rotation"":0,""rectanglelabels"":[""B""],""original_width"":3150,""original_height"":1846},{""x"":50.80025537723179,""y"":0,""width"":24.30284217246769,""height"":48.82108183079057,""rotation"":0,""rectanglelabels"":[""C""],""original_width"":3150,""original_height"":1846},{""x"":75.42821918411377,""y"":0.27739251040221913,""width"":24.57178081588623,""height"":48.68238557558946,""rotation"":0,""rectanglelabels"":[""D""],""original_width"":3150,""original_height"":1846},{""x"":0.08128040860357087,""y"":50.48543689320388,""width"":24.627963806881972,""height"":49.51456310679612,""rotation"":0,""rectanglelabels"":[""E""],""original_width"":3150,""original_height"":1846},{""x"":25.27820707571054,""y"":50.48543689320388,""width"":24.627963806881983,""height"":49.51456310679612,""rotation"":0,""rectanglelabels"":[""F""],""original_width"":3150,""original_height"":1846},{""x"":50.80025537723179,""y"":50.34674063800277,""width"":24.953085441296267,""height"":49.65325936199723,""rotation"":0,""rectanglelabels"":[""G""],""original_width"":3150,""original_height"":1846},{""x"":75.83462122713162,""y"":50.624133148404994,""width"":23.977720538053404,""height"":49.375866851595006,""rotation"":0,""rectanglelabels"":[""H""],""original_width"":3150,""original_height"":1846}]"
img2562,"Effect of pre-mode parallelogram configurations on the micromechanical linear elastic properties; (a-d) mode1, and (e-h) mode2.","By considering square unit cell (or parallelogram UC with ), Fig. 7 represents a comprehensive analysis of how pr-mode shape configurations influence the fundamental elastic properties including Young modulus ( ), in plane Poisson’s ratio ( ) and shear-extension coupling coefficients ( and ) of classical parallelogram unit cell architectures for modes 1 and 2. || The results are systematically organized into eight subplots Fig. 7 , with plots ( Figs. 7a-7d ) corresponding to mode 1 and ( Figs. 7e-7h ) representing mode 2. || For unit cells with mode 1, Fig. 7a demonstrates the variation of Young's modulus ( ) with respect to orientation angle ( ), and amplitude of strut curvature revealing a dependence with geometrical parameters. || The modulus values range from 0.2 MPa to 3.6 MPa, showing approximately remarkable variation across different geometrical parameters with the maximum value for and . Figs. 7b-7d present the corresponding Poisson's ratio behaviors, where ( Fig. 7b ) exhibits the most significant angular dependence, varying between and . || Notably, ( Fig. 7c ) shows consistently the dominant nonzero values of extension-shear coupling coefficient for the most ranges of geometrical parameters.",selected_images/img2562.jpg,"[{""x"":-6.661338147750938e-16,""y"":-1.942890293094024e-15,""width"":23.811020848468836,""height"":49.09847434119279,""rotation"":0,""rectanglelabels"":[""A""],""original_width"":3150,""original_height"":1852},{""x"":24.87110054377738,""y"":1.4432899320127035e-15,""width"":24.871100543777377,""height"":49.65325936199722,""rotation"":0,""rectanglelabels"":[""B""],""original_width"":3150,""original_height"":1852},{""x"":50.068379455342004,""y"":4.440892098500627e-16,""width"":25.11573431961783,""height"":49.09847434119279,""rotation"":0,""rectanglelabels"":[""C""],""original_width"":3150,""original_height"":1852},{""x"":75.42874755080025,""y"":-8.881784197001254e-16,""width"":24.571252449199743,""height"":49.098474341192784,""rotation"":0,""rectanglelabels"":[""D""],""original_width"":3150,""original_height"":1852},{""x"":0.08154459194681109,""y"":50.762829403606105,""width"":24.21874380820289,""height"":49.237170596393895,""rotation"":0,""rectanglelabels"":[""E""],""original_width"":3150,""original_height"":1852},{""x"":24.87110054377738,""y"":50.762829403606105,""width"":24.708011359883756,""height"":48.95977808599168,""rotation"":0,""rectanglelabels"":[""F""],""original_width"":3150,""original_height"":1852},{""x"":50.23146863923563,""y"":50.624133148404994,""width"":25.523457279351874,""height"":49.375866851595006,""rotation"":0,""rectanglelabels"":[""G""],""original_width"":3150,""original_height"":1852},{""x"":75.99955969442793,""y"":50.34674063800277,""width"":24.00044030557207,""height"":49.65325936199723,""rotation"":0,""rectanglelabels"":[""H""],""original_width"":3150,""original_height"":1852}]"
img2564,"Comparison between the compressive response of classical hexagonal lattices obtained by experimental and FE analysis; (a, b) stress- strain response for η = 0 and 90 o , (c, d) Von-Mises stress distribution for η = 0 , and 90 o .","The compressive response of hexagonal lattice structures with different orientation are examined in Fig. 9 , comparing the mechanical behavior of non-rotated (or ) and 90°-rotated ( ) orientations. || As shown in Figs. 9a and 9b , the current FE simulation demonstrates robust convergence and strong stability. || The stress–strain curves in Figs. 9a and 9b demonstrate that both HM0 and HM0( ) configurations exhibit initial linear elastic behavior up to approximately 0.75 and 1 % strains respectively, followed by distinct post-yield characteristics. || This difference in mechanical response arises from different load distribution visible in the von Mises stress distributions (see Figs. 9c and 9d ). || The global buckling mode in HM0 ( ) is characterized by the formation of a high-stress band across the structure ( Fig. 9c ), indicating a coordinated, strut-level buckling driven by a macroscopic compressive stress state.",selected_images/img2564.jpg,"[{""x"":0.0970873786407767,""y"":0,""width"":46.019417475728154,""height"":57.00416088765603,""rotation"":0,""rectanglelabels"":[""A""],""original_width"":3150,""original_height"":2205},{""x"":51.165048543689316,""y"":0.27739251040221913,""width"":48.834951456310684,""height"":56.726768377253805,""rotation"":0,""rectanglelabels"":[""B""],""original_width"":3150,""original_height"":2205},{""x"":0.0970873786407767,""y"":58.668515950069335,""width"":51.16504854368933,""height"":41.33148404993064,""rotation"":0,""rectanglelabels"":[""C""],""original_width"":3150,""original_height"":2205},{""x"":51.747572815533985,""y"":58.66851595006934,""width"":48.252427184466015,""height"":41.33148404993066,""rotation"":0,""rectanglelabels"":[""D""],""original_width"":3150,""original_height"":2205}]"
img2565,"Comparison between the compressive response of hexagonal lattices with pre-mode configuration along η = 0 obtained by experimental and FE analysis; stress- strain response of (a) HM1, (b) HM2; Von-Mises stress distribution for (c) HM1:0.3, (d) HM1:0.6, (e) HM2:0.15, and (f) HM2:0.3.","Fig. 10 examines the mechanical performance of three modified hexagonal lattice configurations under compressive loading, comparing experimental results with finite element predictions. || The stress–strain curves ( Fig. 10a ) reveal that introducing geometric modifications to the basic hexagonal unit cell significantly alters the compressive behavior. || The deformation sequence captured in Figs. 10b-10d illustrates how the geometric modifications affect failure progression. || This behavior correlates with the von Mises stress distributions predicted by the finite element model, which show alternating patterns of high and low stress concentrations ( Figs. 10e-10f ). || As shown in Figs. 10, 11, 13 and 14 , the compressive failure modes and buckling sequences align with the embedded pre-mode shapes.",selected_images/img2565.jpg,"[{""x"":-1.4988010832439613e-15,""y"":2.886579864025407e-15,""width"":46.651079849415495,""height"":38.83495145631069,""rotation"":0,""rectanglelabels"":[""A""],""original_width"":3150,""original_height"":3098},{""x"":51.56171983356449,""y"":0,""width"":48.43828016643551,""height"":38.83495145631068,""rotation"":0,""rectanglelabels"":[""B""],""original_width"":3150,""original_height"":3098},{""x"":0,""y"":39.389736477115115,""width"":48.28795984413183,""height"":30.651872399445217,""rotation"":0,""rectanglelabels"":[""C""],""original_width"":3150,""original_height"":3098},{""x"":51.56171983356449,""y"":39.52843273231624,""width"":48.4382801664355,""height"":30.651872399445228,""rotation"":0,""rectanglelabels"":[""D""],""original_width"":3150,""original_height"":3098},{""x"":0,""y"":70.31900138696255,""width"":49.65202650639544,""height"":29.680998613037445,""rotation"":0,""rectanglelabels"":[""E""],""original_width"":3150,""original_height"":3098},{""x"":51.56171983356449,""y"":70.31900138696255,""width"":48.43828016643551,""height"":29.680998613037445,""rotation"":0,""rectanglelabels"":[""F""],""original_width"":3150,""original_height"":3098}]"
img2566,"Comparison between the off-axis compressive response of hexagonal lattices with pre-mode configuration along η = 90 o obtained by experimental and FE analysis: stress–strain response of (a) HM1, (b) HM2; Von-Mises stress distribution for (c) HM1:0.3, (d) HM1:0.6, (e) HM2:0.15, and (f) HM2:0.3.","Fig. 11 systematically investigates the compressive stress–strain behavior of 90 degree rotated ( ) hexagonal lattice structures through combined experimental and computational analysis. || As shown in Figs. 10, 11, 13 and 14 , the compressive failure modes and buckling sequences align with the embedded pre-mode shapes. || However, the primary strength of the introduced physics-based FE model lies in its interpretability and its ability to provide detailed, high-fidelity insights into complex deformation mechanisms and localized stress distributions such as the buckling initiation and propagation patterns shown in Figs. 9-14 which are crucial for the fundamental understanding and design of these architected materials. || For structures with known primary loading directions (e.g., impact absorbers, orthopedic implants, or aerospace components), pre-mode designs can be strategically oriented to optimize performance along specific axes, as demonstrated in Figs. 9-14 where orientation angle significantly influences compressive behavior.",selected_images/img2566.jpg,"[{""x"":0,""y"":0,""width"":47.30643066288003,""height"":38.83495145631068,""rotation"":0,""rectanglelabels"":[""A""],""original_width"":3150,""original_height"":3160},{""x"":52.037073729168036,""y"":2.6485209464012056e-15,""width"":47.96292627083189,""height"":39.112343966712906,""rotation"":0,""rectanglelabels"":[""B""],""original_width"":3150,""original_height"":3160},{""x"":0,""y"":39.80582524271845,""width"":44.245426325870156,""height"":30.513176144244106,""rotation"":0,""rectanglelabels"":[""C""],""original_width"":3150,""original_height"":3160},{""x"":52.03707372916805,""y"":39.66712898751734,""width"":45.21938225128239,""height"":30.513176144244106,""rotation"":0,""rectanglelabels"":[""D""],""original_width"":3150,""original_height"":3160},{""x"":0.1391365607731766,""y"":70.59639389736478,""width"":45.35851881205557,""height"":29.403606102635223,""rotation"":0,""rectanglelabels"":[""E""],""original_width"":3150,""original_height"":3160},{""x"":52.176210289941224,""y"":70.1803051317615,""width"":45.497655372828746,""height"":29.819694868238518,""rotation"":0,""rectanglelabels"":[""F""],""original_width"":3150,""original_height"":3160}]"
img2567,"Comparison between the compressive response of classical square lattices obtained by experimental and FE analysis; (a, b) stress–strain responses for η = 0 , and 45 o , (c, d) Von-Mises stress distribution for η = 0 , and 45 o .","The compressive response of square lattice structures with two distinct orientations is systematically examined in Fig. 12 , comparing the non-rotated (SM0) and 45°-rotated SM0( ) configurations. Figs. 12a and 12b demonstrate that the present FE simulation achieves strong and reliable convergence. || On the other hand, the transition from global buckling in non-rotated squares to local buckling in 45°-rotated squares ( Fig. 12 ) directly correlates with the altered stress states. || However, the primary strength of the introduced physics-based FE model lies in its interpretability and its ability to provide detailed, high-fidelity insights into complex deformation mechanisms and localized stress distributions such as the buckling initiation and propagation patterns shown in Figs. 9-14 which are crucial for the fundamental understanding and design of these architected materials. || For structures with known primary loading directions (e.g., impact absorbers, orthopedic implants, or aerospace components), pre-mode designs can be strategically oriented to optimize performance along specific axes, as demonstrated in Figs. 9-14 where orientation angle significantly influences compressive behavior. || When combined with a pre-mode design, this guarantees a stable, local modes with consistent post-yield stress ( Figs. 12 and 14 ). • For fine-tuning stiffness and buckling load: use the curvature amplitude ( ) as a linear control parameter.",selected_images/img2567.jpg,"[{""x"":0.0966268291343618,""y"":0.13869625520110956,""width"":46.28425115535929,""height"":57.69764216366158,""rotation"":0,""rectanglelabels"":[""A""],""original_width"":3132,""original_height"":2182},{""x"":51.59872675774919,""y"":4.440892098500627e-16,""width"":48.40127324225081,""height"":57.28155339805825,""rotation"":0,""rectanglelabels"":[""B""],""original_width"":3132,""original_height"":2182},{""x"":0,""y"":58.113730929264904,""width"":51.01896578294303,""height"":41.886269070735096,""rotation"":0,""rectanglelabels"":[""C""],""original_width"":3132,""original_height"":2182},{""x"":51.59872675774919,""y"":58.391123439667126,""width"":48.40127324225081,""height"":41.608876560332874,""rotation"":0,""rectanglelabels"":[""D""],""original_width"":3132,""original_height"":2182}]"
img2568,"Comparison between the compressive response of square lattices with pre-mode configuration along η = 0 obtained by experimental and FE analysis; stress–strain response of (a) SM1, (b) SM2; Von-Mises stress distribution for (c) SM1:0.2, (d) SM1:0.4, (e) SM2:0.125, and (f) SM2:0.250.","Fig. 13 presents a comprehensive analysis of the compressive response of square lattice structures (SM0) incorporating mode-based design modifications (M1 and M2), with particular focus on the influence of geometric amplitude ( ) on their mechanical performance. || The stress–strain curves for the SM1-modified structures ( Figs. 13a, 13c and 13e ) reveal that increasing the mode amplitude ( ) leads to a systematic reduction in both structural stiffness and buckling load. || Similarly, the SM2-modified structures ( Figs. 13b, 13d and 13e ) exhibit amplitude-dependent behavior, though with distinct post-buckling characteristics. || The von Mises stress distributions at peak load ( Figs. 13e and 13f ) confirm that both designs develop high stress concentrations along intersected nodes, consistent with global buckling. || As shown in Figs. 10, 11, 13 and 14 , the compressive failure modes and buckling sequences align with the embedded pre-mode shapes.",selected_images/img2568.jpg,"[{""x"":-4.440892098500628e-16,""y"":1.7208456881689926e-15,""width"":47.52658344891355,""height"":38.83495145631068,""rotation"":0,""rectanglelabels"":[""A""],""original_width"":3150,""original_height"":3084},{""x"":51.4645003632521,""y"":0.27739251040221913,""width"":48.5354996367479,""height"":38.696255201109565,""rotation"":0,""rectanglelabels"":[""B""],""original_width"":3150,""original_height"":3084},{""x"":0.13579023842546725,""y"":39.528432732316226,""width"":50.24238821742289,""height"":30.374479889042995,""rotation"":0,""rectanglelabels"":[""C""],""original_width"":3150,""original_height"":3084},{""x"":51.32871012482661,""y"":39.38973647711513,""width"":48.671289875173365,""height"":30.23578363384189,""rotation"":0,""rectanglelabels"":[""D""],""original_width"":3150,""original_height"":3084},{""x"":0.2715804768509345,""y"":70.31900138696255,""width"":49.97080774057195,""height"":29.680998613037445,""rotation"":0,""rectanglelabels"":[""E""],""original_width"":3150,""original_height"":3084},{""x"":51.4645003632521,""y"":70.31900138696255,""width"":48.5354996367479,""height"":29.680998613037445,""rotation"":0,""rectanglelabels"":[""F""],""original_width"":3150,""original_height"":3084}]"
img2569,"Comparison between the off-axis compressive response of square lattices with pre-mode configuration along η = 45 o obtained by experimental and FE analysis: stress- strain response of (a) SM1, and (b) SM2; Von-Mises stress distribution for (c) SM1:0.2, (d) SM1:0.4, (e) SM2:0.125, and (f) SM2:0.250.","The compressive behavior of 45°-rotated square lattice structures ( ) with modal design variations is examined in Fig. 14 , focusing on first mode (M1) and second mode (M2) modified configurations. || As shown in Figs. 10, 11, 13 and 14 , the compressive failure modes and buckling sequences align with the embedded pre-mode shapes. || However, the primary strength of the introduced physics-based FE model lies in its interpretability and its ability to provide detailed, high-fidelity insights into complex deformation mechanisms and localized stress distributions such as the buckling initiation and propagation patterns shown in Figs. 9-14 which are crucial for the fundamental understanding and design of these architected materials. || For structures with known primary loading directions (e.g., impact absorbers, orthopedic implants, or aerospace components), pre-mode designs can be strategically oriented to optimize performance along specific axes, as demonstrated in Figs. 9-14 where orientation angle significantly influences compressive behavior. || The embedded curvature disrupts long-range stress correlations, preventing simultaneous global buckling and promoting a controlled, sequential failure that enhances energy absorption ( Figs. 10, 13 and 14 ). • To transition from global to local buckling in stretching-dominated lattices: A45° rotation ( ) of a square lattice is highly effective.",selected_images/img2569.jpg,"[{""x"":-6.661338147750939e-16,""y"":2.886579864025407e-15,""width"":46.79004028795985,""height"":38.14147018030513,""rotation"":0,""rectanglelabels"":[""A""],""original_width"":3150,""original_height"":3144},{""x"":51.63516280298528,""y"":0,""width"":48.36483719701472,""height"":38.141470180305134,""rotation"":0,""rectanglelabels"":[""B""],""original_width"":3150,""original_height"":3144},{""x"":4.4408920985006247e-16,""y"":40.91539528432733,""width"":48.58965722211215,""height"":29.403606102635234,""rotation"":0,""rectanglelabels"":[""C""],""original_width"":3150,""original_height"":3144},{""x"":51.35829865926954,""y"":40.77669902912621,""width"":48.589657222112145,""height"":29.26490984743412,""rotation"":0,""rectanglelabels"":[""D""],""original_width"":3150,""original_height"":3144},{""x"":1.887379141862766e-15,""y"":70.87378640776699,""width"":49.558681725117225,""height"":29.126213592233015,""rotation"":0,""rectanglelabels"":[""E""],""original_width"":3150,""original_height"":3144},{""x"":51.35829865926954,""y"":70.87378640776699,""width"":48.64170134073046,""height"":29.126213592233015,""rotation"":0,""rectanglelabels"":[""F""],""original_width"":3150,""original_height"":3144}]"
img2572,Cross-sectional and longitudinal views of pultruded FRP and 3DP-FRP bars.,"This difference is primarily due to their distinct fiber volume fractions, with the 3DP-FRP bar and the pultruded bar having values of 32.6% and 70%, respectively. Fig. 3 compares the cross-sectional and longitudinal morphology of pultruded and 3DP-FRP bars. || The pultruded CFRP bars exhibit smooth surfaces, whereas the 3DP-FRP bars display distinct serrated surface textures ( Figs. 3b, 3d, and 3f ).",selected_images/img2572.jpg,"[{""x"":0.2782731215463532,""y"":0,""width"":54.40239526231204,""height"":39.389736477115115,""rotation"":0,""rectanglelabels"":[""A""],""original_width"":3150,""original_height"":3160},{""x"":55.51548774849746,""y"":0.13869625520110956,""width"":44.48451225150254,""height"":40.083217753120664,""rotation"":0,""rectanglelabels"":[""B""],""original_width"":3150,""original_height"":3160},{""x"":0.1391365607731766,""y"":40.221914008321775,""width"":54.40239526231205,""height"":40.221914008321775,""rotation"":0,""rectanglelabels"":[""C""],""original_width"":3150,""original_height"":3160},{""x"":55.2372146269511,""y"":40.77669902912621,""width"":44.7627853730489,""height"":39.66712898751734,""rotation"":0,""rectanglelabels"":[""D""],""original_width"":3150,""original_height"":3160},{""x"":8.881784197001251e-16,""y"":81.41470180305132,""width"":47.862976905972744,""height"":18.307905686546462,""rotation"":0,""rectanglelabels"":[""E""],""original_width"":3150,""original_height"":3160},{""x"":53.428439336899814,""y"":81.41470180305132,""width"":46.571560663100186,""height"":18.585298196948685,""rotation"":0,""rectanglelabels"":[""F""],""original_width"":3150,""original_height"":3160}]"
img2574,Different surface treatments of 3DP-FRP bars.,"The surface morphologies of 3DP-FRP bars bonded with coarse and fine quartz sand are shown in Fig. 5(a) and Fig. 5(b) . || The HW FRP bar featured a rib height (h) of 1 mm, rib width (w) of 1.5 mm, dent width of 4 mm, rib spacing of 5.5 mm, and a winding angle of 55°, as shown in Fig. 5(c) . || The HWCS 3DP-FRP bars combined a hybrid of coarse sandblasting and helical wrapping surface treatments, as shown in Fig. 5(d) .",selected_images/img2574.jpg,"[{""x"":0,""y"":2.0804438280166435,""width"":99.10020584332078,""height"":20.804438280166433,""rotation"":0,""rectanglelabels"":[""A""],""original_width"":2363,""original_height"":2190},{""x"":0,""y"":24.13314840499307,""width"":99.35728988808627,""height"":19.001386962552004,""rotation"":0,""rectanglelabels"":[""B""],""original_width"":2363,""original_height"":2190},{""x"":0.25708404476548496,""y"":45.49237170596395,""width"":99.74291595523451,""height"":29.95839112343967,""rotation"":0,""rectanglelabels"":[""C""],""original_width"":2363,""original_height"":2190},{""x"":0.3856260671482395,""y"":79.6116504854369,""width"":99.61437393285176,""height"":20.388349514563103,""rotation"":0,""rectanglelabels"":[""D""],""original_width"":2363,""original_height"":2190}]"
img258,"Component density and mechanical properties show no significant changes under the influence of artificial powder aging. There are recognizable differences in the mechanical properties between untreated and heat-treated samples; a) Relative density in relation to theoretical density, b) Yield strength, c) Elongation at break and d) Tensile strength. Further details on standard deviations are provided in Supplementary Information , Table SI5.","The preferential formation of these defects in the edge area can probably be attributed to the less frequent remelting of the material at the contours compared to the bulk volume. Fig. 15 a shows the component densities of the manufactured samples measured using helium pycnometry. || The graphs in Fig. 15 b to Fig. 15 d show the yield strength Rp, the elongation at break El and the tensile strength Rm.",selected_images/img258.jpg,"[{""x"":3.1086244689504387e-15,""y"":0.13869625520110956,""width"":46.883364509879684,""height"":46.3245492371706,""rotation"":0,""rectanglelabels"":[""A""],""original_width"":2994,""original_height"":2427},{""x"":49.1319671242624,""y"":-2.1094237467877974e-15,""width"":50.8680328757376,""height"":49.51456310679612,""rotation"":0,""rectanglelabels"":[""B""],""original_width"":2994,""original_height"":2427},{""x"":0.337290392157408,""y"":48.95977808599162,""width"":47.8952356863519,""height"":51.04022191400828,""rotation"":0,""rectanglelabels"":[""C""],""original_width"":2994,""original_height"":2427},{""x"":49.01953699354327,""y"":49.65325936199723,""width"":50.98046300645673,""height"":50.34674063800277,""rotation"":0,""rectanglelabels"":[""D""],""original_width"":2994,""original_height"":2427}]"
img2582,Average bond stress–slip curves of pull-out specimens.,"Notably, the surface degradation of 3DP-FRP bars in C80 concrete was more severe than that in C50 concrete (see Fig. 11f ). Fig. 13 presents the average bond stress-slip curves (abbreviated as bond-slip curves in this study) of 3DP-FRP bar and concrete interfaces. || Consequently, the corresponding data and curves are excluded from Table 7 and Fig. 13-14 . || The bond stress-slip curves for all specimen groups, as presented in Figs. 13(a)-13(d) , exhibit four stages [ 51,52 ]. || As shown in Fig. 13(d) , the bare 3DP-FRP bar in this study exhibits a typical descending trend due to the gradual wear of its surface serrations, which reduces friction over time ( Fig. 12(a) ). || In contrast, Fig. 13(d) demonstrates that the HWCS 3DP-FRP bar displays wave-shaped curves in the residual stage.",selected_images/img2582.jpg,"[{""x"":0.2646782263463183,""y"":0.4160887656033287,""width"":49.62716743993469,""height"":48.682385575589464,""rotation"":0,""rectanglelabels"":[""A""],""original_width"":2509,""original_height"":2394},{""x"":50.55354123214679,""y"":0.5547850208044383,""width"":49.36248921358837,""height"":49.65325936199723,""rotation"":0,""rectanglelabels"":[""B""],""original_width"":2509,""original_height"":2394},{""x"":0,""y"":49.79195561719833,""width"":50.15652389262733,""height"":50.20804438280167,""rotation"":0,""rectanglelabels"":[""C""],""original_width"":2509,""original_height"":2394},{""x"":50.68588034531996,""y"":50.624133148404994,""width"":49.31411965468004,""height"":49.375866851595006,""rotation"":0,""rectanglelabels"":[""D""],""original_width"":2509,""original_height"":2394}]"
img2586,Comparison between measured and MBPE-fitted bond-slip curves.,The mBPE model is fitted to the bond-slip curves observed in the tests as shown in Fig. 17 .,selected_images/img2586.jpg,"[{""x"":0.18736540276856067,""y"":0,""width"":33.16367629003524,""height"":24.410540915395284,""rotation"":0,""rectanglelabels"":[""A""],""original_width"":3206,""original_height"":4331},{""x"":33.53840709557236,""y"":1.6098233857064768e-15,""width"":32.976310887266685,""height"":23.855755894590846,""rotation"":0,""rectanglelabels"":[""B""],""original_width"":3206,""original_height"":4331},{""x"":66.51471798283904,""y"":0.13869625520110956,""width"":33.485282017160955,""height"":24.133148404993065,""rotation"":0,""rectanglelabels"":[""C""],""original_width"":3206,""original_height"":4331},{""x"":0,""y"":25.381414701803052,""width"":32.97631088726668,""height"":24.271844660194176,""rotation"":0,""rectanglelabels"":[""D""],""original_width"":3206,""original_height"":4331},{""x"":33.16367629003524,""y"":25.52011095700416,""width"":33.16367629003524,""height"":24.549237170596395,""rotation"":0,""rectanglelabels"":[""E""],""original_width"":3206,""original_height"":4331},{""x"":66.70208338560761,""y"":25.52011095700416,""width"":33.29791661439239,""height"":23.855755894590846,""rotation"":0,""rectanglelabels"":[""F""],""original_width"":3206,""original_height"":4331},{""x"":0,""y"":50.624133148404994,""width"":33.16367629003524,""height"":24.687933425797496,""rotation"":0,""rectanglelabels"":[""G""],""original_width"":3206,""original_height"":4331},{""x"":33.91313790110948,""y"":50.762829403606105,""width"":32.601580081729566,""height"":23.71705963938973,""rotation"":0,""rectanglelabels"":[""H""],""original_width"":3206,""original_height"":4331},{""x"":66.70208338560761,""y"":50.762829403606105,""width"":33.29791661439239,""height"":23.855755894590843,""rotation"":0,""rectanglelabels"":[""I""],""original_width"":3206,""original_height"":4331},{""x"":34.287868706646584,""y"":75.72815533980581,""width"":33.53840709557236,""height"":24.271844660194198,""rotation"":0,""rectanglelabels"":[""J""],""original_width"":3206,""original_height"":4331}]"
img2587,Comparisons of test results with predicted bond strength by existing models.,"Based on experimental data analysis, as shown in Fig. 18 , both the CSA S806-12 model [35] (AVG = 1.953, SD = 0.887) and Peng et al.'s model [ 66 ] (AVG = 1.740, SD = 0.824) overestimate the actual bond strength.",selected_images/img2587.jpg,"[{""x"":0.40546303157340907,""y"":0.4160887656033287,""width"":48.65556378880908,""height"":32.45492371705964,""rotation"":0,""rectanglelabels"":[""A""],""original_width"":2963,""original_height"":4331},{""x"":49.466489851955906,""y"":0.13869625520110956,""width"":50.533510148044094,""height"":32.87101248266297,""rotation"":0,""rectanglelabels"":[""B""],""original_width"":2963,""original_height"":4331},{""x"":0,""y"":33.564493758668505,""width"":50.27741591510272,""height"":33.4257975034674,""rotation"":0,""rectanglelabels"":[""C""],""original_width"":2963,""original_height"":4331},{""x"":50.48014743088943,""y"":33.56449375866851,""width"":49.51985256911055,""height"":33.4257975034674,""rotation"":0,""rectanglelabels"":[""D""],""original_width"":2963,""original_height"":4331},{""x"":0.40546303157340907,""y"":67.26768377253815,""width"":49.4664898519559,""height"":32.73231622746185,""rotation"":0,""rectanglelabels"":[""E""],""original_width"":2963,""original_height"":4331},{""x"":50.27741591510272,""y"":67.12898751733704,""width"":49.72258408489728,""height"":32.87101248266296,""rotation"":0,""rectanglelabels"":[""F""],""original_width"":2963,""original_height"":4331}]"
img2589,Cross section of the 3DP-FRP bars.,"For the untreated bars (i.e., P-D4) illustrated in Fig. 20(a) , the rough area ( A R ) is calculated by subtracting the inner smooth core area ( A 0 ) from the total cross-sectional area ( A l ), which represents the total projected area of all serrated surface features. || For treated surface bars, such as HW-D4, FS-D4, and CS-D4 in Fig. 20 (b–d), A R is determined by subtracting the bare core area of P-D4 (A 0 ) from the total cross-sectional area ( A l ).",selected_images/img2589.jpg,"[{""x"":0.15643468997621376,""y"":0.9195402298850577,""width"":22.21372597662236,""height"":99.08045977011494,""rotation"":0,""rectanglelabels"":[""A""],""original_width"":2363,""original_height"":804},{""x"":22.917682081515316,""y"":0.6896551724137931,""width"":25.577071811110955,""height"":99.3103448275862,""rotation"":0,""rectanglelabels"":[""B""],""original_width"":2363,""original_height"":804},{""x"":49.04227530754302,""y"":0.6896551724137931,""width"":23.778072876384485,""height"":99.3103448275862,""rotation"":0,""rectanglelabels"":[""C""],""original_width"":2363,""original_height"":804},{""x"":73.36786959884427,""y"":0.45977011494252884,""width"":26.632130401155734,""height"":99.54022988505747,""rotation"":0,""rectanglelabels"":[""D""],""original_width"":2363,""original_height"":804}]"
img2612,"A. IFAM B. Process overview, including (1) syringe positioned above the foam, (2) syringe penetrates the foam, (3) liquid is injected, while (4) the syringe is withdrawn from the foam, (5-same as 1) the needle is positioned above a new penetration point C. IFAM setup D. HCP pattern of resin with a foam E. Compression testing setup.","We refer to this process as In-Foam Additive Manufacturing or IFAM for short, Fig. 1 A & B . || In all cases, we ensured that the struts would extend from the top to the bottom surface of the foam. Fig. 1C shows an IFAM system with struts. || Each sample consisted of twenty-five struts in a 5 by 5 HCP arrangement ( Fig. 1D ). || The processing parameters, such as viscosity and flow rates were set to achieve continuous columns (see the optical image of a column which was extracted from the foam after the resin was cured, insert in Fig. 1D ). || The compression testing setup can be seen from Fig. 1E .",selected_images/img2612.jpg,"[{""x"":0.10145560612679133,""y"":0.13869625520110956,""width"":23.537700621415585,""height"":58.945908460471564,""rotation"":0,""rectanglelabels"":[""A""],""original_width"":2756,""original_height"":2016},{""x"":24.349345470429917,""y"":0.27739251040221913,""width"":75.65065452957009,""height"":58.94590846047156,""rotation"":0,""rectanglelabels"":[""B""],""original_width"":2756,""original_height"":2016},{""x"":0.10145560612679133,""y"":60.332871012482656,""width"":34.19053926472868,""height"":39.667128987517344,""rotation"":0,""rectanglelabels"":[""C""],""original_width"":2756,""original_height"":2016},{""x"":35.915284568884125,""y"":59.77808599167822,""width"":35.813828962757334,""height"":40.22191400832178,""rotation"":0,""rectanglelabels"":[""D""],""original_width"":2756,""original_height"":2016},{""x"":74.874237321572,""y"":60.05547850208044,""width"":25.125762678428003,""height"":39.94452149791956,""rotation"":0,""rectanglelabels"":[""E""],""original_width"":2756,""original_height"":2016}]"
img2614,"A. Schematic of a stress–strain plot of a typical foam, B. Comparison of behavior of foam with and without struts C. Energy absorption, D. Plateau stress, E. densification strain of foams with vertical reinforcing struts at different diameters all at column-to-column spacing of 10 mm F. Energy absorption, G. Plateau stress, H. densification strain of foams with vertical reinforcing struts at different diameters at column-to-column spacing of 10 mm and 20 mm. The horizontal green dashed lines in each column plot represent the normalized values relative to the neat foam.","The behavior of a typical foam, and a definition of relevant parameters, is provided in Fig. 3A . || The results are shown in Fig. 3B -H (also Table S2). || Representative stress–strain curves of foams with and without struts are shown in Fig. 3B . || Fig. 3 C-E compares energy absorption, plateau stress, and densification strain for foams with embedded struts relative to the neat foam (no struts) for various strut diameters, all with strut-to-strut spacing of 10 mm. || Marked improvements in plateau and densification stress were also observed, Fig. 3D . Fig. 3 F-H compare energy absorption, plateau stress, and densification strain in a base polyurethane foam and the foams with embedded elastomeric struts that are spaced 10 mm and 20 mm apart, with diameters 1.27 mm and 2.58 mm.",selected_images/img2614.jpg,"[{""x"":2.3531821016671475,""y"":0.13869625520110956,""width"":49.080655263343374,""height"":24.271844660194173,""rotation"":0,""rectanglelabels"":[""A""],""original_width"":3129,""original_height"":3792},{""x"":53.11468172334419,""y"":0.27739251040221913,""width"":46.88531827665581,""height"":24.271844660194176,""rotation"":0,""rectanglelabels"":[""B""],""original_width"":3129,""original_height"":3792},{""x"":0.5042533075001031,""y"":24.27184466019416,""width"":48.07214864834315,""height"":24.133148404993072,""rotation"":0,""rectanglelabels"":[""C""],""original_width"":3129,""original_height"":3792},{""x"":52.77851285167745,""y"":24.133148404993065,""width"":47.22148714832255,""height"":24.549237170596392,""rotation"":0,""rectanglelabels"":[""F""],""original_width"":3129,""original_height"":3792},{""x"":0,""y"":48.68238557558946,""width"":48.74448639167663,""height"":24.826629680998614,""rotation"":0,""rectanglelabels"":[""D""],""original_width"":3129,""original_height"":3792},{""x"":52.77851285167745,""y"":49.237170596393895,""width"":47.22148714832255,""height"":24.410540915395288,""rotation"":0,""rectanglelabels"":[""G""],""original_width"":3129,""original_height"":3792},{""x"":0.33616887166673537,""y"":74.20249653259361,""width"":49.9210774425102,""height"":25.797503467406386,""rotation"":0,""rectanglelabels"":[""E""],""original_width"":3129,""original_height"":3792},{""x"":51.097668493343775,""y"":74.06380027739252,""width"":48.902331506656225,""height"":25.936199722607483,""rotation"":0,""rectanglelabels"":[""H""],""original_width"":3129,""original_height"":3792}]"
img2627,(a) Axial and hoop strain–time histories measured from strain gauges attached to the posterior section of the composite ring specimens. (b) Force-time histories recorded by a high-fidelity force sensor attached to the impactor shaft. (c) DIC-resolved strain–time histories were evaluated using virtual line gauges spanning across the lap joint edge at three height locations. (d) High-speed image following initiation of lap joint failure.,"Fig. 10a displays the strain–time histories for the dynamically loaded composite rings, captured by biaxial strain gauges affixed diametrically opposite the lap joint. || The frictional losses in velocity can be defined as (8) where is the frictional coefficient between steel and rubber, is the impact force extracted from the Force-time histories in Fig. 10b , is the penetration depth of the impactor into the rubber puck, and is the mass of the weight carriage. || Following this toe, Fig. 10a apodictically captures the subsequent linear circumferential opening of the rings, which precedes and culminates in the catastrophic failure of the lap joint. || Remarkably, the hoop strain across the lap joint under a dynamic isotropic dilation loading scenario, shown in Fig. 10c , is comparable to the values reported above for the quasi-static case ( Fig. 8a ). || The strain–time histories in Fig. 10c were also extracted from the DIC analysis by defining virtual gauges across the joint edge superiorly, medially, and inferiorly, evidencing only a minor deviation between the sample and gauge locations.",selected_images/img2627.jpg,"[{""x"":3.437437980856622e-15,""y"":2.2579219534196977e-15,""width"":33.15089913995309,""height"":66.30042257170304,""rotation"":0,""rectanglelabels"":[""A""],""original_width"":3548,""original_height"":1364},{""x"":33.30727130570759,""y"":0.20337552936105235,""width"":32.99452697419859,""height"":65.89367151298096,""rotation"":0,""rectanglelabels"":[""B""],""original_width"":3548,""original_height"":1364},{""x"":66.8491008600469,""y"":0.20337552936105235,""width"":33.1508991399531,""height"":66.097047042342,""rotation"":0,""rectanglelabels"":[""C""],""original_width"":3548,""original_height"":1364},{""x"":0.07818608287724785,""y"":67.31730021850831,""width"":99.92181391712275,""height"":32.68269978149169,""rotation"":0,""rectanglelabels"":[""D""],""original_width"":3548,""original_height"":1364}]"
img2653,"SEM analysis (side view): (a) C-R, (b) K-R, (c) C-S-25–180, (d) C-S-40–180, (e) C-S-60–180, (f) K-S-25–180, (g) K-S-40–180, and (h) K-S-60–180.","For the CFRP, the unconditioned (reference) fracture surface ( Fig. 5 a ) shows the characteristic printed beads with small gaps (voids) between layers. || For example, side-view images of conditioned CFRP ( Fig. 5 c–e , Fig. 6 a–c ) show that many of the original inter-bead voids have closed up – the resin has flowed or expanded to bridge gaps between layers. || At moderate temperatures (25–40 °C), the CFRP becomes notably smoother and more uniform ( Fig. 5 c , Fig. 6 a–b ), with very few open cracks. || Even at 60 °C ( Fig. 5 e , Fig. 6 c ), the resin shows only a fine network of small pores or nodules due to absorbed moisture, but the layered structure remains intact. || In all these CFRP images, the carbon fibres remain embedded and unbroken (e.g. Fig. 5 c–e ), with no evidence of pulled-out ends.",selected_images/img2653.jpg,"[{""x"":0.2123342104192314,""y"":0.13869625520110956,""width"":49.26153681726168,""height"":23.855755894590846,""rotation"":0,""rectanglelabels"":[""A""],""original_width"":2829,""original_height"":4331},{""x"":50.53554207977706,""y"":0.13869625520110956,""width"":49.46445792022294,""height"":23.855755894590846,""rotation"":0,""rectanglelabels"":[""B""],""original_width"":2829,""original_height"":4331},{""x"":0.2123342104192314,""y"":25.65880721220527,""width"":99.78766578958077,""height"":23.994452149791957,""rotation"":0,""rectanglelabels"":[""C""],""original_width"":2829,""original_height"":4331},{""x"":0,""y"":50.624133148404994,""width"":100,""height"":23.855755894590843,""rotation"":0,""rectanglelabels"":[""D""],""original_width"":2829,""original_height"":4331},{""x"":0.2123342104192314,""y"":76.14424410540916,""width"":99.78766578958077,""height"":23.855755894590843,""rotation"":0,""rectanglelabels"":[""E""],""original_width"":2829,""original_height"":4331}]"
img2654,"SEM analysis (side view): (a) C-W-25–180, (b) C-W-40–180, (c) C-W-60–180, (d) K-W-25–180, (e) K-W-40–180, and (f) K-W-60–180.","For example, side-view images of conditioned CFRP ( Fig. 5 c–e , Fig. 6 a–c ) show that many of the original inter-bead voids have closed up – the resin has flowed or expanded to bridge gaps between layers. || At moderate temperatures (25–40 °C), the CFRP becomes notably smoother and more uniform ( Fig. 5 c , Fig. 6 a–b ), with very few open cracks. || Even at 60 °C ( Fig. 5 e , Fig. 6 c ), the resin shows only a fine network of small pores or nodules due to absorbed moisture, but the layered structure remains intact. || Similarly, Fig. 6 a–b (CFRP, freshwater 25–40 °C) exhibit very few residual voids. || As conditioning temperature increases, more resin redistribution occurs: in Fig. 5 e (CFRP, seawater 60 °C) and Fig. 6 c (CFRP, freshwater 60 °C), the matrix shows many small nodules from moisture uptake, but the beads appear more homogeneous and the original print-line steps are largely erased.",selected_images/img2654.jpg,"[{""x"":0.15841568469336506,""y"":0.13869625520110956,""width"":49.4256936243299,""height"":32.03883495145631,""rotation"":0,""rectanglelabels"":[""A""],""original_width"":3151,""original_height"":3599},{""x"":50.69301910187682,""y"":0.13869625520110956,""width"":49.30698089812318,""height"":32.17753120665742,""rotation"":0,""rectanglelabels"":[""B""],""original_width"":3151,""original_height"":3599},{""x"":0.15841568469336506,""y"":33.70319001386963,""width"":49.4256936243299,""height"":32.593619972260754,""rotation"":0,""rectanglelabels"":[""C""],""original_width"":3151,""original_height"":3599},{""x"":50.85143478657018,""y"":34.11927877947296,""width"":49.14856521342982,""height"":31.622746185852982,""rotation"":0,""rectanglelabels"":[""D""],""original_width"":3151,""original_height"":3599},{""x"":0.15841568469336506,""y"":67.96116504854369,""width"":49.10886225494317,""height"":32.03883495145631,""rotation"":0,""rectanglelabels"":[""E""],""original_width"":3151,""original_height"":3599},{""x"":51.009850471263555,""y"":68.37725381414702,""width"":48.990149528736445,""height"":31.622746185852975,""rotation"":0,""rectanglelabels"":[""F""],""original_width"":3151,""original_height"":3599}]"
img2656,"ILSS retention versus conditioning duration: (a) CFRP in Freshwater, (b) CFRP in seawater, (c) AFRP in Freshwater, and (d) AFRP in seawater.","Fig. 8 and Tables 4-5 summarise the short‐beam shear test results for CFRP and AFRP specimens after conditioning in water and seawater (25, 40, 60 °C; 30, 90, 180 days). || Accordingly, the pronounced ILSS changes observed after 30 days ( Fig. 8 ) are consistent with early-stage plasticisation/swelling and residual-stress relaxation.",selected_images/img2656.jpg,"[{""x"":-9.992007221626409e-16,""y"":2.9976021664879227e-15,""width"":47.976164096936536,""height"":48.40499306518725,""rotation"":0,""rectanglelabels"":[""A""],""original_width"":3549,""original_height"":2228},{""x"":50.327083208764634,""y"":0.1386962552011096,""width"":49.672916791235366,""height"":48.821081830790575,""rotation"":0,""rectanglelabels"":[""B""],""original_width"":3549,""original_height"":2228},{""x"":0,""y"":50.346740638002785,""width"":49.19515919195852,""height"":49.653259361997215,""rotation"":0,""rectanglelabels"":[""C""],""original_width"":3549,""original_height"":2228},{""x"":50.06586997411707,""y"":50.06934812760056,""width"":49.93413002588293,""height"":49.93065187239944,""rotation"":0,""rectanglelabels"":[""D""],""original_width"":3549,""original_height"":2228}]"
img2666,"After 500 h of corrosion, the depth-resolved XPS spectra of (a) Al, (b) Cr, (c) Fe, (d) Ni, (e) O, and (f) atomic fractions in Al 17.825 Cr 17 FeNi (g) atomic fractions of metallic Al, Cr, and Fe in the oxide layer of Al 17.825 Cr 17 FeNi (oxide fraction = 100% – metallic fraction).","A detailed analysis was subsequently conducted to examine the elemental distribution and oxidation states within the oxide layer formed after corrosion. Fig. 7 (a–e) presented the XPS depth profiles of Al, Cr, Fe, Ni, and O in the oxide layer of the Al 17.825 Cr 17 FeNi alloy. || The atomic fraction trends of the major elements at different etching times are shown in Fig. 7 (f). || The exact thickness of the oxide layer required further confirmation by TEM analysis. Fig. 7 (g) showed that with increasing etching time, Al remained entirely in the oxidized state, while the metallic fractions of Cr and Fe gradually increased. || In combination with the overall elemental distribution in Fig. 7 (e), it could be inferred that the amount of Al 2 O 3 increased with etching depth. || In contrast, the concentrations of Cr and Fe decreased progressively, confirming the reduction of their oxides, which was consistent with the results in Fig. 7 (g).",selected_images/img2666.jpg,"[{""x"":9.827953647540907e-16,""y"":0,""width"":26.39862542955327,""height"":47.6923076923077,""rotation"":0,""rectanglelabels"":[""A""],""original_width"":3492,""original_height"":1794},{""x"":26.79381443298969,""y"":0,""width"":23.158075601374573,""height"":47.6923076923077,""rotation"":0,""rectanglelabels"":[""B""],""original_width"":3492,""original_height"":1794},{""x"":50.426116838487985,""y"":0.6153846153846154,""width"":22.525773195876294,""height"":46.46153846153845,""rotation"":0,""rectanglelabels"":[""C""],""original_width"":3492,""original_height"":1794},{""x"":73.18900343642612,""y"":2.1862853408003084e-15,""width"":26.319587628865975,""height"":47.23076923076924,""rotation"":0,""rectanglelabels"":[""D""],""original_width"":3492,""original_height"":1794},{""x"":0,""y"":50.153846153846146,""width"":27.66323024054983,""height"":49.3846153846154,""rotation"":0,""rectanglelabels"":[""E""],""original_width"":3492,""original_height"":1794},{""x"":29.63917525773196,""y"":50,""width"":33.82817869415808,""height"":49.69230769230769,""rotation"":0,""rectanglelabels"":[""F""],""original_width"":3492,""original_height"":1794},{""x"":64.57388316151203,""y"":49.07692307692308,""width"":35.42611683848797,""height"":50.92307692307692,""rotation"":0,""rectanglelabels"":[""G""],""original_width"":3492,""original_height"":1794}]"
img2669,"Corrosion resistance index of the AlCrFeNi alloy system: (a) fixed Al content within the group, (b) fixed Cr content within the group, (c) distribution map of the composition–formability–corrosion resistance ternary coupling relationship in the AlCrFeNi alloy system, and (d) comparison of oxide layer thickness among different corrosion-resistant materials.","Overall, alloys with low Al and Cr contents exhibited poor corrosion resistance and failed to form protective oxide layers [45,46] . Fig. 10 (a) presented the CRI at fixed Cr contents. || The protective role of Cr depended on the presence of Al, and increasing Cr without sufficient Al had only a limited effect. Fig. 10 (b) presented the CRI at fixed Cr contents, from which it was evident that, within each set of alloys with a given Cr content, increasing the Al concentration significantly enhanced the corrosion resistance. || Fig. 10 (c) further elucidated the coupled relationship among composition, formability, and corrosion resistance in the AlCrFeNi alloy system. || Different regions in Fig. 10 (b) highlighted the correlation between porosity and CRI at varying Al/Ni atomic ratios. || In contrast, as the Al/Ni ratio further increased beyond 0.5, although some alloys still maintained relatively high CRI values, the porosity raised significantly, and certain samples exhibited surface defect regions (marked as ""defects"" in the Fig. 10 (c)).",selected_images/img2669.jpg,"[{""x"":0.11191846201705116,""y"":1.248266296809986,""width"":49.24412328750251,""height"":47.850208044382796,""rotation"":0,""rectanglelabels"":[""A""],""original_width"":3491,""original_height"":2817},{""x"":50.47522636969008,""y"":1.1095700416088765,""width"":49.52477363030992,""height"":46.60194174757281,""rotation"":0,""rectanglelabels"":[""B""],""original_width"":3491,""original_height"":2817},{""x"":0.11191846201705116,""y"":50.485436893203875,""width"":50.81098175574123,""height"":49.514563106796125,""rotation"":0,""rectanglelabels"":[""C""],""original_width"":3491,""original_height"":2817},{""x"":51.14673714179238,""y"":49.93065187239944,""width"":48.85326285820762,""height"":50.06934812760056,""rotation"":0,""rectanglelabels"":[""D""],""original_width"":3491,""original_height"":2817}]"
img2675,"Corrosion mechanism of (a) FCC phase-induced formation of dendritic oxides, (b) Inhibition of Ni dissolution by the second phase, (c) Continuous distribution of BCC phases induce the onset of external oxidation, (d) Two main corrosion mechanisms of AlCrFeNi alloys, (e)(f) Schematic diagram of the transformation mechanism of internal and external oxidation.","Based on the TEM analysis of the corrosion morphology described above, Fig. 16 (a) illustrated the schematic evolution of corrosion behaviour on FCC-structured surfaces. || The synergistic effect of preferential dissolution at phase boundaries and limited elemental migration resulted in the second-phase particles being retained as ""decorative residues"" ( Fig. 16 (b)), revealing their unique corrosion evolution mechanism. || As shown in Fig. 16 (c), within the single-phase BCC structure, due to the relatively high Al and Cr content in this region, the corrosion mechanism was mainly governed by the diffusion behaviours of Al and Cr. || A schematic summary of these oxidation modes is shown in Fig. 16 (d). || The schematic diagrams illustrating the transition mechanisms between internal and external oxidation are shown in Fig. 16 (e) and (f).",selected_images/img2675.jpg,"[{""x"":0.2964915366695348,""y"":0.27739251040221913,""width"":52.77549352717719,""height"":33.56449375866851,""rotation"":0,""rectanglelabels"":[""A""],""original_width"":3493,""original_height"":2489},{""x"":0.09883051222317828,""y"":34.39667128987517,""width"":52.87432403940036,""height"":32.03883495145631,""rotation"":0,""rectanglelabels"":[""B""],""original_width"":3493,""original_height"":2489},{""x"":0,""y"":66.85159500693482,""width"":53.26964608829309,""height"":32.87101248266296,""rotation"":0,""rectanglelabels"":[""C""],""original_width"":3493,""original_height"":2489},{""x"":55.34508684497983,""y"":0.4160887656033287,""width"":44.17723896376067,""height"":30.929264909847436,""rotation"":0,""rectanglelabels"":[""D""],""original_width"":3493,""original_height"":2489},{""x"":55.24625633275665,""y"":31.900138696255205,""width"":44.5725610126534,""height"":37.72538141470181,""rotation"":0,""rectanglelabels"":[""E""],""original_width"":3493,""original_height"":2489},{""x"":55.04859530831029,""y"":69.90291262135922,""width"":44.95140469168971,""height"":30.09708737864078,""rotation"":0,""rectanglelabels"":[""F""],""original_width"":3493,""original_height"":2489}]"
img2679,"Inverse Pole Figure (IPF) maps, Kernel Average Misorientation (KAM) and Coincident Site Lattice (CSL) maps, and Backscattered Electron (BSE) images obtained for the following materials: (a-c) W625, (d-f) ANN W625, (g-i) ANN W625_S.","The microstructure of the W625 in the as-received state revealed randomly textured fine equiaxed grains, Fig. 3 a. || Precipitates decorate grain boundaries and triple junctions, as shown in Fig. 3 c. || The Kernel Average Misorientation (KAM) map, presented in Fig. 3 b, indicates that 99.7 % of the microstructure exhibits low-angle misorientations in the range of 0–1 % and the measured GND density is 0.561 × 10 14 m −2 . || After annealing, the microstructure of the W625 contains moderately textured grains with an index J of 3.29 and have an average size of 63 µm ranging from 9 µm to 165 µm, Fig. 3 d. || Most of the grain boundary particles have been removed, but occasionally some MC (Nb, Ti) and MC 6 (Ni, Cr and Mo) carbides can be seen, Fig. 3 f.",selected_images/img2679.jpg,"[{""x"":0.27728846219876746,""y"":0.5547850208044383,""width"":32.99732700165333,""height"":32.31622746185853,""rotation"":0,""rectanglelabels"":[""A""],""original_width"":2666,""original_height"":2665},{""x"":33.690548157150246,""y"":0.27739251040221913,""width"":33.13597123275271,""height"":32.31622746185853,""rotation"":0,""rectanglelabels"":[""B""],""original_width"":2666,""original_height"":2665},{""x"":67.38109631430046,""y"":0.27739251040221913,""width"":32.442750077255816,""height"":32.45492371705963,""rotation"":0,""rectanglelabels"":[""C""],""original_width"":2666,""original_height"":2665},{""x"":0.27728846219876746,""y"":33.56449375866852,""width"":32.72003853945456,""height"":32.593619972260754,""rotation"":0,""rectanglelabels"":[""D""],""original_width"":2666,""original_height"":2665},{""x"":33.690548157150246,""y"":33.42579750346741,""width"":32.99732700165333,""height"":32.45492371705964,""rotation"":0,""rectanglelabels"":[""E""],""original_width"":2666,""original_height"":2665},{""x"":67.10380785210172,""y"":33.70319001386963,""width"":32.72003853945456,""height"":32.45492371705964,""rotation"":0,""rectanglelabels"":[""F""],""original_width"":2666,""original_height"":2665},{""x"":0.13864423109938373,""y"":66.99029126213593,""width"":32.72003853945456,""height"":32.59361997226074,""rotation"":0,""rectanglelabels"":[""G""],""original_width"":2666,""original_height"":2665},{""x"":33.82919238824963,""y"":67.12898751733704,""width"":32.85868277055395,""height"":32.87101248266296,""rotation"":0,""rectanglelabels"":[""H""],""original_width"":2666,""original_height"":2665},{""x"":67.38109631430049,""y"":66.85159500693482,""width"":32.61890368569951,""height"":33.148404993065185,""rotation"":0,""rectanglelabels"":[""I""],""original_width"":2666,""original_height"":2665}]"
img2681,"IPF maps, KAM and CSL maps, and BSE obtained for the following materials: (a-c) LPBF 625 V radial cross-section, (d-f) LPBF 625 V axial cross-section.","The LPBF 625 V microstructure perpendicular to the build direction (radial cross-section) has a weak texture with an index J of 2.08 and contains equiaxed grains with an average size of 38 µm ranging from 6 to 106 µm ( Fig. 5 a). || The section parallel to the build direction (axial cross-section) contains long columnar grains with a moderate {100} texture with an index J of 5.72, and contains an average length and width of 163 µm and 34 µm respectively ( Fig. 5 d). || Dislocation cell structures are present and are approximately 1.0 ± 0.2 µm in diameter ( Figs. 5 c and 5 f). || The KAM maps, presented in Figs. 5 b and 5 e, indicates 22 % and 18 % of the radial and axial cross-section exhibits a low-angle misorientation in the range of 1–3° and GND density is 2.25 × 10 14 m −2 and 2.06 × 10 14 m −2 , respectively. || Nano-sized inclusions, shown as black dots, are visible ( Fig. 5 f1) and are likely to be oxides, as one relatively larger dot displays an oxygen reading ( Fig. 6 .2k).",selected_images/img2681.jpg,"[{""x"":0.2747372893003961,""y"":0.13869625520110956,""width"":32.87689561961407,""height"":49.79195561719833,""rotation"":0,""rectanglelabels"":[""A""],""original_width"":2664,""original_height"":1759},{""x"":33.60952839108179,""y"":0.6934812760055479,""width"":32.78531652318059,""height"":49.375866851595006,""rotation"":0,""rectanglelabels"":[""B""],""original_width"":2664,""original_height"":1759},{""x"":67.4022149750305,""y"":0.5547850208044383,""width"":32.5977850249695,""height"":48.68238557558946,""rotation"":0,""rectanglelabels"":[""C""],""original_width"":2664,""original_height"":1759},{""x"":0.18315819286693075,""y"":50.48543689320388,""width"":32.5105792338802,""height"":49.51456310679612,""rotation"":0,""rectanglelabels"":[""D""],""original_width"":2664,""original_height"":1759},{""x"":33.60952839108179,""y"":50.762829403606105,""width"":32.69373742674714,""height"":49.237170596393895,""rotation"":0,""rectanglelabels"":[""E""],""original_width"":2664,""original_height"":1759},{""x"":67.4022149750305,""y"":50.762829403606105,""width"":32.5977850249695,""height"":49.237170596393895,""rotation"":0,""rectanglelabels"":[""F""],""original_width"":2664,""original_height"":1759}]"
img2690,"Schematic diagrams of crack initiation for the four NA625 conditions, (a) W625: illustrates fracture initiating at carbides, (b) ANN W625: Illustrates fracture occurring at dislocation slip bands, (c) ANN W625_S: illustrates fracture occurring primarily at grain boundaries, (d) LPBF 625 V: Illustrates fracture occurring at laves phase, grain boundaries and slip bands.","A schematic representation is provided in in Fig. 14 to explain the crack initiation modes in all four materials. || Despite this, crack initiation is likely to occur from grain boundary precipitates [18] and propagation will occur, aided by the hydrogen present at the grain boundary; consistent with a HEDE type failure, illustrated in Fig. 14 a. || Hydrogen will begin to diffuse to dislocation slip bands [79] , produced during plastic deformation, and the HELP mechanism will promote crack initiation at slip planes at a lower stress than what is required to cause crack initiation at the grain boundary, Illustrated in Fig. 14 b. || It is postulated that once a crack leaves a HAGB, it would propagate through slip bands on the {111} plane, as demonstrated in NA718 [66] and illustrated in Fig. 14 c. || The LPBF 625 V condition displays cracks which propagate intergranular along HAGBs as well as displaying transgranular fracture axially and radially, either via cellular/columnar substructures ( Fig. 13 a1-b1 and 13 f-h) or slip plane {111} ( Fig. 13 c-e), illustrated in Fig. 14 d.",selected_images/img2690.jpg,"[{""x"":0.8510486090597208,""y"":0,""width"":83.2325539660407,""height"":25.797503467406376,""rotation"":0,""rectanglelabels"":[""A""],""original_width"":2249,""original_height"":2760},{""x"":0.8510486090597208,""y"":25.797503467406376,""width"":83.2325539660407,""height"":23.994452149791957,""rotation"":0,""rectanglelabels"":[""B""],""original_width"":2249,""original_height"":2760},{""x"":0.6808388872477765,""y"":50.20804438280165,""width"":83.91339285328847,""height"":25.104022191400837,""rotation"":0,""rectanglelabels"":[""C""],""original_width"":2249,""original_height"":2760},{""x"":0.5106291654358325,""y"":75.5894590846047,""width"":84.59423174053624,""height"":24.410540915395302,""rotation"":0,""rectanglelabels"":[""D""],""original_width"":2249,""original_height"":2760},{""x"":85.78569979321985,""y"":3.4674063800277386,""width"":14.214300206780152,""height"":51.31761442441053,""rotation"":0,""rectanglelabels"":[""COMMON_ALL""],""original_width"":2249,""original_height"":2760}]"
img2692,"SEM BSE images of as-received AM (a-d) and CM (e,f) alloy IN625. AM alloy was sectioned transversally (AM-Z in fig. a,b indicated by circles) and longitudinally (AM-X in fig. c,d indicated by arrows) with respect to the build direction.","SEM BSE images in Fig. 1 demonstrate the microstructure of as-printed AM (a,b – transversal cut, c,d – longitudinal cut) and CM (e,f) alloy IN625. || The melt pools contain submicron dendritic cells ( Fig. 1 b,d ). || The characteristic melt pools ( Fig. 1 a,c) in the AM microstructure of the alloy contain sub-micron dendritic cells ( Fig. 1 b,d ) which provide the material with a dense network of additional GBs. Fig. 10 demonstrates the difference between CM ad AM in this regard, i.e., the density of lattice misorientations is clearly higher in the AM specimens compared to the CM one.",selected_images/img2692.jpg,"[{""x"":0.2934208685517128,""y"":0.27739251040221913,""width"":49.29470591668774,""height"":32.31622746185853,""rotation"":0,""rectanglelabels"":[""A""],""original_width"":2994,""original_height"":3167},{""x"":50.32167895661873,""y"":0.27739251040221913,""width"":49.29470591668774,""height"":32.17753120665742,""rotation"":0,""rectanglelabels"":[""B""],""original_width"":2994,""original_height"":3167},{""x"":0,""y"":33.42579750346741,""width"":49.58812678523945,""height"":32.45492371705964,""rotation"":0,""rectanglelabels"":[""C""],""original_width"":2994,""original_height"":3167},{""x"":50.4683893908946,""y"":33.56449375866852,""width"":49.44141635096359,""height"":32.593619972260754,""rotation"":0,""rectanglelabels"":[""D""],""original_width"":2994,""original_height"":3167},{""x"":0.1467104342758564,""y"":66.85159500693482,""width"":49.58812678523946,""height"":33.148404993065185,""rotation"":0,""rectanglelabels"":[""E""],""original_width"":2994,""original_height"":3167},{""x"":50.76181025944631,""y"":66.99029126213593,""width"":49.23818974055369,""height"":33.009708737864074,""rotation"":0,""rectanglelabels"":[""F""],""original_width"":2994,""original_height"":3167}]"
img2696,"SEM BSE images of oxide scales grown on CM (a,d) and AM-X (b,e) and AM-Z (c,f) alloy IN625 specimens after air exposure for 24 h (a,b,c) and 1000 h (d,e,f) at 900 °C.","At 1000 °C, both AM and CM are prone to weight loss due to oxide spallation after 300 h in air while in Ar-4 %H 2 -2 %H 2 O the oxygen uptake is continuous, i.e., no oxide spallation occurs even after 1000 h of discontinuous exposures at 1000 °C. Fig. 5 illustrates BSE images of cross-sectioned CM and AM alloy IN625 specimens exposed in air for 24 h (a, b, c) and 1000 h (d, e, f) at 900 °C. || The Cr 2 O 3 scales grown in Ar-4 %H 2 -2 %H 2 O are much smoother and slightly thicker compared to those grown in air (compare results for 900 °C with Fig. 5 ). || The phase transformations at 900 °C ( Fig. 11 a-c ) are identical to those observed in the air exposed specimens ( Fig. 5 d-f ), i.e., dissolution and re-precipitation of the δ-phase. || The measured values are in very good agreement with the previous measurements for the studied alloy batch [38] and literature data in general (see e.g. Fig. 5 in [22] ). || The present study is not an exception, i.e., voids formed in the exposed AM specimens ( Fig. 5 and Fig. 11 ): the spherical Kirkendall cavities within the alloy grains as well as strings of intergranular voids along the GBs.",selected_images/img2696.jpg,"[{""x"":0.23696682464454977,""y"":0.14521493306726532,""width"":32.78041074249605,""height"":50.38958177434106,""rotation"":0,""rectanglelabels"":[""A""],""original_width"":3493,""original_height"":1900},{""x"":33.57030015797788,""y"":0.5808597322690613,""width"":32.859399684044234,""height"":50.38958177434106,""rotation"":0,""rectanglelabels"":[""B""],""original_width"":3493,""original_height"":1900},{""x"":67.06161137440758,""y"":0.29042986613453065,""width"":32.622432859399694,""height"":50.82522657354285,""rotation"":0,""rectanglelabels"":[""C""],""original_width"":3493,""original_height"":1900},{""x"":0.23696682464454977,""y"":52.7130207034173,""width"":32.78041074249605,""height"":46.75920844765943,""rotation"":0,""rectanglelabels"":[""D""],""original_width"":3493,""original_height"":1900},{""x"":33.57030015797788,""y"":52.7130207034173,""width"":32.859399684044234,""height"":47.2869792965827,""rotation"":0,""rectanglelabels"":[""E""],""original_width"":3493,""original_height"":1900},{""x"":67.06161137440758,""y"":52.7130207034173,""width"":32.938388625592424,""height"":47.04963831379396,""rotation"":0,""rectanglelabels"":[""F""],""original_width"":3493,""original_height"":1900}]"
img2700,"EBSD maps of oxide scales grown on CM (a,d) and AM-X (b,e) and AM-Z (c,f) alloy IN625 specimens after air exposure for 24 h (a,b,c) and 1000 h (d,e,f) at 900 °C.",EBSD maps in Fig. 9 reveal a characteristic distribution of grain size in the Cr 2 O 3 scales thermally grown on alloy IN625. || This increased Cr-interface concentration might be the reason of a more abundant precipitation of δ-Ni 3 Nb at the oxide-metal interface in AM compared to CM ( Fig. 9 ) as Cr is known to stabilize δ-Ni 3 Nb in IN625 [38] .,selected_images/img2700.jpg,"[{""x"":0.31595676781510085,""y"":0.36900369003690037,""width"":32.70152546886293,""height"":33.210332103321036,""rotation"":0,""rectanglelabels"":[""A""],""original_width"":3492,""original_height"":1495},{""x"":33.80737415621579,""y"":0.18450184501845018,""width"":32.70152546886293,""height"":33.21033210332103,""rotation"":0,""rectanglelabels"":[""B""],""original_width"":3492,""original_height"":1495},{""x"":67.14081316070892,""y"":0.18450184501845018,""width"":32.78051466081672,""height"":32.65682656826568,""rotation"":0,""rectanglelabels"":[""C""],""original_width"":3492,""original_height"":1495},{""x"":0.23696757586132564,""y"":35.97785977859779,""width"":32.780514660816706,""height"":40.959409594095945,""rotation"":0,""rectanglelabels"":[""D""],""original_width"":3492,""original_height"":1495},{""x"":33.88636334816956,""y"":35.42435424354243,""width"":32.622536276909166,""height"":41.69741697416975,""rotation"":0,""rectanglelabels"":[""E""],""original_width"":3492,""original_height"":1495},{""x"":67.37778073657024,""y"":35.97785977859777,""width"":32.62221926342973,""height"":41.51291512915129,""rotation"":0,""rectanglelabels"":[""F""],""original_width"":3492,""original_height"":1495},{""x"":2.6856325264283516,""y"":84.31734317343174,""width"":92.81230054568589,""height"":15.682656826568236,""rotation"":0,""rectanglelabels"":[""COMMON_ALL""],""original_width"":3492,""original_height"":1495}]"
img2702,"SEM BSE images of oxide scales grown on CM (a,d) and AM-X (b,e) and AM-Z (c,f) alloy IN625 specimens after 1000 h exposure in Ar-4 %H 2 -2 %H 2 O at 900 °C (a,b,c) and 1000 °C (d,e,f). Note the difference in scale bars.","Fig. 11 shows SEM BSE images of cross-sectioned CM and AM alloy IN625 specimens exposed in Ar-4 %H 2 -2 %H 2 O for 1000 h at 900 °C (a, b, c) and 1000 °C (d, e, f). || The phase transformations at 900 °C ( Fig. 11 a-c ) are identical to those observed in the air exposed specimens ( Fig. 5 d-f ), i.e., dissolution and re-precipitation of the δ-phase. || As the δ-phase is not pinning the alloy GBs at 1000 °C, the alloy grains coarsen substantially (from 5 to 50 µm over 1000 h at 1000 °C) in the CM specimen but not in AM ( Fig. 11 e,f ). || The present study is not an exception, i.e., voids formed in the exposed AM specimens ( Fig. 5 and Fig. 11 ): the spherical Kirkendall cavities within the alloy grains as well as strings of intergranular voids along the GBs. || However, the alloy grains in AM do not grow as they do in CM at 1000 °C (compare fig. d with figs. e and f in Fig. 11 ) even though δ-Ni 3 Nb phase is completely dissolved in both CM and AM.",selected_images/img2702.jpg,"[{""x"":0.39766475689639635,""y"":0.5547850208044383,""width"":32.84710891964234,""height"":47.8502080443828,""rotation"":0,""rectanglelabels"":[""A""],""original_width"":3493,""original_height"":2003},{""x"":33.80150433619369,""y"":0.6934812760055479,""width"":32.76757596826306,""height"":48.12760055478502,""rotation"":0,""rectanglelabels"":[""B""],""original_width"":3493,""original_height"":2003},{""x"":66.88721210997386,""y"":0.6934812760055479,""width"":32.84710891964234,""height"":48.543689320388346,""rotation"":0,""rectanglelabels"":[""C""],""original_width"":3493,""original_height"":2003},{""x"":0.31813180551711706,""y"":50.762829403606105,""width"":32.76757596826306,""height"":48.40499306518724,""rotation"":0,""rectanglelabels"":[""D""],""original_width"":3493,""original_height"":2003},{""x"":33.56290548205585,""y"":50.90152565880721,""width"":32.68804301688379,""height"":48.26629680998614,""rotation"":0,""rectanglelabels"":[""E""],""original_width"":3493,""original_height"":2003},{""x"":66.88721210997386,""y"":50.762829403606105,""width"":33.11278789002614,""height"":49.098474341192784,""rotation"":0,""rectanglelabels"":[""F""],""original_width"":3493,""original_height"":2003}]"
img2708,"Microstructural characterization of the traditionally wrought C276 alloy. (a) EBSD contrast image; (b) EBSD grain orientation map; (c) EBSD misorientation-to-mean map; (d-h) EDS elemental maps; and (i) EDS line scan. The color keys in (b) and (c) represent crystallographic orientations and misorientation-to-mean values, respectively, while the legend in (d) indicates elemental concentration levels. The arrows in (c) highlight regions of elevated misorientation, and the dashed lines in (i) denote representative grain-boundary positions.","To enable a direct comparison of molten salt corrosion behavior, the microstructure of both conventionally wrought and WAAM-fabricated C276 alloys was characterized prior to testing. Fig. 1 presents the EBSD and EDS results of the wrought alloy. || The EBSD contrast and grain orientation maps ( Figs. 1 a, 1 b) show a uniform equiaxed grain structure with characteristic annealing twins. || The misorientation-to-mean map ( Fig. 1 c) quantifies the angular deviation of each point from the average grain orientation. || EDS elemental maps for Ni, Mo, Cr, Fe, and W ( Figs. 1 d- 1 h) reveal a homogeneous distribution across grain interiors and boundaries. || This uniformaity is further confirmed by EDS line scan ( Fig. 1 i), which show no measurable segregation of the major alloying elements at grain boundaries.",selected_images/img2708.jpg,"[{""x"":0.41811497844069817,""y"":0.4160887656033287,""width"":33.17045495629539,""height"":31.76144244105409,""rotation"":0,""rectanglelabels"":[""A""],""original_width"":3491,""original_height"":3508},{""x"":34.14605657265702,""y"":0.27739251040221913,""width"":32.055481680453525,""height"":32.454923717059636,""rotation"":0,""rectanglelabels"":[""B""],""original_width"":3491,""original_height"":3508},{""x"":66.89839655051169,""y"":0.4160887656033287,""width"":32.19485333993377,""height"":32.31622746185853,""rotation"":0,""rectanglelabels"":[""C""],""original_width"":3491,""original_height"":3508},{""x"":0.5574866379209309,""y"":33.42579750346741,""width"":32.33422499941399,""height"":32.17753120665742,""rotation"":0,""rectanglelabels"":[""D""],""original_width"":3491,""original_height"":3508},{""x"":33.867313253696544,""y"":33.14840499306519,""width"":32.334224999414,""height"":32.87101248266297,""rotation"":0,""rectanglelabels"":[""E""],""original_width"":3491,""original_height"":3508},{""x"":67.10828836266509,""y"":33.14840499306518,""width"":32.19485333993372,""height"":32.316227461858524,""rotation"":0,""rectanglelabels"":[""F""],""original_width"":3491,""original_height"":3508},{""x"":0.6968582974011636,""y"":66.43550624133148,""width"":32.33422499941398,""height"":32.31622746185853,""rotation"":0,""rectanglelabels"":[""G""],""original_width"":3491,""original_height"":3508},{""x"":33.867313253696544,""y"":66.85159500693482,""width"":32.61296831837445,""height"":31.900138696255198,""rotation"":0,""rectanglelabels"":[""H""],""original_width"":3491,""original_height"":3508},{""x"":67.03776820999194,""y"":66.57420249653259,""width"":32.96223179000806,""height"":33.42579750346741,""rotation"":0,""rectanglelabels"":[""I""],""original_width"":3491,""original_height"":3508}]"
img2709,"Microstructural characterization of the WAAM-fabricated C276 alloy. (a) Photograph of the WAAM-fabricated component; (b) optical micrograph (OM); (c) EBSD grain orientation map; (d) EBSD misorientation-to-mean map. X, Y and Z in (b) denote the travel, longitudinal and deposition directions, respectively. The solid arrows in (c, f and i) show < 001 > orientations of grains. The color key in (c) indicates crystallographic orientations for all EBSD orientation maps, while the legend in (d) represents misorientation-to-mean values associated with all corresponding misorientation‑to‑mean maps.","Fig. 2 presents the initial microstructure of the WAAM-fabricated C276 alloy. || To evaluate microstructural homogeneity across the build height, metallurgical cross-sections were extracted from the top, middle, and bottom regions and examined in the XY, YZ, and XZ planes, as illustrated in Fig. 2 . || The middle region exhibits well-aligned and relatively uniform dendrites ( Fig. 2 e), the bottom region shows a more cellular structure with limited secondary dendrite arms consistent with stronger heat extraction near the substrate ( Fig. 2 h), and the top region contains finer, shorter dendrites reflecting the altered thermal boundary conditions near the free surface and reduced reheating relative to mid-build ( Fig. 2 b). || EBSD orientation maps further show that WAAM samples contain much coarser grains than the wrought counterpart ( Figs. 1 a and 1 b), and that many grains exhibit a strong < 001 > alignment (arrows in Figs. 2 c, 2 f, and 2 i), consistent with preferred growth of the γ matrix along < 001 > under directional solidification. || Misorientation-to-mean maps ( Figs. 2 d, 2 g, and 2 j) reveal pronounced intragranular orientation gradients that manifest as low-angle (1°–10°) subgrain boundaries within large columnar grains (≥10° misorientation), indicating dislocation accumulation and subgrain boundary formation during cyclic thermal loading.",selected_images/img2709.jpg,"[{""x"":1.1102230246251565e-15,""y"":1.5256588072122053,""width"":25.931433528270688,""height"":98.47434119278779,""rotation"":0,""rectanglelabels"":[""A""],""original_width"":3492,""original_height"":2654},{""x"":26.03684585968642,""y"":0.8321775312066574,""width"":24.66648555128187,""height"":35.783633841886264,""rotation"":0,""rectanglelabels"":[""B""],""original_width"":3492,""original_height"":2654},{""x"":50.80874374238407,""y"":0.4160887656033282,""width"":23.928599231371734,""height"":35.50624133148405,""rotation"":0,""rectanglelabels"":[""C""],""original_width"":3492,""original_height"":2654},{""x"":75.5443391115496,""y"":0.27739251040221913,""width"":24.4556608884504,""height"":35.64493758668516,""rotation"":0,""rectanglelabels"":[""D""],""original_width"":3492,""original_height"":2654},{""x"":26.247670522517886,""y"":36.89320388349515,""width"":24.455660888450403,""height"":31.484049930651878,""rotation"":0,""rectanglelabels"":[""E""],""original_width"":3492,""original_height"":2654},{""x"":50.91415607379975,""y"":36.33841886269071,""width"":24.034011562787462,""height"":32.454923717059636,""rotation"":0,""rectanglelabels"":[""F""],""original_width"":3492,""original_height"":2654},{""x"":75.36981696225016,""y"":36.47711511789182,""width"":24.244836225618926,""height"":32.038834951456316,""rotation"":0,""rectanglelabels"":[""G""],""original_width"":3492,""original_height"":2654},{""x"":26.353082853933618,""y"":68.79334257975034,""width"":24.139423894203194,""height"":30.65187239944521,""rotation"":0,""rectanglelabels"":[""H""],""original_width"":3492,""original_height"":2654},{""x"":50.597919079552554,""y"":68.93203883495146,""width"":24.13942389420319,""height"":30.5131761442441,""rotation"":0,""rectanglelabels"":[""I""],""original_width"":3492,""original_height"":2654},{""x"":75.15899229941868,""y"":68.93203883495146,""width"":24.841007700581315,""height"":31.067961165048544,""rotation"":0,""rectanglelabels"":[""J""],""original_width"":3492,""original_height"":2654}]"
img2710,"EDS elemental maps of the as-fabricated Hastelloy C276 alloy at different build regions: (a-c) top region, (d-f) middle region, and (g-i) bottom region. The color legend in (a) indicates the relative concentration levels of various elements across the three regions.","Three-dimensional reconstructions for Ni, Mo, and Cr ( Fig. 3 ) show that all WAAM regions exhibit pronounced Mo segregation and minor Cr enrichment in interdendritic areas, accompanied by depletion of Ni, Fe, and W (Fe and W maps not shown). || Pit‑rich bands are narrower than pit‑sparse bands, consistent with the smaller areal fraction of interdendritic regions relative to dendrite cores ( Figs. 2 and 3 ). || By contrast, the as‑fabricated WAAM material contained only scattered Mo‑rich particles confined to interdendritic regions ( Fig. 3 ), and the as‑received wrought alloy showed sparse nanoscale precipitates at selected grain boundaries ( Fig. 4 b), indicating most precipitates observed post‑exposure formed during the corrosion test (i.e., dynamic precipitation). || For Fe levels representative of the present WAAM C276 build, the overall second-phase fraction remains low, consistent with the experimentally observed scattered precipitate population ( Fig. 3 ) and our previous identification of P phases and M 6 C carbides in WAAM C276 [23,25] . || These results support the experimental observations that the bottom region contains a slightly higher density of second-phase particles than the middle and top regions ( Fig. 3 ), consistent with its higher Fe level and distinct thermal history.",selected_images/img2710.jpg,"[{""x"":0.4056061399597293,""y"":0.27739251040221913,""width"":35.69334031645617,""height"":35.783633841886264,""rotation"":0,""rectanglelabels"":[""A""],""original_width"":3493,""original_height"":3405},{""x"":36.50455259637563,""y"":0.27739251040221913,""width"":31.50207687020564,""height"":35.50624133148405,""rotation"":0,""rectanglelabels"":[""B""],""original_width"":3493,""original_height"":3405},{""x"":68.41223560654099,""y"":0.13869625520110956,""width"":30.82606663693943,""height"":35.78363384188627,""rotation"":0,""rectanglelabels"":[""C""],""original_width"":3493,""original_height"":3405},{""x"":0,""y"":36.615811373092924,""width"":36.23414850306915,""height"":31.345353675450767,""rotation"":0,""rectanglelabels"":[""D""],""original_width"":3493,""original_height"":3405},{""x"":36.36935054972239,""y"":36.615811373092924,""width"":32.0428850568186,""height"":31.067961165048544,""rotation"":0,""rectanglelabels"":[""E""],""original_width"":3493,""original_height"":3405},{""x"":68.81784174650073,""y"":36.47711511789182,""width"":30.420460496979686,""height"":31.48404993065187,""rotation"":0,""rectanglelabels"":[""F""],""original_width"":3493,""original_height"":3405},{""x"":0.40560613995972905,""y"":68.23855755894591,""width"":35.69334031645617,""height"":31.345353675450756,""rotation"":0,""rectanglelabels"":[""G""],""original_width"":3493,""original_height"":3405},{""x"":36.63975464302888,""y"":68.37725381414702,""width"":30.96126868359265,""height"":31.484049930651864,""rotation"":0,""rectanglelabels"":[""H""],""original_width"":3493,""original_height"":3405},{""x"":68.41223560654099,""y"":68.23855755894591,""width"":31.50207687020564,""height"":31.761442441054086,""rotation"":0,""rectanglelabels"":[""I""],""original_width"":3493,""original_height"":3405}]"
img2711,"TEM micrographs of wrought and WAAM C276 alloys. (a-d) Wrought alloy: (a) high-magnification image showing dislocation substructures in the matrix and the morphology of a nanoscale precipitate at a grain boundary; (b) low-magnification image revealing multiple nanoscale precipitates distributed along the grain boundary; (c, d) EDS line scans across different sections of the grain boundary, with (c) across a precipitate and (d) across a region without precipitates, showing corresponding elemental distributions. (e-g) WAAM alloy: representative TEM images from the (e) top, (f) middle, and (g) bottom regions, with corresponding SAD patterns inset. The inset in (f) also highlights dislocation substructures forming a subgrain boundary.","To further investigate detailed microstructural features, TEM analyses were performed on the wrought alloy and on the top, middle, and bottom WAAM regions ( Fig. 4 ). || In the wrought alloy, high-magnification TEM ( Fig. 4 a) shows dislocation substructures in the matrix and a nanoscale precipitate at a grain boundary. || Low-magnification imaging ( Fig. 4 b) reveals multiple nanoscale precipitates exclusively along the grain boundary, with no intragranular precipitates. || Additionally, dislocations locally arrange into bands and subgrain boundaries ( Figs. 4 e- 4 g). || The inset in Fig. 4 f highlights dislocation structures forming a subgrain boundary.",selected_images/img2711.jpg,"[{""x"":0.27771034771004177,""y"":0.6934812760055479,""width"":32.95496126159163,""height"":49.51456310679612,""rotation"":0,""rectanglelabels"":[""A""],""original_width"":3491,""original_height"":2330},{""x"":34.06580265243179,""y"":1.1095700416088765,""width"":32.58468079797823,""height"":48.54368932038835,""rotation"":0,""rectanglelabels"":[""B""],""original_width"":3491,""original_height"":2330},{""x"":68.22417542076693,""y"":1.1095700416088765,""width"":30.548138248104593,""height"":23.578363384188627,""rotation"":0,""rectanglelabels"":[""C""],""original_width"":3491,""original_height"":2330},{""x"":67.94646507305688,""y"":25.65880721220527,""width"":30.548138248104593,""height"":24.13314840499306,""rotation"":0,""rectanglelabels"":[""D""],""original_width"":3491,""original_height"":2330},{""x"":0.6479908113234307,""y"":51.17891816920943,""width"":32.306970450268196,""height"":48.543689320388346,""rotation"":0,""rectanglelabels"":[""E""],""original_width"":3491,""original_height"":2330},{""x"":34.15837276833514,""y"":51.31761442441054,""width"":32.49211068207488,""height"":48.12760055478501,""rotation"":0,""rectanglelabels"":[""F""],""original_width"":3491,""original_height"":2330},{""x"":67.48361449354014,""y"":50.762829403606105,""width"":32.492110682074895,""height"":49.098474341192784,""rotation"":0,""rectanglelabels"":[""G""],""original_width"":3491,""original_height"":2330}]"
img2713,"SEM and SEM-BSE micrographs of post-corrosion surfaces. (a-c) Wrought C276 alloy: (a) low-magnification SEM-BSE image, (b) high-magnification SEM-BSE image of a selected area in (a), and (c) high-magnification SEM image of a selected area in (b); (d-f) SEM-BSE images of WAAM C276 alloy from the (d) top, (e) middle, and (f) bottom regions; (g-i) high-magnification SEM-BSE images of selected areas within the middle region shown in (e). (j) Pit length distribution of the wrought alloy and the WAAM middle region along the cross section.","Fig. 6 presents SEM and SEM-BSE images of the corroded surfaces after 750 °C/500 h exposure. || In the wrought alloy ( Figs. 6 a- 6 c), low-magnification BSE imaging ( Fig. 6 a) shows numerous dark defects distributed across the surface, with locally enhanced densities along grain boundaries. || Higher-magnification SEM-BSE ( Fig. 6 b) confirms this grain-boundary-associated pattern, while SEM imaging ( Fig. 6 c) identifies these defects as corrosion pits, many concentrated near grain triple junctions, together with grain boundary grooves characteristic of intergranular corrosion. || The grooves are attributed to preferential dissolve along grain boundaries [29,46] , which typical contain higher defect densities and fast diffusion paths than grain interiors (consistent with the pre‑existing defect/precipitates features observed by EBSD in Fig. 1 and TEM in Fig. 4 ). Figs. 6 d - 6 f show low‑magnification BSE images for WAAM specimens from the top, middle, and bottom build regions. || High‑magnification SEM‑BSE images from representative pit‑rich ( Fig. 6 g) and pit‑sparse zones ( Fig. 6 i) show grain‑boundary grooves and a refined surface‑grain appearance, similar to the wrought alloy.",selected_images/img2713.jpg,"[{""x"":1.4326385810721711,""y"":0.4160887656033287,""width"":31.66131264169498,""height"":23.300970873786408,""rotation"":0,""rectanglelabels"":[""A""],""original_width"":3492,""original_height"":3607},{""x"":34.096798229517674,""y"":0.4160887656033287,""width"":32.09110421601663,""height"":23.439667128987516,""rotation"":0,""rectanglelabels"":[""B""],""original_width"":3492,""original_height"":3607},{""x"":66.76095787796318,""y"":0.5547850208044383,""width"":32.37763193223107,""height"":23.300970873786408,""rotation"":0,""rectanglelabels"":[""C""],""original_width"":3492,""original_height"":3607},{""x"":1.00284700675052,""y"":24.549237170596395,""width"":32.23436807412385,""height"":22.88488210818308,""rotation"":0,""rectanglelabels"":[""D""],""original_width"":3492,""original_height"":3607},{""x"":34.24006208762489,""y"":24.826629680998614,""width"":32.09110421601663,""height"":22.607489597780862,""rotation"":0,""rectanglelabels"":[""E""],""original_width"":3492,""original_height"":3607},{""x"":67.33401331039205,""y"":24.826629680998614,""width"":31.661312641694977,""height"":22.607489597780862,""rotation"":0,""rectanglelabels"":[""F""],""original_width"":3492,""original_height"":3607},{""x"":0.7163192905360856,""y"":48.40499306518724,""width"":32.95068736465994,""height"":23.57836338418862,""rotation"":0,""rectanglelabels"":[""G""],""original_width"":3492,""original_height"":3607},{""x"":34.096798229517674,""y"":48.26629680998613,""width"":32.09110421601663,""height"":23.30097087378641,""rotation"":0,""rectanglelabels"":[""H""],""original_width"":3492,""original_height"":3607},{""x"":67.04748559417762,""y"":48.82108183079057,""width"":32.37763193223107,""height"":23.439667128987516,""rotation"":0,""rectanglelabels"":[""I""],""original_width"":3492,""original_height"":3607},{""x"":0.5730554324288685,""y"":72.95423023578364,""width"":98.99532595208701,""height"":27.04576976421636,""rotation"":0,""rectanglelabels"":[""J""],""original_width"":3492,""original_height"":3607}]"
img2714,"Post-corrosion microstructural and compositional analyses of cross-sections of wrought and WAAM C276 alloys. Wrought C276: (a) EBSD contrast image, (b) EBSD grain orientation map, and EDS elemental maps of (c) Ni, (d) Mo, (e) Cr, and (f) O. WAAM C276: (g) EBSD contrast image, (h) EBSD grain orientation map, and EDS elemental maps of (i) Ni, (j) Mo, (k) Cr, and (l) O. The color key in (b) indicates grain orientations applicable to both (b) and (h), while the legend in (f) applies to all EDS maps, representing relative elemental distribution.","Cross‑sectional EBSD ( Fig. 7 ) reveals well‑defined corrosion‑affected layers in both alloys, ∼28 µm in the wrought sample ( Fig. 7 a) and ∼35 µm in WAAM ( Fig. 7 g), accompanied by a high density of subsurface pits consistent with the surface morphologies in Fig. 6 . || EBSD orientation maps ( Figs. 7 b, 7 h) show extensive fine‑grain formation within these layers, reflecting dynamic recrystallization during the 750 °C exposure and confirming that the refined surface grains in Fig. 6 correspond to subsurface recrystallized structures. || After exposure at 750 °C for 500 h, both alloys exhibit a markedly higher precipitate density adjacent to the corrosion‑affected layer ( Figs. 7 a, 7 g), often arranged in network‑like patterns. || EDS maps ( Figs. 7 c- 7 f, 7 i- 7 l) show these precipitates are Mo-enriched ( Figs. 7 d and 7 j) and Ni/Fe-depleted ( Figs. 7 c and 7 i). || A notable feature is the near-complete Cr depletion within the corrosion-affected layers ( Figs. 7 e and 7 k), highlighting Cr loss as the dominant degradation mechanism.",selected_images/img2714.jpg,"[{""x"":1.3388790676564777,""y"":0.8321775312066574,""width"":23.481879032744377,""height"":32.17753120665742,""rotation"":0,""rectanglelabels"":[""A""],""original_width"":3496,""original_height"":2596},{""x"":25.33571158796104,""y"":1.1095700416088765,""width"":23.99683252030456,""height"":32.17753120665742,""rotation"":0,""rectanglelabels"":[""B""],""original_width"":3496,""original_height"":2596},{""x"":1.3388790676564777,""y"":34.11927877947296,""width"":23.79085112528049,""height"":31.900138696255205,""rotation"":0,""rectanglelabels"":[""C""],""original_width"":3496,""original_height"":2596},{""x"":26.056646470545296,""y"":34.11927877947296,""width"":22.96692554518419,""height"":31.48404993065187,""rotation"":0,""rectanglelabels"":[""D""],""original_width"":3496,""original_height"":2596},{""x"":1.4418697651685144,""y"":66.99029126213593,""width"":23.275897637720302,""height"":31.206657420249655,""rotation"":0,""rectanglelabels"":[""E""],""original_width"":3496,""original_height"":2596},{""x"":25.74767437800919,""y"":66.85159500693482,""width"":23.58486973025641,""height"":31.206657420249655,""rotation"":0,""rectanglelabels"":[""F""],""original_width"":3496,""original_height"":2596},{""x"":50.9803952684582,""y"":1.1095700416088765,""width"":23.172906940208257,""height"":31.900138696255205,""rotation"":0,""rectanglelabels"":[""G""],""original_width"":3496,""original_height"":2596},{""x"":75.3891905788109,""y"":1.3869625520110958,""width"":23.275897637720306,""height"":31.622746185852986,""rotation"":0,""rectanglelabels"":[""H""],""original_width"":3496,""original_height"":2596},{""x"":50.87740457094615,""y"":34.25797503467407,""width"":23.275897637720313,""height"":31.622746185852982,""rotation"":0,""rectanglelabels"":[""I""],""original_width"":3496,""original_height"":2596},{""x"":75.38919057881087,""y"":34.39667128987517,""width"":23.790851125280472,""height"":31.20665742024964,""rotation"":0,""rectanglelabels"":[""J""],""original_width"":3496,""original_height"":2596},{""x"":50.98039526845819,""y"":66.57420249653259,""width"":23.17290694020827,""height"":31.067961165048548,""rotation"":0,""rectanglelabels"":[""K""],""original_width"":3496,""original_height"":2596},{""x"":75.18320918378683,""y"":66.85159500693482,""width"":23.584869730256415,""height"":31.761442441054086,""rotation"":0,""rectanglelabels"":[""L""],""original_width"":3496,""original_height"":2596}]"
img2716,TEM micrographs and compositional analysis of precipitates in post-corrosion C276 alloys. (a) TEM image showing precipitate morphology in the wrought alloy; (b) TEM image of precipitates in the WAAM alloy; (c) high-resolution TEM image of a TCP phase; (d) corresponding SAD pattern confirming the TCP structure; (e) EDS spectrum of a representative TCP precipitate along with the average chemical composition of TCP phase precipitates.,"TEM specimens were prepared from precipitate‑enriched regions using FIB ( Fig. 9 ). || Bright‑field TEM micrographs reveal a high density of precipitates in both the wrought ( Fig. 9 a) and WAAM ( Fig. 9 b) samples. || SAD from a representative precipitate ( Fig. 9 c) was indexed to the μ phase (space group R mH , ICSD 632622) viewed along the [ ] zone axis ( Fig. 9 e). || The corresponding EDS spectrum ( Fig. 9 d) confirms the presence of Mo, Cr, Ni, and W, with a minor Cu peak originating from the TEM support grid. || Post‑corrosion EBSD and TEM analyses of both wrought and WAAM C276 revealed extensive dynamic precipitation of TCP phases during 500 h exposure at 750 °C ( Figs. 7 and 9 ).",selected_images/img2716.jpg,"[{""x"":0.2798146322365357,""y"":0.5547850208044383,""width"":32.365225795359294,""height"":48.95977808599168,""rotation"":0,""rectanglelabels"":[""A""],""original_width"":3493,""original_height"":2349},{""x"":33.764298956541964,""y"":0.8321775312066574,""width"":32.08541116312276,""height"":48.404993065187234,""rotation"":0,""rectanglelabels"":[""B""],""original_width"":3493,""original_height"":2349},{""x"":66.87569710453202,""y"":0.4160887656033287,""width"":33.01812660391121,""height"":49.375866851595006,""rotation"":0,""rectanglelabels"":[""C""],""original_width"":3493,""original_height"":2349},{""x"":66.96896864861085,""y"":50.762829403606105,""width"":33.031031351389146,""height"":48.82108183079056,""rotation"":0,""rectanglelabels"":[""D""],""original_width"":3493,""original_height"":2349},{""x"":0,""y"":50.90152565880721,""width"":66.2227962959801,""height"":48.68238557558946,""rotation"":0,""rectanglelabels"":[""E""],""original_width"":3493,""original_height"":2349}]"
img2719,"Effect of alloying elements and precipitates on diffusion behavior in C276 alloys. Thermo‑Calc–based precipitation kinetics for μ‑phase at 750 °C: (a) mean radius and (b) volume fraction versus time for wrought and WAAM C276 (500 h window). Elemental mobility trends in the γ‑matrix at 750 °C: (c) influence of Mo content and (d) influence of Cr content on diffusion coefficients of key elements (Ni, Cr, Mo, W, Fe). Experimental validation from corroded cross‑sections: (e–h) representative EDS line scans for wrought (e, f) and WAAM (g, h) samples, illustrating delayed Cr depletion in precipitate‑rich/Mo‑enriched regions and faster depletion in precipitate‑free zones.","To incorporate this effect quantitatively, we calculated the dependence of on Mo content using Thermo‑Calc ( Fig. 12 a). || To quantify this evolution, Fig. 12 incorporates thermodynamic simulations of μ‑phase precipitation kinetics. || Increasing Mo content reduces the diffusion coefficients of Cr, Ni, W, and Mo ( Fig. 12 c), whereas increasing Cr content enhances their diffusivities ( Fig. 12 d). || Experimental EDS line scans ( Figs. 12 e- 12 h) are consistent with these predictions: precipitate‑free regions exhibit rapid Cr depletion from ∼16 wt% to nearly zero, while precipitate‑rich regions show delayed Cr loss accompanied by elevated Mo levels.",selected_images/img2719.jpg,"[{""x"":1.912268162514983,""y"":3.4416913763379853e-15,""width"":47.533522896801,""height"":32.31622746185853,""rotation"":0,""rectanglelabels"":[""A""],""original_width"":3491,""original_height"":3438},{""x"":50.401925140573475,""y"":-4.440892098500627e-16,""width"":48.89942872716886,""height"":32.17753120665742,""rotation"":0,""rectanglelabels"":[""B""],""original_width"":3491,""original_height"":3438},{""x"":-1.5543122344752194e-15,""y"":32.87101248266297,""width"":49.99215339146313,""height"":32.454923717059636,""rotation"":0,""rectanglelabels"":[""C""],""original_width"":3491,""original_height"":3438},{""x"":50.12874397449991,""y"":32.87101248266297,""width"":49.188303110316156,""height"":32.31622746185856,""rotation"":0,""rectanglelabels"":[""D""],""original_width"":3491,""original_height"":3438},{""x"":0.546362332147138,""y"":66.57420249653259,""width"":49.58238164235277,""height"":16.50485436893203,""rotation"":0,""rectanglelabels"":[""E""],""original_width"":3491,""original_height"":3438},{""x"":50.53851572361027,""y"":66.15811373092927,""width"":48.89942872716886,""height"":17.198335644937572,""rotation"":0,""rectanglelabels"":[""F""],""original_width"":3491,""original_height"":3438},{""x"":0.273181166073569,""y"":83.35644937586684,""width"":49.58238164235278,""height"":16.22746185852982,""rotation"":0,""rectanglelabels"":[""G""],""original_width"":3491,""original_height"":3438},{""x"":50.401925140573475,""y"":83.49514563106796,""width"":49.17260989324243,""height"":15.811373092926502,""rotation"":0,""rectanglelabels"":[""H""],""original_width"":3491,""original_height"":3438}]"
img2726,"Water contact angle sequence. A, Co-Cr Ct; B, Co-Cr SLM; C, Ti SLM; D, Ti M; E, PEEK.","The wettability results are presented in Fig. 5 , while the water contact angles are shown in Fig. 6 .",selected_images/img2726.jpg,"[{""x"":0.1564433704303996,""y"":0,""width"":18.303874340356753,""height"":99.21259842519686,""rotation"":0,""rectanglelabels"":[""A""],""original_width"":3493,""original_height"":347},{""x"":18.69498276643275,""y"":3.149606299212598,""width"":18.069209284711157,""height"":96.85039370078741,""rotation"":0,""rectanglelabels"":[""B""],""original_width"":3493,""original_height"":347},{""x"":36.99885710678951,""y"":0.7874015748031495,""width"":20.572303211597543,""height"":99.21259842519684,""rotation"":0,""rectanglelabels"":[""C""],""original_width"":3493,""original_height"":347},{""x"":57.72760368881745,""y"":0,""width"":21.041633322888742,""height"":100,""rotation"":0,""rectanglelabels"":[""D""],""original_width"":3493,""original_height"":347},{""x"":79.082123752567,""y"":1.574803149606299,""width"":20.917876247433,""height"":98.4251968503937,""rotation"":0,""rectanglelabels"":[""E""],""original_width"":3493,""original_height"":347}]"
img2751,"FTIR spectra of the resins (in red) and printed materials (in black), a) Orthoflex, b) Detax, c) Graphy, d) Orthoflex for different post-curing times; bands associated with aromatic structure (ar), growing band with polymerization (*). Acrylate νC C (1617, 1634, 1648 cm −1 ) and 810 cm −1 bands were indicated with dotted arrows on the spectra.","FTIR spectra of the three liquid resins and cured materials, Orthoflex, Detax, and Graphy, are shown respectively in Figs. 1 a, 1 b, and 1 c. || Bands at 754 cm⁻¹ and 692 cm⁻¹ in the Orthoflex spectra ( Fig. 1 a) also reveal the presence of monosubstituted aromatic groups (due in part to the presence of 2-phenoxyethyl acrylate). || Finally, Detax ( Fig. 1 b) has a band at 830 cm −1 consistent with para-substituted aromatic cycles (isopropylidenediphenol peg-2 dimethacrylate). || The 1634, 1618, and 810 cm −1 bands disappear in Graphy materials ( Fig. 1 c). || For Detax, the 1637 and 814 cm −1 bands also decrease, but only by around half ( Fig. 1 .b).",selected_images/img2751.jpg,"[{""x"":0.19597002381508435,""y"":-8.881784197001254e-16,""width"":47.6207157870655,""height"":46.3245492371706,""rotation"":0,""rectanglelabels"":[""A""],""original_width"":3492,""original_height"":2467},{""x"":52.22601134671997,""y"":2.2173663737312417e-15,""width"":47.77398865327998,""height"":44.52149791955618,""rotation"":0,""rectanglelabels"":[""B""],""original_width"":3492,""original_height"":2467},{""x"":-2.55351295663786e-15,""y"":51.17891816920943,""width"":47.03280571562025,""height"":48.82108183079057,""rotation"":0,""rectanglelabels"":[""C""],""original_width"":3492,""original_height"":2467},{""x"":49.580416025216316,""y"":45.214979195561725,""width"":50.41958397478362,""height"":54.785020804438275,""rotation"":0,""rectanglelabels"":[""D""],""original_width"":3492,""original_height"":2467}]"
img2752,"FTIR spectra of the printed material before (black) and after aging for 15 days in PBS (red). Changes were indicated with * a) Graphy, b) Detax c) Orthoflex 1 min-post-cured d) Orthoflex 14 min-post-cured.",FTIR spectra were compared before and after 15 days of immersion in PBS ( Fig. 2 ) to evaluate the impact of aging on the chemical structure.,selected_images/img2752.jpg,"[{""x"":0,""y"":8.623091453399273e-16,""width"":48.90877980658785,""height"":50.624133148405,""rotation"":0,""rectanglelabels"":[""A""],""original_width"":3492,""original_height"":2032},{""x"":49.71585538095395,""y"":4.3115457266996376e-16,""width"":50.284144619045975,""height"":51.04022191400832,""rotation"":0,""rectanglelabels"":[""B""],""original_width"":3492,""original_height"":2032},{""x"":0,""y"":51.87239944521498,""width"":48.74736469171461,""height"":48.12760055478502,""rotation"":0,""rectanglelabels"":[""C""],""original_width"":3492,""original_height"":2032},{""x"":49.554440266080746,""y"":51.59500693481276,""width"":50.445559733919254,""height"":48.40499306518724,""rotation"":0,""rectanglelabels"":[""D""],""original_width"":3492,""original_height"":2032}]"
img2755,"DSC thermograms of printed materials. For a) b) c) the first and second heating are shown on thermograms. Materials were all post-cured for 14 min. For d) and e): Orthoflex material post-cured for 10 min and aged: only the first heating is represented. a) Orthoflex material: the enthalpy relaxation is observed on the first heating. b) Detax material c) Graphy material d) aging 15 days in PBS: supplementary endotherm is observed after the glass transition, and the broad exothermic endotherm is still observed e) aging in ethanol: T g is decreased and a broad endotherm corresponding to ethanol evaporation is observed f) T g2 temperature for the three materials before and after aging (second heating).","The glass transition temperature (T g ) was determined by identifying the midpoint of the heat capacity (C p ) step on the thermogram ( Fig. 5 ). || For the first heating, the determination of T g can be disturbed due to the relaxation enthalpy in the same range (especially for Orthoflex samples, Fig. 5 a) and of very large exothermic events following the glass transition. || Finally, for Detax, the T g2 is higher, 82.8 ± 0.3 °C, but with a less sharp transition between 40 and 120 °C ( Fig. 5 ). || This exotherm is only observed for the first heating ( Fig. 5 a-c). || After simulated intraoral aging, no significant changes in T g were observed for all materials' second heating ( Fig. 5 f).",selected_images/img2755.jpg,"[{""x"":1.7558470644804567e-15,""y"":0,""width"":47.18220537237215,""height"":32.31622746185853,""rotation"":0,""rectanglelabels"":[""A""],""original_width"":2994,""original_height"":2845},{""x"":0.1317938697552294,""y"":32.45492371705964,""width"":46.918617632861654,""height"":35.50624133148405,""rotation"":0,""rectanglelabels"":[""B""],""original_width"":2994,""original_height"":2845},{""x"":0.2635877395104588,""y"":68.23855755894591,""width"":46.786823763106426,""height"":31.761442441054086,""rotation"":0,""rectanglelabels"":[""C""],""original_width"":2994,""original_height"":2845},{""x"":49.94987663723193,""y"":0.5547850208044383,""width"":50.05012336276807,""height"":32.17753120665742,""rotation"":0,""rectanglelabels"":[""D""],""original_width"":2994,""original_height"":2845},{""x"":50.74063985576331,""y"":37.309292649098474,""width"":49.25936014423669,""height"":28.98751733703191,""rotation"":0,""rectanglelabels"":[""E""],""original_width"":2994,""original_height"":2845},{""x"":50.74063985576331,""y"":67.12898751733704,""width"":49.25936014423669,""height"":32.73231622746185,""rotation"":0,""rectanglelabels"":[""F""],""original_width"":2994,""original_height"":2845}]"
img2760,"Evolution of the leachable compounds with contact time in PBS. For each graph, the chromatograms were plotted on the same scale for the y-axis (absorbance at 210 nm, A.U.).",A successive apparition and disappearance of some peaks with incubation time (indicated with * on the chromatograms of Fig. 10 ) is indeed observed for these materials.,selected_images/img2760.jpg,"[{""x"":0.11217203576957761,""y"":1.3869625520110962,""width"":46.88791095168341,""height"":51.31761442441051,""rotation"":0,""rectanglelabels"":[""A""],""original_width"":3493,""original_height"":2825},{""x"":47.33659909476175,""y"":1.3869625520110958,""width"":52.66340090523825,""height"":51.317614424410536,""rotation"":0,""rectanglelabels"":[""B""],""original_width"":3493,""original_height"":2825},{""x"":0.11217203576957761,""y"":52.84327323162271,""width"":47.560943166300916,""height"":47.15672676837723,""rotation"":0,""rectanglelabels"":[""C""],""original_width"":3493,""original_height"":2825},{""x"":47.78528723784006,""y"":52.704576976421635,""width"":52.21471276215994,""height"":46.601941747572816,""rotation"":0,""rectanglelabels"":[""D""],""original_width"":3493,""original_height"":2825}]"
img2762,"SEM images (BSE-3D), X100. Scale bar in blue is 500 micrometers a-d) material before aging e-f) material after aging a) e) Graphy b) f) Detax c) g) Orthoflex post-cured 14 min d) h) Orthoflex post-cured 1 min.",Scanning electron microscopy (SEM) was used to analyze the morphology of the samples ( Fig. 12 ). || Low magnification allowed for the observation of the main morphological features and provided an overview of the microstructure of the printed materials before and after aging. Fig. 12 shows SEM images of different printed materials at 100 × magnification.,selected_images/img2762.jpg,"[{""x"":0.43350298820649563,""y"":0.13869625520110956,""width"":49.636092149643744,""height"":24.410540915395284,""rotation"":0,""rectanglelabels"":[""A""],""original_width"":2246,""original_height"":3510},{""x"":0.21675149410324782,""y"":25.24271844660194,""width"":49.419340655540495,""height"":24.133148404993065,""rotation"":0,""rectanglelabels"":[""B""],""original_width"":2246,""original_height"":3510},{""x"":0.6502544823097434,""y"":50.34674063800277,""width"":49.20258916143725,""height"":24.410540915395288,""rotation"":0,""rectanglelabels"":[""C""],""original_width"":2246,""original_height"":3510},{""x"":0.6502544823097434,""y"":75.03467406380028,""width"":48.985837667334,""height"":24.96532593619972,""rotation"":0,""rectanglelabels"":[""D""],""original_width"":2246,""original_height"":3510},{""x"":50.06959513785022,""y"":0,""width"":49.49690187394329,""height"":24.549237170596392,""rotation"":0,""rectanglelabels"":[""E""],""original_width"":2246,""original_height"":3510},{""x"":50.93660111426323,""y"":25.381414701803052,""width"":49.06339888573677,""height"":24.41054091539528,""rotation"":0,""rectanglelabels"":[""F""],""original_width"":2246,""original_height"":3510},{""x"":50.93660111426323,""y"":50.346740638002764,""width"":49.063398885736746,""height"":24.549237170596403,""rotation"":0,""rectanglelabels"":[""G""],""original_width"":2246,""original_height"":3510},{""x"":50.503098126056734,""y"":75.17337031900139,""width"":49.496901873943266,""height"":24.826629680998607,""rotation"":0,""rectanglelabels"":[""H""],""original_width"":2246,""original_height"":3510}]"
img2763,"Mechanical properties of the printed material (tensile tests) a) Maximal force and force at break b) elongation at break c) Elasticity Modulus d-f) Stress-strain curve obtained by tensile tests: force at break, maximal force, and yield strength (ReH) are indicated on the curves d) Detax e) Graphy f) Orthoflex 1 min post-cured.","Fig. 13 illustrates the mechanical properties of the different materials tested, and Fig. 14 shows their evolution as a function of simulated intra-oral aging. || Detax materials have a stress-strain curve ( Fig. 13 d) characteristic of a brittle material with a low strain at break (4.5 ± 1.3 %); it shows the highest tensile strength ( Fig. 13 a) at break (54 ± 2.2 MPa), followed by Orthoflex (18.1 ± 1.5 MPa) (for the same post-curing time) and then by Graphy (15.2 ± 1.8 MPa). || It should be noted that for Graphy and Orthoflex this force at break is not the maximal force supported by the sample (respectively 21.1 ± 1.1 and 31.2 ± 1.9 MPa) because these materials have stress-strain curves presenting an elastic regime followed by a local force maximum (yield point); beyond it, the material stretches considerably with plastic deformation and, because of sample thinning, the force needed to strain the sample is reduced ( Fig. 13 e). || Therefore, Graphy and Orthoflex are more ductile than Detax (strain at break: 56 ± 17.5 % and 30 ± 14.5 % respectively) ( Fig. 13 b). || Moreover, Detax is the stiffer material (E = 2 ± 0.5 GPa) and Graphy the softer one (E = 0.6 ± 0.1 GPa) ( Fig. 13 c).",selected_images/img2763.jpg,"[{""x"":0,""y"":0,""width"":42.480681593025544,""height"":50.48543689320382,""rotation"":0,""rectanglelabels"":[""A""],""original_width"":3493,""original_height"":1996},{""x"":43.035466613829996,""y"":0.13869625520110956,""width"":26.471170992668917,""height"":49.65325936199722,""rotation"":0,""rectanglelabels"":[""B""],""original_width"":3493,""original_height"":1996},{""x"":69.7444026154151,""y"":-2.442490654175345e-15,""width"":29.87913612046761,""height"":49.51456310679612,""rotation"":0,""rectanglelabels"":[""C""],""original_width"":3493,""original_height"":1996},{""x"":0.1585100059441252,""y"":51.59500693481276,""width"":32.73231622746186,""height"":48.40499306518724,""rotation"":0,""rectanglelabels"":[""D""],""original_width"":3493,""original_height"":1996},{""x"":34.39667128987517,""y"":51.04022191400832,""width"":32.65306122448979,""height"":48.95977808599168,""rotation"":0,""rectanglelabels"":[""E""],""original_width"":3493,""original_height"":1996},{""x"":68.31781256191796,""y"":50.624133148404994,""width"":31.68218743808204,""height"":49.375866851595006,""rotation"":0,""rectanglelabels"":[""F""],""original_width"":3493,""original_height"":1996}]"
img2792,"(A) FTIR spectra of the non silanized and silanized zirconia nnaofibres, (BCDE) FTIR spectra showing zoomed-in regions extracted from (A) to highlight charcateristic and distinctive peaks of non-silanized and silanized zirconia nanofibers.","Fig. 1 illustrates the broad FTIR spectra of both silanized and non-silanized zirconia fibres, highlighting the overall chemical modifications after silanization. Fig. 1 B is showing distinctive peaks corresponding to aliphatic C C (1638 cm −1 ) and C O (1700 cm - 1) bonds, confirming the presence of silane functional groups. || In Fig. 1 C, characteristic bands attributed to Zr-O (1054 cm −1 ), Si-O-Zr (1122–1224 cm −1 ), and Zr-O-Si (1330 cm −1 ), linkages are observed, indicating successful surface bonding between zirconia and silane. Fig. 1 D further confirms Si-O-Zr (928 cm −1 ), stretching vibrations, while Fig. 1 E displays a broad absorption band associated with stretching vibrations of -OH (3650 cm −1 ), with a more enhanced peak in silanized zirconia. Fig. 2 A illustartes the SEM images of electrospun zirconia nanofibers used in this study exhibiting diameters ranging from 200 to 800 nm ± 100 nm and an average length of approximately 200 µm. || The FTIR spectra ( Fig. 1 ) confirmed successful surface modification through the presence of characteristic functional group peaks. || The peak at 1054 cm⁻¹ matched Zr-O ( Fig. 1 C), while a shoulder peak at approximately 920 cm⁻¹ ( Fig. 1 D) further confirmed Si-O-Zr bond formation [31] . || The enhanced –OH stretching vibration around 3650 cm⁻¹ ( Fig. 1 E) suggested the presence of residual hydroxyl groups or hydrogen bonding interactions [32] .",selected_images/img2792.jpg,"[{""x"":0.5391660731466557,""y"":0.4160887656033287,""width"":99.20655745898465,""height"":47.71151178918169,""rotation"":0,""rectanglelabels"":[""A""],""original_width"":2664,""original_height"":2589},{""x"":0.26958303657332783,""y"":49.09847434119279,""width"":45.96390773575239,""height"":26.629680998613033,""rotation"":0,""rectanglelabels"":[""B""],""original_width"":2664,""original_height"":2589},{""x"":46.50307380889905,""y"":49.237170596393895,""width"":53.10785820494558,""height"":25.936199722607498,""rotation"":0,""rectanglelabels"":[""C""],""original_width"":2664,""original_height"":2589},{""x"":0.13479151828666391,""y"":76.14424410540916,""width"":46.23349077232573,""height"":23.855755894590843,""rotation"":0,""rectanglelabels"":[""D""],""original_width"":2664,""original_height"":2589},{""x"":46.772656845472376,""y"":75.58945908460471,""width"":53.227343154527624,""height"":24.410540915395288,""rotation"":0,""rectanglelabels"":[""E""],""original_width"":2664,""original_height"":2589}]"
img2793,"(A,B) FESEM photomicrographs with EDS analysis of non-silanized zirconia fibres at magnification of 400X. (C,D) FESEM photomicrographs with EDS analysis of silanized zirconia fibres at magnification of 1300X. EDS spectra of silanized fibres show trace Si signals (0.03 at%), whereas Si is absent in non-silanized fibres.","In Fig. 1 C, characteristic bands attributed to Zr-O (1054 cm −1 ), Si-O-Zr (1122–1224 cm −1 ), and Zr-O-Si (1330 cm −1 ), linkages are observed, indicating successful surface bonding between zirconia and silane. Fig. 1 D further confirms Si-O-Zr (928 cm −1 ), stretching vibrations, while Fig. 1 E displays a broad absorption band associated with stretching vibrations of -OH (3650 cm −1 ), with a more enhanced peak in silanized zirconia. Fig. 2 A illustartes the SEM images of electrospun zirconia nanofibers used in this study exhibiting diameters ranging from 200 to 800 nm ± 100 nm and an average length of approximately 200 µm. || The appearance of Si peak in the EDS spectrum in Fig. 2 B further confirmed the successful attachment of silane group onto the zirconia fibre surfaces. || SEM images ( Fig. 2 A) revealed that electrospun zirconia nanofibers exhibited an entangled morphology with diameters ranging from 200 to 800 nm, suitable for mechanical reinforcement due to high surface area and aspect ratio [33,34] . || Following silanization ( Fig. 2 C), no significant morphological changes were observed, although a cleaner and more defined fibre surface suggested improved surface chemistry. || EDS analysis confirmed the presence of silicon in silanized fibres ( Fig. 2 D), which was absent in non-silanized samples ( Fig. 2 B), further supporting effective surface modification [19,35,36] .",selected_images/img2793.jpg,"[{""x"":0.20464292308952503,""y"":0,""width"":49.52358738766505,""height"":54.09153952843273,""rotation"":0,""rectanglelabels"":[""A""],""original_width"":2997,""original_height"":2211},{""x"":0.30696438463428755,""y"":54.92371705963939,""width"":49.52358738766506,""height"":45.07628294036061,""rotation"":0,""rectanglelabels"":[""B""],""original_width"":2997,""original_height"":2211},{""x"":50.54680200311268,""y"":0.6934812760055479,""width"":49.45319799688732,""height"":53.6754507628294,""rotation"":0,""rectanglelabels"":[""C""],""original_width"":2997,""original_height"":2211},{""x"":50.23983761847839,""y"":54.50762829403606,""width"":49.76016238152161,""height"":45.49237170596394,""rotation"":0,""rectanglelabels"":[""D""],""original_width"":2997,""original_height"":2211}]"
img2799,"(A–F) Representative SEM images of fractured, non-healed surfaces of control and experimental groups: (A) Control (500X) showing a regular brittle fracture pattern; (B) Zr1 (200X) exhibiting irregular fracture morphology with elongated fibre-like features consistent with zirconia nanofibers; (C) Zr3 (100X) showing lamellar fracture patterns and fibre-like elongated features; (D) MC25 (150X) displaying microcapsule-rich regions with localized stress concentration zones; (E) Zr1-MC25 (70X) showing smooth fractured surfaces with microcapsule rupture cavities and matrix tearing; (F) Zr3-MC25 (50X) exhibiting step-like fracture morphology and microcapsule-induced surface irregularities. (G–I) Representative SEM images of fractured and healed surfaces of composite groups containing self-healing microcapsules: (G) MC25 (85x), (H) Zr1-MC25 (45X), and (I) Zr3-MC25 (45X, showing released and polymerized healing agent within the fracture zone.","The FESEM images in Fig. 8 (A-F) reveal distinct surface features of the composite groups fractured, non-healed surfaces. || The control specimen ( Fig. 8 A) displayed a regular textured fractured surface, typical of a brittle fracture. || Zr1 group ( Fig. 8 B) is showing irregular fractured surface, with elongated fibre-like features consistent with zirconia fibres, suggesting fibre pull-out during crack propagation. || Zr3 group ( Fig. 8 C) reveals a more regular fractured pattern with lamellae structures. || The MC25 ( Fig. 8 D) exhibited several stress-concentration zones around embedded unbroken microcapsules, however broken microcapsules related with cohesive fracture.",selected_images/img2799.jpg,"[{""x"":0.20754776200819147,""y"":0.13869625520110956,""width"":32.584998635286055,""height"":32.59361997226075,""rotation"":0,""rectanglelabels"":[""A""],""original_width"":3491,""original_height"":2612},{""x"":33.10386804030654,""y"":0.27739251040221913,""width"":32.377450873277866,""height"":32.31622746185853,""rotation"":0,""rectanglelabels"":[""B""],""original_width"":3491,""original_height"":2612},{""x"":65.89641443760078,""y"":0.13869625520110956,""width"":33.72651132633111,""height"":32.593619972260754,""rotation"":0,""rectanglelabels"":[""C""],""original_width"":3491,""original_height"":2612},{""x"":0.31132164301228715,""y"":33.56449375866852,""width"":32.48122475428196,""height"":32.45492371705964,""rotation"":0,""rectanglelabels"":[""D""],""original_width"":3491,""original_height"":2612},{""x"":33.41518968331882,""y"":33.4257975034674,""width"":32.06612923026559,""height"":32.45492371705965,""rotation"":0,""rectanglelabels"":[""E""],""original_width"":3491,""original_height"":2612},{""x"":66.00018831860488,""y"":33.42579750346741,""width"":33.31141580231473,""height"":32.31622746185853,""rotation"":0,""rectanglelabels"":[""F""],""original_width"":3491,""original_height"":2612},{""x"":0.10377388100409574,""y"":66.57420249653259,""width"":32.48122475428196,""height"":32.732316227461865,""rotation"":0,""rectanglelabels"":[""G""],""original_width"":3491,""original_height"":2612},{""x"":33.20764192131063,""y"":66.99029126213593,""width"":32.48122475428196,""height"":32.73231622746185,""rotation"":0,""rectanglelabels"":[""H""],""original_width"":3491,""original_height"":2612},{""x"":66.41528384262126,""y"":66.99029126213593,""width"":33.584716157378736,""height"":33.009708737864074,""rotation"":0,""rectanglelabels"":[""I""],""original_width"":3491,""original_height"":2612}]"
img2803,"LPBF single tracks of copper-coated diamond under varying laser power and scan speed. (a-c) Tracks produced at a scan speed of 250 mm/s with laser powers of 270 W, 320 W, and 370 W, respectively; (d-f) 375 mm/s; (g-i) 500 mm/s; (j-l) 625 mm/s; and (m-o) 750 mm/s.","Here, the high in-plane thermal conductivity of diamond drains heat energy from the copper shell; thus, compared to monolithic metals, higher instantaneous power (or lower speed) is required to attain a comparable molten cross-section, but only up to the threshold beyond which recoil-driven fluctuations and Cu-diamond interfacial reactions begin to degrade bead quality. Fig. 4 shows that the stable conduction window sits around 150–220 J/mm 3 . || Below 120 J/ mm 3 the melt pool under-develops and beads fragment; above 250 J/mm 3 local over-melting and surface darkening/contrast changes appear. Fig. 4 a-o traces these regime changes at speeds from 250 to 750 mm/s (top to bottom) and powers 270 to 370 W (left to right). Fig. 4 a shows smooth, continuous track with uniform bead width, shallow penetration, and good wetting revealing conduction mode. || Fig. 4 b crosses into the over-energy regime where the crown becomes more convex with occasional surface roughness consistent with recoil-pressure ripples and transient vaporisation. Fig. 4 c accentuates this behaviour, with broader beads and more pronounced darkening/contrast change, indicating that absorption outpaces heat sinking into the diamond and substrate. || At 144 J/mm 3 ( Fig. 4 d) approaches the lower bound of continuity where the bead is continuous but thinner, signalling reduced pool lifetime. || Track in Fig. 4 e sits near the centre of the stability window and shows the best compromise of continuity, symmetry, and wetting.",selected_images/img2803.jpg,"[{""x"":4.964956836646476,""y"":3.744798890429958,""width"":31.844205917801528,""height"":19.00138696255201,""rotation"":0,""rectanglelabels"":[""A""],""original_width"":2931,""original_height"":3618},{""x"":36.98036816260823,""y"":4.0221914008321775,""width"":31.33058969332086,""height"":18.307905686546466,""rotation"":0,""rectanglelabels"":[""B""],""original_width"":2931,""original_height"":3618},{""x"":68.48216326408931,""y"":3.744798890429958,""width"":30.988178877000422,""height"":19.140083217753123,""rotation"":0,""rectanglelabels"":[""C""],""original_width"":2931,""original_height"":3618},{""x"":5.6497784692873685,""y"":23.43966712898752,""width"":30.988178877000408,""height"":18.44660194174757,""rotation"":0,""rectanglelabels"":[""D""],""original_width"":2931,""original_height"":3618},{""x"":37.322778978928675,""y"":22.74618585298197,""width"":31.159384285160634,""height"":19.417475728155335,""rotation"":0,""rectanglelabels"":[""E""],""original_width"":2931,""original_height"":3618},{""x"":68.48216326408931,""y"":23.02357836338419,""width"":31.50179510148108,""height"":18.8626907073509,""rotation"":0,""rectanglelabels"":[""F""],""original_width"":2931,""original_height"":3618},{""x"":5.6497784692873685,""y"":42.44105409153953,""width"":30.64576806067997,""height"":18.585298196948678,""rotation"":0,""rectanglelabels"":[""G""],""original_width"":2931,""original_height"":3618},{""x"":36.809162754448,""y"":42.302357836338416,""width"":31.159384285160634,""height"":19.00138696255201,""rotation"":0,""rectanglelabels"":[""H""],""original_width"":2931,""original_height"":3618},{""x"":68.82457408040976,""y"":42.44105409153953,""width"":30.47456265251975,""height"":18.446601941747566,""rotation"":0,""rectanglelabels"":[""I""],""original_width"":2931,""original_height"":3618},{""x"":5.136162244806698,""y"":61.719833564493754,""width"":31.50179510148108,""height"":18.446601941747574,""rotation"":0,""rectanglelabels"":[""J""],""original_width"":2931,""original_height"":3618},{""x"":37.151573570768456,""y"":61.44244105409153,""width"":30.81697346884018,""height"":19.00138696255202,""rotation"":0,""rectanglelabels"":[""K""],""original_width"":2931,""original_height"":3618},{""x"":68.65336867224954,""y"":61.719833564493754,""width"":31.159384285160627,""height"":18.585298196948685,""rotation"":0,""rectanglelabels"":[""L""],""original_width"":2931,""original_height"":3618},{""x"":5.478573061127145,""y"":80.72122052704577,""width"":31.33058969332086,""height"":19.001386962552004,""rotation"":0,""rectanglelabels"":[""M""],""original_width"":2931,""original_height"":3618},{""x"":36.98036816260823,""y"":80.72122052704577,""width"":31.15938428516064,""height"":19.001386962552004,""rotation"":0,""rectanglelabels"":[""N""],""original_width"":2931,""original_height"":3618},{""x"":68.48216326408931,""y"":80.72122052704577,""width"":31.51783673591069,""height"":19.278779472954227,""rotation"":0,""rectanglelabels"":[""O""],""original_width"":2931,""original_height"":3618}]"
img2806,"Variation of melt-pool response and inclusion interaction with energy density for LPBF copper-coated diamond single tracks, (a–c) Diamond density, mean particle size, and bonding ratio, (d) relationship between diamond density and Exposed Carbonaceous Coverage (ECC), with colour bands denoting transition from high inclusion exposure (ECC > 0.30) to full encapsulation (ECC < 0.10).","Fig. 7 a-d shows how the Cu-diamond melt pool reorganises under increasing energy density. || Across all three laser powers, the quadratic trends show that diamond number density, mean particle size and bonding ratio rising with energy input (R 2 ≥ 0.96 in Fig. 7 a-c). || The co-evolution of these three quantities reveals transition from shallow, discontinuous beads to stable conduction-mode pools leading to carbon particles being mobilised and crowd into the solidification region represented by the dimensionless parameter Exposed Carbonaceous Coverage (ECC) revealed in Fig. 7 d expressed using Eq. (1) : (1) where is diamond density per 100 μm, is mean particle size and are mean track width and height. || This leads to rise in diamond density ( Fig. 7 a), and the particle size increases ( Fig. 7 b). || Thus, higher does not imply diamond loss; it yields better bonding ( Fig. 7 c) with increased surface carbonaceous exposure ( Fig. 7 d) due to convective concentration.",selected_images/img2806.jpg,"[{""x"":8.966915945517555e-16,""y"":1.1086831868656209e-15,""width"":48.3413044692189,""height"":49.79195561719833,""rotation"":0,""rectanglelabels"":[""A""],""original_width"":2757,""original_height"":2361},{""x"":51.66699617717503,""y"":0,""width"":48.33300382282497,""height"":49.51456310679612,""rotation"":0,""rectanglelabels"":[""B""],""original_width"":2757,""original_height"":2361},{""x"":0.23754940771114957,""y"":50.20804438280167,""width"":49.172727396207954,""height"":49.79195561719833,""rotation"":0,""rectanglelabels"":[""C""],""original_width"":2757,""original_height"":2361},{""x"":51.90454558488617,""y"":50.069348127600556,""width"":48.09545441511383,""height"":49.930651872399444,""rotation"":0,""rectanglelabels"":[""D""],""original_width"":2757,""original_height"":2361}]"
img2808,"LPBF multi-tracks of Cu coated diamond. (a-b) reveals 74–111 J/mm 3 incomplete melting. At 113–141 J/mm 3 (c-e), a uniform sub-micron polygonal lattice appears, (f-i) 143–184 J/mm 3 yield thicker ligaments and pore merging, while (j-l) 195–206 J/mm 3 cause over-melting featuring reflective skins. At 211–556 J/mm 3 (m–r) the lattice collapses, though 10–20% persists locally in (q–r). Extreme energies (>630 J/mm 3 , s–t) produce fully fused, reflective, and cracked surfaces.","The evolution proceeds through six distinct regimes, corresponding to the micrographs revealed in Fig. 9 a-t . || At 74–111 J/mm 3 ( Fig. 9 a-b), the surface exhibits incomplete melting characterised by partially fused droplets, discontinuous Cu wetting, and irregular melt pools. || A dramatic shift occurs between 113 and 141 J/mm 3 ( Fig. 9 c-e), where porosity abruptly increases to 63–68% revealing the onset of a self-organised sub-micron lattice. || As energy increases to 143–184 J/mm 3 ( Fig. 9 f-i), the lattice begins to coarsen and thicken. || At 195–206 J/mm 3 ( Fig. 9 j-l), over-melting dominates, yielding a sharp porosity drop to 37%.",selected_images/img2808.jpg,"[{""x"":0.25070664864200565,""y"":0.13869625520110956,""width"":19.889394125599114,""height"":24.965325936199722,""rotation"":0,""rectanglelabels"":[""A""],""original_width"":3555,""original_height"":2142},{""x"":20.14010077424112,""y"":0.13869625520110956,""width"":19.72225635983778,""height"":24.549237170596392,""rotation"":0,""rectanglelabels"":[""B""],""original_width"":3555,""original_height"":2142},{""x"":40.36377043136291,""y"":0.4160887656033287,""width"":19.30441194543443,""height"":23.994452149791954,""rotation"":0,""rectanglelabels"":[""C""],""original_width"":3555,""original_height"":2142},{""x"":60.08602679120069,""y"":0.5547850208044383,""width"":19.63868747695711,""height"":23.855755894590846,""rotation"":0,""rectanglelabels"":[""D""],""original_width"":3555,""original_height"":2142},{""x"":80.14255868256113,""y"":0.4160887656033287,""width"":19.638687476957116,""height"":24.271844660194173,""rotation"":0,""rectanglelabels"":[""E""],""original_width"":3555,""original_height"":2142},{""x"":0.25070664864200565,""y"":25.381414701803052,""width"":19.47154971119577,""height"":24.271844660194176,""rotation"":0,""rectanglelabels"":[""F""],""original_width"":3555,""original_height"":2142},{""x"":20.307238540002455,""y"":25.104022191400833,""width"":19.555118594076443,""height"":24.6879334257975,""rotation"":0,""rectanglelabels"":[""G""],""original_width"":3555,""original_height"":2142},{""x"":40.28020154848224,""y"":25.381414701803052,""width"":19.3879808283151,""height"":24.133148404993065,""rotation"":0,""rectanglelabels"":[""H""],""original_width"":3555,""original_height"":2142},{""x"":60.08602679120069,""y"":24.965325936199722,""width"":19.72225635983778,""height"":25.104022191400833,""rotation"":0,""rectanglelabels"":[""I""],""original_width"":3555,""original_height"":2142},{""x"":80.2261275654418,""y"":25.381414701803052,""width"":19.30441194543444,""height"":24.133148404993065,""rotation"":0,""rectanglelabels"":[""J""],""original_width"":3555,""original_height"":2142},{""x"":0.08356888288066854,""y"":50.48543689320388,""width"":19.638687476957106,""height"":24.133148404993065,""rotation"":0,""rectanglelabels"":[""K""],""original_width"":3555,""original_height"":2142},{""x"":20.05653189136045,""y"":50.069348127600556,""width"":19.72225635983778,""height"":24.41054091539528,""rotation"":0,""rectanglelabels"":[""L""],""original_width"":3555,""original_height"":2142},{""x"":40.19663266560157,""y"":50.34674063800277,""width"":19.63868747695711,""height"":24.271844660194176,""rotation"":0,""rectanglelabels"":[""M""],""original_width"":3555,""original_height"":2142},{""x"":60.08602679120069,""y"":50.20804438280167,""width"":19.55511859407644,""height"":24.27184466019417,""rotation"":0,""rectanglelabels"":[""N""],""original_width"":3555,""original_height"":2142},{""x"":80.05898979968048,""y"":50.48543689320388,""width"":19.941010200319525,""height"":23.994452149791954,""rotation"":0,""rectanglelabels"":[""O""],""original_width"":3555,""original_height"":2142},{""x"":0.16713776576133707,""y"":75.31206657420249,""width"":19.55511859407644,""height"":24.68793342579751,""rotation"":0,""rectanglelabels"":[""P""],""original_width"":3555,""original_height"":2142},{""x"":20.14010077424112,""y"":75.4507628294036,""width"":19.47154971119577,""height"":23.994452149791954,""rotation"":0,""rectanglelabels"":[""Q""],""original_width"":3555,""original_height"":2142},{""x"":40.28020154848224,""y"":75.03467406380028,""width"":19.47154971119577,""height"":24.96532593619972,""rotation"":0,""rectanglelabels"":[""R""],""original_width"":3555,""original_height"":2142},{""x"":60.08602679120069,""y"":75.4507628294036,""width"":19.972963008479788,""height"":24.5492371705964,""rotation"":0,""rectanglelabels"":[""S""],""original_width"":3555,""original_height"":2142},{""x"":80.14255868256113,""y"":75.4507628294036,""width"":19.85744131743887,""height"":24.5492371705964,""rotation"":0,""rectanglelabels"":[""T""],""original_width"":3555,""original_height"":2142}]"
